make,model,year,market,vehicle_kind,regulatory_category,body_type,drive_layout,powertrain,energy_carrier,engine_displacement_cc,power_kw,torque_nm,curb_mass_kg,gross_mass_kg,payload_kg,seats,length_mm,width_mm,height_mm,wheelbase_mm,track_width_mm,tyre_code,final_drive_ratio,gearbox_ratios,gear_count,transmission_type,top_speed_kmh,acceleration_0_100_s,fuel_city_l_100km,fuel_highway_l_100km,data_tier,source_file,source_url,quote,notes
Fiat,Palio 1.7 TD Weekend 70,,International,car,M1,Station wagon,FWD,ICE,Diesel,1698,51,134,1025,1620,595,5,4130,1625,1520,2425,1387.5,,3.77,3.91;2.24;1.44;1.03;0.8,5,manual,164,14.9,8.6,5.1,bosch,1Авто справочник Bosch 2е рус издание.md,,"Bosch Automotive Handbook, 2nd Russian edition, printed p. 934: Fiat Palio 1.7 TD Weekend 70; power 51 (69) 4500; torque 134 2500; curb/gross mass 1025/1620 kg; dimensions 4130 x 1625 x 1520 mm.","Table scope: representative passenger-car specifications current at 1999-03-01; source cited by the book as Automobil Revue Katalog 1999. Year is blank because the table date is not a model year. Payload is gross minus curb mass where both are reported; track width is the mean of the reported front/rear tracks. Fuel pairs are stored as highway/city in the source's extra-urban/city order; for DIN triples, highway stores the 90 km/h observation and city the third value. Source body code: 5 Ko 5."
Volkswagen,Gol 1.0,,International,car,M1,Sedan,FWD,ICE,Gasoline,998,51,92,915,1315,400,5,3810,1650,1410,2470,1385,,4.78,3.9;2.12;1.37;1.03;0.83,5,manual,161,14.3,7.8,6.6,bosch,1Авто справочник Bosch 2е рус издание.md,,"Bosch Automotive Handbook, 2nd Russian edition, printed p. 934: Volkswagen Gol 1.0; power 51 (69) 5750; torque 92 4500; curb/gross mass 915/1315 kg; dimensions 3810 x 1650 x 1410 mm.","Table scope: representative passenger-car specifications current at 1999-03-01; source cited by the book as Automobil Revue Katalog 1999. Year is blank because the table date is not a model year. Payload is gross minus curb mass where both are reported; track width is the mean of the reported front/rear tracks. Fuel pairs are stored as highway/city in the source's extra-urban/city order; for DIN triples, highway stores the 90 km/h observation and city the third value. Source body code: 5/3 Li 5."
Audi,A3 1.6,,International,car,M1,Sedan,FWD,ICE,Gasoline,1595,74,145,1090,1650,560,5,4150,1735,1425,2515,1505,,4.25,3.46;1.94;1.37;1.03;0.85,5,manual/automatic,188,11,10.5,5.9,bosch,1Авто справочник Bosch 2е рус издание.md,,"Bosch Automotive Handbook, 2nd Russian edition, printed p. 934: Audi A3 1.6; power 74 (101) 5600; torque 145 3800; curb/gross mass 1090/1650 kg; dimensions 4150 x 1735 x 1425 mm.","Table scope: representative passenger-car specifications current at 1999-03-01; source cited by the book as Automobil Revue Katalog 1999. Year is blank because the table date is not a model year. Payload is gross minus curb mass where both are reported; track width is the mean of the reported front/rear tracks. Fuel pairs are stored as highway/city in the source's extra-urban/city order; for DIN triples, highway stores the 90 km/h observation and city the third value. Source body code: 3/5 Li 5."
Audi,A3 1.9 TDi,,International,car,M1,Sedan,FWD,ICE,Diesel,1896,66,210,1185,1745,560,5,4150,1735,1425,2515,1505,,3.39,3.78;2.12;1.36;0.97;0.76,5,manual/automatic,181,12.4,6.5,4.1,bosch,1Авто справочник Bosch 2е рус издание.md,,"Bosch Automotive Handbook, 2nd Russian edition, printed p. 934: Audi A3 1.9 TDi; power 66 (90) 3750; torque 210 1900; curb/gross mass 1185/1745 kg; dimensions 4150 x 1735 x 1425 mm.","Table scope: representative passenger-car specifications current at 1999-03-01; source cited by the book as Automobil Revue Katalog 1999. Year is blank because the table date is not a model year. Payload is gross minus curb mass where both are reported; track width is the mean of the reported front/rear tracks. Fuel pairs are stored as highway/city in the source's extra-urban/city order; for DIN triples, highway stores the 90 km/h observation and city the third value. Source body code: 5/3 Li 5."
Audi,TT 1.8,,International,car,M1,Coupe,AWD,ICE,Gasoline,1781,165,280,1395,1765,370,4,4040,1765,1350,2430,1517.5,,4.2,3.42;2.11;1.43;1.09;0.87;0.72,6,manual,243,6.4,12.3,7.3,bosch,1Авто справочник Bosch 2е рус издание.md,,"Bosch Automotive Handbook, 2nd Russian edition, printed p. 934: Audi TT 1.8; power 165 (224) 5900; torque 280 2200; curb/gross mass 1395/1765 kg; dimensions 4040 x 1765 x 1350 mm.","Table scope: representative passenger-car specifications current at 1999-03-01; source cited by the book as Automobil Revue Katalog 1999. Year is blank because the table date is not a model year. Payload is gross minus curb mass where both are reported; track width is the mean of the reported front/rear tracks. Fuel pairs are stored as highway/city in the source's extra-urban/city order; for DIN triples, highway stores the 90 km/h observation and city the third value. Source body code: 3 Co 2+2."
Audi,A4 Avant 2.4,,International,car,M1,Station wagon,FWD,ICE,Gasoline,2393,121,230,1360,1930,570,5,4480,1735,1410,2620,1490,195/65R154Sb-ABS-EBV,3.89,3.5;1.94;1.3;0.94;0.79,5,manual/automatic,222,8.6,14.9,7.5,bosch,1Авто справочник Bosch 2е рус издание.md,,"Bosch Automotive Handbook, 2nd Russian edition, printed p. 935: Audi A4 Avant 2.4; power 121 (165) 6000; torque 230 3200; curb/gross mass 1360/1930 kg; dimensions 4480 x 1735 x 1410 mm.","Table scope: representative passenger-car specifications current at 1999-03-01; source cited by the book as Automobil Revue Katalog 1999. Year is blank because the table date is not a model year. Payload is gross minus curb mass where both are reported; track width is the mean of the reported front/rear tracks. Fuel pairs are stored as highway/city in the source's extra-urban/city order; for DIN triples, highway stores the 90 km/h observation and city the third value. Source body code: 5 Ko 5."
Audi,S4 Avant 2.7 Biturbo,,International,car,M1,Station wagon,AWD,ICE,Gasoline,2671,195,400,1540,2090,550,5,4485,1735,1400,2605,1495,225/45R174Sb-ABS-EBV,4.11,3.5;1.89;1.23;0.97;0.81;0.68,6,manual,250,5.7,15.8,8.7,bosch,1Авто справочник Bosch 2е рус издание.md,,"Bosch Automotive Handbook, 2nd Russian edition, printed p. 935: Audi S4 Avant 2.7 Biturbo; power 195 (265) 5800; torque 400 1850; curb/gross mass 1540/2090 kg; dimensions 4485 x 1735 x 1400 mm.","Table scope: representative passenger-car specifications current at 1999-03-01; source cited by the book as Automobil Revue Katalog 1999. Year is blank because the table date is not a model year. Payload is gross minus curb mass where both are reported; track width is the mean of the reported front/rear tracks. Fuel pairs are stored as highway/city in the source's extra-urban/city order; for DIN triples, highway stores the 90 km/h observation and city the third value. Source body code: 5 Ko 5."
Audi,A6 1.9 TDi,,International,car,M1,Sedan,FWD,ICE,Diesel,1896,81,235,1415,1995,580,5,4795,1810,1450,2760,1555,195/65VR154Sb-ABS-EBV,3.7,3.5;1.94;1.23;0.84;0.68,5,manual/automatic,194,12.6,7.5,4.6,bosch,1Авто справочник Bosch 2е рус издание.md,,"Bosch Automotive Handbook, 2nd Russian edition, printed p. 935: Audi A6 1.9 TDi; power 81 (110) 4150; torque 235 1900; curb/gross mass 1415/1995 kg; dimensions 4795 x 1810 x 1450 mm.","Table scope: representative passenger-car specifications current at 1999-03-01; source cited by the book as Automobil Revue Katalog 1999. Year is blank because the table date is not a model year. Payload is gross minus curb mass where both are reported; track width is the mean of the reported front/rear tracks. Fuel pairs are stored as highway/city in the source's extra-urban/city order; for DIN triples, highway stores the 90 km/h observation and city the third value. Source body code: 4 Li 5."
Audi,A6 4.2,,International,car,M1,Sedan,AWD,ICE,Gasoline,4172,220,400,1730,2310,580,5,4835,1850,1450,2760,1585,,2.91,3.57;2.2;1.51;1;0.8,5,automatic,250,6.9,19,9.5,bosch,1Авто справочник Bosch 2е рус издание.md,,"Bosch Automotive Handbook, 2nd Russian edition, printed p. 935: Audi A6 4.2; power 220 (300) 6200; torque 400 3000; curb/gross mass 1730/2310 kg; dimensions 4835 x 1850 x 1450 mm.","Table scope: representative passenger-car specifications current at 1999-03-01; source cited by the book as Automobil Revue Katalog 1999. Year is blank because the table date is not a model year. Payload is gross minus curb mass where both are reported; track width is the mean of the reported front/rear tracks. Fuel pairs are stored as highway/city in the source's extra-urban/city order; for DIN triples, highway stores the 90 km/h observation and city the third value. Source body code: 4 Li 5."
Audi,A8 3.7,,International,car,M1,Sedan,FWD,ICE,Gasoline,3697,191,350,1510,2110,600,5,5035,1880,1440,2880,1560,,3.09,3.67;2;1.41;1;0.74,5,automatic,250,8.1,16.9,8.4,bosch,1Авто справочник Bosch 2е рус издание.md,,"Bosch Automotive Handbook, 2nd Russian edition, printed p. 935: Audi A8 3.7; power 191 (260) 6000; torque 350 3250; curb/gross mass 1510/2110 kg; dimensions 5035 x 1880 x 1440 mm.","Table scope: representative passenger-car specifications current at 1999-03-01; source cited by the book as Automobil Revue Katalog 1999. Year is blank because the table date is not a model year. Payload is gross minus curb mass where both are reported; track width is the mean of the reported front/rear tracks. Fuel pairs are stored as highway/city in the source's extra-urban/city order; for DIN triples, highway stores the 90 km/h observation and city the third value. Source body code: 4 Li 5."
Audi,A8 2.5 TDi,,International,car,M1,Sedan,FWD,ICE,Diesel,2496,110,310,1595,2195,600,5,5035,1880,1440,2880,1590,,3.88,3.75;2.06;1.32;0.93;0.73;0.6,6,manual/automatic,220,9.9,10.2,5.5,bosch,1Авто справочник Bosch 2е рус издание.md,,"Bosch Automotive Handbook, 2nd Russian edition, printed p. 935: Audi A8 2.5 TDi; power 110 (150) 4000; torque 310 1500; curb/gross mass 1595/2195 kg; dimensions 5035 x 1880 x 1440 mm.","Table scope: representative passenger-car specifications current at 1999-03-01; source cited by the book as Automobil Revue Katalog 1999. Year is blank because the table date is not a model year. Payload is gross minus curb mass where both are reported; track width is the mean of the reported front/rear tracks. Fuel pairs are stored as highway/city in the source's extra-urban/city order; for DIN triples, highway stores the 90 km/h observation and city the third value. Source body code: 4 Li 5."
BMW,Z3 1.9,,International,car,M1,Roadster,RWD,ICE,Gasoline,1895,103,180,1200,1450,250,2,4025,1690,1290,2445,1417.5,,3.45,4.23;2.52;1.66;1.22;1,5,manual/automatic,205,9.5,11.4,6,bosch,1Авто справочник Bosch 2е рус издание.md,,"Bosch Automotive Handbook, 2nd Russian edition, printed p. 935: BMW Z3 1.9; power 103 (140) 6000; torque 180 4300; curb/gross mass 1200/1450 kg; dimensions 4025 x 1690 x 1290 mm.","Table scope: representative passenger-car specifications current at 1999-03-01; source cited by the book as Automobil Revue Katalog 1999. Year is blank because the table date is not a model year. Payload is gross minus curb mass where both are reported; track width is the mean of the reported front/rear tracks. Fuel pairs are stored as highway/city in the source's extra-urban/city order; for DIN triples, highway stores the 90 km/h observation and city the third value. Source body code: 2 Ro 2."
BMW,Z3 3.2,,International,car,M1,Coupe,RWD,ICE,Gasoline,3201,236,236,1390,1660,270,2,4025,1740,1280,2460,1455,195/65HR15,3.15,4.21;2.49;1.66;1.24;1,5,manual/automatic,250,5.4,16.6,7.9,bosch,1Авто справочник Bosch 2е рус издание.md,,"Bosch Automotive Handbook, 2nd Russian edition, printed p. 936: BMW Z3 3.2; power 236 (321); torque 236 7400; curb/gross mass 1390/1660 kg; dimensions 4025 x 1740 x 1280 mm.","Table scope: representative passenger-car specifications current at 1999-03-01; source cited by the book as Automobil Revue Katalog 1999. Year is blank because the table date is not a model year. Payload is gross minus curb mass where both are reported; track width is the mean of the reported front/rear tracks. Fuel pairs are stored as highway/city in the source's extra-urban/city order; for DIN triples, highway stores the 90 km/h observation and city the third value. Source body code: 3 Co 2."
BMW,316i Compact,,International,car,M1,Compact car,RWD,ICE,Gasoline,1895,77,165,1175,1635,460,5,4210,1700,1390,2700,1422.5,185/65HR15,3.23,4.23;2.52;1.66;1.22;1,5,manual,190,11.9,10.8,5.8,bosch,1Авто справочник Bosch 2е рус издание.md,,"Bosch Automotive Handbook, 2nd Russian edition, printed p. 936: BMW 316i Compact; power 77 (105); torque 165 2500; curb/gross mass 1175/1635 kg; dimensions 4210 x 1700 x 1390 mm.","Table scope: representative passenger-car specifications current at 1999-03-01; source cited by the book as Automobil Revue Katalog 1999. Year is blank because the table date is not a model year. Payload is gross minus curb mass where both are reported; track width is the mean of the reported front/rear tracks. Fuel pairs are stored as highway/city in the source's extra-urban/city order; for DIN triples, highway stores the 90 km/h observation and city the third value. Source body code: 3 Cp 5."
BMW,318tds Compact,,International,car,M1,Compact car,RWD,ICE,Diesel,1665,66,190,1215,1675,460,5,4210,1700,1390,2700,1422.5,185/60HR15,2.65,5.43;2.95;1.81;1.26;1,5,manual,175,13.9,8.5,4.9,bosch,1Авто справочник Bosch 2е рус издание.md,,"Bosch Automotive Handbook, 2nd Russian edition, printed p. 936: BMW 318tds Compact; power 66 (90); torque 190 2000; curb/gross mass 1215/1675 kg; dimensions 4210 x 1700 x 1390 mm.","Table scope: representative passenger-car specifications current at 1999-03-01; source cited by the book as Automobil Revue Katalog 1999. Year is blank because the table date is not a model year. Payload is gross minus curb mass where both are reported; track width is the mean of the reported front/rear tracks. Fuel pairs are stored as highway/city in the source's extra-urban/city order; for DIN triples, highway stores the 90 km/h observation and city the third value. Source body code: 3 Cp 5."
BMW,320d,,International,car,M1,Sedan,RWD,ICE,Diesel,1951,100,280,1375,1875,500,5,4470,1740,1420,2725,1485,195/65HR15,2.47,5.09;2.8;1.76;1.25;1,5,manual,207,9.9,7.4,4.7,bosch,1Авто справочник Bosch 2е рус издание.md,,"Bosch Automotive Handbook, 2nd Russian edition, printed p. 936: BMW 320d; power 100 (136); torque 280 1750; curb/gross mass 1375/1875 kg; dimensions 4470 x 1740 x 1420 mm.","Table scope: representative passenger-car specifications current at 1999-03-01; source cited by the book as Automobil Revue Katalog 1999. Year is blank because the table date is not a model year. Payload is gross minus curb mass where both are reported; track width is the mean of the reported front/rear tracks. Fuel pairs are stored as highway/city in the source's extra-urban/city order; for DIN triples, highway stores the 90 km/h observation and city the third value. Source body code: 4 Li 5."
BMW,323i Touring,,International,car,M1,Station wagon,RWD,ICE,Gasoline,2494,125,245,1365,1865,500,5,4430,1710,1390,2700,1420,205/60VR15,2.93,4.21;2.49;1.66;1.24;1,5,manual/automatic,223,8.3,15,7.3,bosch,1Авто справочник Bosch 2е рус издание.md,,"Bosch Automotive Handbook, 2nd Russian edition, printed p. 936: BMW 323i Touring; power 125 (170); torque 245 3950; curb/gross mass 1365/1865 kg; dimensions 4430 x 1710 x 1390 mm.","Table scope: representative passenger-car specifications current at 1999-03-01; source cited by the book as Automobil Revue Katalog 1999. Year is blank because the table date is not a model year. Payload is gross minus curb mass where both are reported; track width is the mean of the reported front/rear tracks. Fuel pairs are stored as highway/city in the source's extra-urban/city order; for DIN triples, highway stores the 90 km/h observation and city the third value. Source body code: 5 Ko 5."
BMW,328i,,International,car,M1,Convertible,RWD,ICE,Gasoline,2793,142,280,1430,1830,400,4,4435,1710,1350,2700,1415,,2.93,4.21;2.49;1.66;1.24;1,5,manual/automatic,230,7.7,13.5,6.8,bosch,1Авто справочник Bosch 2е рус издание.md,,"Bosch Automotive Handbook, 2nd Russian edition, printed p. 937: BMW 328i; power 142 (193) 5300; torque 280 3950; curb/gross mass 1430/1830 kg; dimensions 4435 x 1710 x 1350 mm.","Table scope: representative passenger-car specifications current at 1999-03-01; source cited by the book as Automobil Revue Katalog 1999. Year is blank because the table date is not a model year. Payload is gross minus curb mass where both are reported; track width is the mean of the reported front/rear tracks. Fuel pairs are stored as highway/city in the source's extra-urban/city order; for DIN triples, highway stores the 90 km/h observation and city the third value. Source body code: 2 Ca 4."
BMW,530d,,International,car,M1,Sedan,RWD,ICE,Diesel,2926,135,390,1575,2115,540,5,4775,1800,1430,2830,1517.5,,2.35,5.24;2.91;1.81;1.27;1,5,manual/automatic,225,8,9.8,5.7,bosch,1Авто справочник Bosch 2е рус издание.md,,"Bosch Automotive Handbook, 2nd Russian edition, printed p. 937: BMW 530d; power 135 (184) 4000; torque 390 1750; curb/gross mass 1575/2115 kg; dimensions 4775 x 1800 x 1430 mm.","Table scope: representative passenger-car specifications current at 1999-03-01; source cited by the book as Automobil Revue Katalog 1999. Year is blank because the table date is not a model year. Payload is gross minus curb mass where both are reported; track width is the mean of the reported front/rear tracks. Fuel pairs are stored as highway/city in the source's extra-urban/city order; for DIN triples, highway stores the 90 km/h observation and city the third value. Source body code: 4 Li 5."
BMW,740d,,International,car,M1,Sedan,RWD,ICE,Diesel,3901,175,560,1960,2495,535,5,4985,1860,1430,2930,1560,,2.65,3.55;2.24;1.55;1;0.79,5,automatic,242,6.4,14.6,7,bosch,1Авто справочник Bosch 2е рус издание.md,,"Bosch Automotive Handbook, 2nd Russian edition, printed p. 937: BMW 740d; power 175 (238) 4000; torque 560 1750; curb/gross mass 1960/2495 kg; dimensions 4985 x 1860 x 1430 mm.","Table scope: representative passenger-car specifications current at 1999-03-01; source cited by the book as Automobil Revue Katalog 1999. Year is blank because the table date is not a model year. Payload is gross minus curb mass where both are reported; track width is the mean of the reported front/rear tracks. Fuel pairs are stored as highway/city in the source's extra-urban/city order; for DIN triples, highway stores the 90 km/h observation and city the third value. Source body code: 4 Li 5."
BMW,840Ci,,International,car,M1,Coupe,RWD,ICE,Gasoline,4398,210,420,1780,2200,420,4,4780,1855,1340,2685,1557.5,,2.93,4.23;2.51;1.67;1.23;1;0.83,6,manual/automatic,250,6.6,19.2,9,bosch,1Авто справочник Bosch 2е рус издание.md,,"Bosch Automotive Handbook, 2nd Russian edition, printed p. 937: BMW 840Ci; power 210 (286) 5700; torque 420 3900; curb/gross mass 1780/2200 kg; dimensions 4780 x 1855 x 1340 mm.","Table scope: representative passenger-car specifications current at 1999-03-01; source cited by the book as Automobil Revue Katalog 1999. Year is blank because the table date is not a model year. Payload is gross minus curb mass where both are reported; track width is the mean of the reported front/rear tracks. Fuel pairs are stored as highway/city in the source's extra-urban/city order; for DIN triples, highway stores the 90 km/h observation and city the third value. Source body code: 2 Co 4."
Ford,Ka 1.3,,International,car,M1,Sedan,FWD,ICE,Gasoline,1299,44,103,890,1265,375,4,3620,1640,1400,2450,1402.5,,4.06,3.15;1.93;1.28;0.95;0.76,5,manual,155,15.4,8.8,5.5,bosch,1Авто справочник Bosch 2е рус издание.md,,"Bosch Automotive Handbook, 2nd Russian edition, printed p. 937: Ford Ka 1.3; power 44 (60) 5000; torque 103 2500; curb/gross mass 890/1265 kg; dimensions 3620 x 1640 x 1400 mm.","Table scope: representative passenger-car specifications current at 1999-03-01; source cited by the book as Automobil Revue Katalog 1999. Year is blank because the table date is not a model year. Payload is gross minus curb mass where both are reported; track width is the mean of the reported front/rear tracks. Fuel pairs are stored as highway/city in the source's extra-urban/city order; for DIN triples, highway stores the 90 km/h observation and city the third value. Source body code: 3 Li 4."
Ford,Puma 1.4,,International,car,M1,Coupe,FWD,ICE,Gasoline,1388,66,123,1035,1400,365,4,3985,1670,1350,2445,1430,,4.19,3.15;1.93;1.38;1.03;0.76,5,manual,180,11.9,9.5,5.9,bosch,1Авто справочник Bosch 2е рус издание.md,,"Bosch Automotive Handbook, 2nd Russian edition, printed p. 937: Ford Puma 1.4; power 66 (90) 5500; torque 123 4000; curb/gross mass 1035/1400 kg; dimensions 3985 x 1670 x 1350 mm.","Table scope: representative passenger-car specifications current at 1999-03-01; source cited by the book as Automobil Revue Katalog 1999. Year is blank because the table date is not a model year. Payload is gross minus curb mass where both are reported; track width is the mean of the reported front/rear tracks. Fuel pairs are stored as highway/city in the source's extra-urban/city order; for DIN triples, highway stores the 90 km/h observation and city the third value. Source body code: 3 Co 2+2."
Ford,Fiesta 1.8D,,International,car,M1,Sedan,FWD,ICE,Diesel,1753,44,105,1015,1510,495,5,3830,1635,1330,2445,1402.5,,3.84,3.58;1.93;1.28;0.95;0.76,5,manual,158,17.6,6.7,4.9,bosch,1Авто справочник Bosch 2е рус издание.md,,"Bosch Automotive Handbook, 2nd Russian edition, printed p. 937: Ford Fiesta 1.8D; power 44 (60) 4800; torque 105 2500; curb/gross mass 1015/1510 kg; dimensions 3830 x 1635 x 1330 mm.","Table scope: representative passenger-car specifications current at 1999-03-01; source cited by the book as Automobil Revue Katalog 1999. Year is blank because the table date is not a model year. Payload is gross minus curb mass where both are reported; track width is the mean of the reported front/rear tracks. Fuel pairs are stored as highway/city in the source's extra-urban/city order; for DIN triples, highway stores the 90 km/h observation and city the third value. Source body code: 5/3 Li 5."
Ford,Escort 1.6,,International,car,M1,Sedan,FWD,ICE,Gasoline,1597,66,138,1080,1625,545,5,4140,1700,1400,2525,1450,,3.82,1;2;3.58;1.91;3;4,5,manual,177,12.2,10.7,6.4,bosch,1Авто справочник Bosch 2е рус издание.md,,"Bosch Automotive Handbook, 2nd Russian edition, printed p. 938: Ford Escort 1.6; power 66 (90) 5250; torque 138 3500; curb/gross mass 1080/1625 kg; dimensions 4140 x 1700 x 1400 mm.","Table scope: representative passenger-car specifications current at 1999-03-01; source cited by the book as Automobil Revue Katalog 1999. Year is blank because the table date is not a model year. Payload is gross minus curb mass where both are reported; track width is the mean of the reported front/rear tracks. Fuel pairs are stored as highway/city in the source's extra-urban/city order; for DIN triples, highway stores the 90 km/h observation and city the third value. Source body code: 5 Li 5."
Ford,Focus 1.6,,International,car,M1,Sedan,FWD,ICE,Gasoline,1796,85,158,1125,1620,495,5,4150,1700,1480,2615,1490,,4.06,1;2;3.15;1.93;3;4,5,manual,198,10.2,10.3,6,bosch,1Авто справочник Bosch 2е рус издание.md,,"Bosch Automotive Handbook, 2nd Russian edition, printed p. 938: Ford Focus 1.6; power 85 (116) 5750; torque 158 3750; curb/gross mass 1125/1620 kg; dimensions 4150 x 1700 x 1480 mm.","Table scope: representative passenger-car specifications current at 1999-03-01; source cited by the book as Automobil Revue Katalog 1999. Year is blank because the table date is not a model year. Payload is gross minus curb mass where both are reported; track width is the mean of the reported front/rear tracks. Fuel pairs are stored as highway/city in the source's extra-urban/city order; for DIN triples, highway stores the 90 km/h observation and city the third value. Source body code: 5/3 Li 5."
Ford,Focus 1.8TD Sedan,,International,car,M1,Sedan,FWD,ICE,Diesel,1753,67,200,1205,1620,415,5,4360,1700,1480,2615,1490,,3.56,1;2;3.66;2.05;3;4,5,manual,184,12.6,6.7,4,bosch,1Авто справочник Bosch 2е рус издание.md,,"Bosch Automotive Handbook, 2nd Russian edition, printed p. 938: Ford Focus 1.8TD Sedan; power 67 (91) 4000; torque 200 2000; curb/gross mass 1205/1620 kg; dimensions 4360 x 1700 x 1480 mm.","Table scope: representative passenger-car specifications current at 1999-03-01; source cited by the book as Automobil Revue Katalog 1999. Year is blank because the table date is not a model year. Payload is gross minus curb mass where both are reported; track width is the mean of the reported front/rear tracks. Fuel pairs are stored as highway/city in the source's extra-urban/city order; for DIN triples, highway stores the 90 km/h observation and city the third value. Source body code: 4 Li 5."
Ford,Mondeo 2.0,,International,car,M1,Sedan,FWD,ICE,Gasoline,1988,96,178,1245,1815,570,5,4560,1750,1420,2705,1495,,3.84,1;2;3.42;2.14;3;4,5,manual/automatic,206,9.9,11.6,5.9,bosch,1Авто справочник Bosch 2е рус издание.md,,"Bosch Automotive Handbook, 2nd Russian edition, printed p. 938: Ford Mondeo 2.0; power 96 (131) 5600; torque 178 4000; curb/gross mass 1245/1815 kg; dimensions 4560 x 1750 x 1420 mm.","Table scope: representative passenger-car specifications current at 1999-03-01; source cited by the book as Automobil Revue Katalog 1999. Year is blank because the table date is not a model year. Payload is gross minus curb mass where both are reported; track width is the mean of the reported front/rear tracks. Fuel pairs are stored as highway/city in the source's extra-urban/city order; for DIN triples, highway stores the 90 km/h observation and city the third value. Source body code: 4/5 Li 5."
Ford,Cougar 2.5i,,International,car,M1,Coupe,FWD,ICE,Gasoline,2544,125,220,1390,1825,435,5,4700,1770,1320,2705,1497.5,,3.82,1;2;3.42;2.14;3;4,5,manual/automatic,225,8.1,13.4,7.3,bosch,1Авто справочник Bosch 2е рус издание.md,,"Bosch Automotive Handbook, 2nd Russian edition, printed p. 938: Ford Cougar 2.5i; power 125 (170) 6250; torque 220 4250; curb/gross mass 1390/1825 kg; dimensions 4700 x 1770 x 1320 mm.","Table scope: representative passenger-car specifications current at 1999-03-01; source cited by the book as Automobil Revue Katalog 1999. Year is blank because the table date is not a model year. Payload is gross minus curb mass where both are reported; track width is the mean of the reported front/rear tracks. Fuel pairs are stored as highway/city in the source's extra-urban/city order; for DIN triples, highway stores the 90 km/h observation and city the third value. Source body code: 3 Co 5."
Ford,Galaxy 1.9 TDI,,International,car,M1,MPV,FWD,ICE,Diesel,1896,81,235,1645,2400,755,,4620,1810,1730,2835,1512.5,,4.36,3.58;2.05;1.35;0.92;0.67,5,manual/automatic,172,10.8,8.7,5.4,bosch,1Авто справочник Bosch 2е рус издание.md,,"Bosch Automotive Handbook, 2nd Russian edition, printed p. 939: Ford Galaxy 1.9 TDI; power 81 (110) 4150; torque 235 1900; curb/gross mass 1645/2400 kg; dimensions 4620 x 1810 x 1730 mm.","Table scope: representative passenger-car specifications current at 1999-03-01; source cited by the book as Automobil Revue Katalog 1999. Year is blank because the table date is not a model year. Payload is gross minus curb mass where both are reported; track width is the mean of the reported front/rear tracks. Fuel pairs are stored as highway/city in the source's extra-urban/city order; for DIN triples, highway stores the 90 km/h observation and city the third value. Source body code: 5 Gli 5-8."
Mercedes-Benz,A 140,,International,car,M1,Sedan,FWD,ICE,Gasoline,1397,60,130,1020,1480,460,5,3575,1720,1580,2425,1477.5,,4.06,3.27;1.92;1.26;0.88;0.7,5,manual/automatic,170,12.9,9.8,5.6,bosch,1Авто справочник Bosch 2е рус издание.md,,"Bosch Automotive Handbook, 2nd Russian edition, printed p. 939: Mercedes-Benz A 140; power 60 (82) 5000; torque 130 3750; curb/gross mass 1020/1480 kg; dimensions 3575 x 1720 x 1580 mm.","Table scope: representative passenger-car specifications current at 1999-03-01; source cited by the book as Automobil Revue Katalog 1999. Year is blank because the table date is not a model year. Payload is gross minus curb mass where both are reported; track width is the mean of the reported front/rear tracks. Fuel pairs are stored as highway/city in the source's extra-urban/city order; for DIN triples, highway stores the 90 km/h observation and city the third value. Source body code: 5 Li 5."
Mercedes-Benz,A 160 CDI,,International,car,M1,Sedan,FWD,ICE,Diesel,1689,44,160,1070,1530,460,5,3575,1720,1580,2425,1497.5,,3.05,3.63;2.09;1.31;0.9;0.72,5,automatic,150,18.8,6,4.3,bosch,1Авто справочник Bosch 2е рус издание.md,,"Bosch Automotive Handbook, 2nd Russian edition, printed p. 939: Mercedes-Benz A 160 CDI; power 44 (60) 3600; torque 160 1500; curb/gross mass 1070/1530 kg; dimensions 3575 x 1720 x 1580 mm.","Table scope: representative passenger-car specifications current at 1999-03-01; source cited by the book as Automobil Revue Katalog 1999. Year is blank because the table date is not a model year. Payload is gross minus curb mass where both are reported; track width is the mean of the reported front/rear tracks. Fuel pairs are stored as highway/city in the source's extra-urban/city order; for DIN triples, highway stores the 90 km/h observation and city the third value. Source body code: 5 Li 5."
Mercedes-Benz,SLK 200,,International,car,M1,Roadster,RWD,ICE,Gasoline,1998,100,190,1195,1530,335,2,4000,1720,1290,2400,1480,,3.91,3.91;2.17;1.37;1;0.8,5,manual/automatic,208,9.3,12.9,6.9,bosch,1Авто справочник Bosch 2е рус издание.md,,"Bosch Automotive Handbook, 2nd Russian edition, printed p. 939: Mercedes-Benz SLK 200; power 100 (136) 5500; torque 190 3700; curb/gross mass 1195/1530 kg; dimensions 4000 x 1720 x 1290 mm.","Table scope: representative passenger-car specifications current at 1999-03-01; source cited by the book as Automobil Revue Katalog 1999. Year is blank because the table date is not a model year. Payload is gross minus curb mass where both are reported; track width is the mean of the reported front/rear tracks. Fuel pairs are stored as highway/city in the source's extra-urban/city order; for DIN triples, highway stores the 90 km/h observation and city the third value. Source body code: 2 Ro 2."
Mercedes-Benz,SLK 230 Kompressor,,International,car,M1,Roadster,RWD,ICE,Gasoline,2295,142,280,1250,1585,335,2,4000,1720,1290,2400,1480,,3.46,3.86;2.18;1.38;1;0.8,5,manual/automatic,231,7.7,13.3,7,bosch,1Авто справочник Bosch 2е рус издание.md,,"Bosch Automotive Handbook, 2nd Russian edition, printed p. 939: Mercedes-Benz SLK 230 Kompressor; power 142 (193) 5300; torque 280 2500; curb/gross mass 1250/1585 kg; dimensions 4000 x 1720 x 1290 mm.","Table scope: representative passenger-car specifications current at 1999-03-01; source cited by the book as Automobil Revue Katalog 1999. Year is blank because the table date is not a model year. Payload is gross minus curb mass where both are reported; track width is the mean of the reported front/rear tracks. Fuel pairs are stored as highway/city in the source's extra-urban/city order; for DIN triples, highway stores the 90 km/h observation and city the third value. Source body code: 2 Ro 2."
Mercedes-Benz,C-240 T,,International,car,M1,Station wagon,RWD,ICE,Gasoline,2398,125,225,1470,1970,500,5,4515,1725,1430,2690,1482.5,,3.67,3.86;2.18;1.38;1;0.8,5,manual/automatic,216,9.5,14.3,7.5,bosch,1Авто справочник Bosch 2е рус издание.md,,"Bosch Automotive Handbook, 2nd Russian edition, printed p. 939: Mercedes-Benz C-240 T; power 125 (170) 5900; torque 225 3000; curb/gross mass 1470/1970 kg; dimensions 4515 x 1725 x 1430 mm.","Table scope: representative passenger-car specifications current at 1999-03-01; source cited by the book as Automobil Revue Katalog 1999. Year is blank because the table date is not a model year. Payload is gross minus curb mass where both are reported; track width is the mean of the reported front/rear tracks. Fuel pairs are stored as highway/city in the source's extra-urban/city order; for DIN triples, highway stores the 90 km/h observation and city the third value. Source body code: 5 Ko 5."
Mercedes-Benz,C 220 CDI,,International,car,M1,Sedan,RWD,ICE,Diesel,2151,92,300,1340,1890,550,5,4515,1725,1430,2690,1482.5,,3.07,4.1;2.18;1.38;1;0.8,5,manual/automatic,198,10.5,8.2,5,bosch,1Авто справочник Bosch 2е рус издание.md,,"Bosch Automotive Handbook, 2nd Russian edition, printed p. 939: Mercedes-Benz C 220 CDI; power 92 (125) 4200; torque 300 1800; curb/gross mass 1340/1890 kg; dimensions 4515 x 1725 x 1430 mm.","Table scope: representative passenger-car specifications current at 1999-03-01; source cited by the book as Automobil Revue Katalog 1999. Year is blank because the table date is not a model year. Payload is gross minus curb mass where both are reported; track width is the mean of the reported front/rear tracks. Fuel pairs are stored as highway/city in the source's extra-urban/city order; for DIN triples, highway stores the 90 km/h observation and city the third value. Source body code: 4 Li 5."
Mercedes-Benz,CL 500,,International,car,M1,Coupe,RWD,ICE,Gasoline,4966,225,460,1790,2320,530,,4995,1855,1400,2885,1577.5,,2.82,1;2;3.59;2.19;3;4,5,automatic,250,6.5,,,bosch,1Авто справочник Bosch 2е рус издание.md,,"Bosch Automotive Handbook, 2nd Russian edition, printed p. 940: Mercedes-Benz CL 500; power 225 (306) 5600; torque 460 2700; curb/gross mass 1790/2320 kg; dimensions 4995 x 1855 x 1400 mm.","Table scope: representative passenger-car specifications current at 1999-03-01; source cited by the book as Automobil Revue Katalog 1999. Year is blank because the table date is not a model year. Payload is gross minus curb mass where both are reported; track width is the mean of the reported front/rear tracks. Fuel pairs are stored as highway/city in the source's extra-urban/city order; for DIN triples, highway stores the 90 km/h observation and city the third value. Source body code: 2 Co 4/5."
Mercedes-Benz,E 280 T 4matic,,International,car,M1,Station wagon,AWD,ICE,Gasoline,2799,150,270,1665,2290,625,,4820,1800,1440,2830,1540,,3.7,3.86;2.18;1.38;1;0.8,5,manual/automatic,220,9.9,16,8.4,bosch,1Авто справочник Bosch 2е рус издание.md,,"Bosch Automotive Handbook, 2nd Russian edition, printed p. 940: Mercedes-Benz E 280 T 4matic; power 150 (204) 5700; torque 270 3000; curb/gross mass 1665/2290 kg; dimensions 4820 x 1800 x 1440 mm.","Table scope: representative passenger-car specifications current at 1999-03-01; source cited by the book as Automobil Revue Katalog 1999. Year is blank because the table date is not a model year. Payload is gross minus curb mass where both are reported; track width is the mean of the reported front/rear tracks. Fuel pairs are stored as highway/city in the source's extra-urban/city order; for DIN triples, highway stores the 90 km/h observation and city the third value. Source body code: 5 Ko 5-7."
Mercedes-Benz,E 430,,International,car,M1,Sedan,RWD,ICE,Gasoline,4266,205,400,1575,2180,605,5,4800,1800,1440,2830,1540,,2.82,3.59;2.19;1.41;1;0.83,5,automatic,250,6.6,16.8,8.1,bosch,1Авто справочник Bosch 2е рус издание.md,,"Bosch Automotive Handbook, 2nd Russian edition, printed p. 940: Mercedes-Benz E 430; power 205 (279) 5750; torque 400 3000; curb/gross mass 1575/2180 kg; dimensions 4800 x 1800 x 1440 mm.","Table scope: representative passenger-car specifications current at 1999-03-01; source cited by the book as Automobil Revue Katalog 1999. Year is blank because the table date is not a model year. Payload is gross minus curb mass where both are reported; track width is the mean of the reported front/rear tracks. Fuel pairs are stored as highway/city in the source's extra-urban/city order; for DIN triples, highway stores the 90 km/h observation and city the third value. Source body code: 4 Li 5."
Mercedes-Benz,CLK 200 Kompressor,,International,car,M1,Coupe,RWD,ICE,Gasoline,1998,141,270,1320,1820,500,4,4565,1720,1370,2690,1490,,3.67,3.86;2.18;1.38;1;0.8,5,manual/automatic,233,8.4,13.6,7.2,bosch,1Авто справочник Bosch 2е рус издание.md,,"Bosch Automotive Handbook, 2nd Russian edition, printed p. 940: Mercedes-Benz CLK 200 Kompressor; power 141 (192) 5300; torque 270 2500; curb/gross mass 1320/1820 kg; dimensions 4565 x 1720 x 1370 mm.","Table scope: representative passenger-car specifications current at 1999-03-01; source cited by the book as Automobil Revue Katalog 1999. Year is blank because the table date is not a model year. Payload is gross minus curb mass where both are reported; track width is the mean of the reported front/rear tracks. Fuel pairs are stored as highway/city in the source's extra-urban/city order; for DIN triples, highway stores the 90 km/h observation and city the third value. Source body code: 2 Co 4."
Mercedes-Benz,S 320,,International,car,M1,Sedan,RWD,ICE,Gasoline,3199,165,315,1695,2300,605,5,5040,1855,1450,2965,1575,,3.07,3.93;2.41;1.49;1;0.83,5,automatic,240,8.2,17.1,8.2,bosch,1Авто справочник Bosch 2е рус издание.md,,"Bosch Automotive Handbook, 2nd Russian edition, printed p. 940: Mercedes-Benz S 320; power 165 (224) 3199; torque 315 3000; curb/gross mass 1695/2300 kg; dimensions 5040 x 1855 x 1450 mm.","Table scope: representative passenger-car specifications current at 1999-03-01; source cited by the book as Automobil Revue Katalog 1999. Year is blank because the table date is not a model year. Payload is gross minus curb mass where both are reported; track width is the mean of the reported front/rear tracks. Fuel pairs are stored as highway/city in the source's extra-urban/city order; for DIN triples, highway stores the 90 km/h observation and city the third value. Source body code: 4 Li 5."
Mercedes-Benz,SL 600,,International,car,M1,Roadster,RWD,ICE,Gasoline,5987,290,570,1980,2320,340,4,4500,1810,1290,2515,1530,,2.65,3.59;2.19;1.41;1;0.83,5,automatic,250,6.1,23.3,10.9,bosch,1Авто справочник Bosch 2е рус издание.md,,"Bosch Automotive Handbook, 2nd Russian edition, printed p. 941: Mercedes-Benz SL 600; power 290 (394) 5200; torque 570 3800; curb/gross mass 1980/2320 kg; dimensions 4500 x 1810 x 1290 mm.","Table scope: representative passenger-car specifications current at 1999-03-01; source cited by the book as Automobil Revue Katalog 1999. Year is blank because the table date is not a model year. Payload is gross minus curb mass where both are reported; track width is the mean of the reported front/rear tracks. Fuel pairs are stored as highway/city in the source's extra-urban/city order; for DIN triples, highway stores the 90 km/h observation and city the third value. Source body code: 2 Ro 2+2."
Mercedes-Benz,ML 230,,International,car,M1,SUV,AWD,ICE,Gasoline,2295,110,220,1855,2650,795,,4590,1830,1780,2820,1560,,4.73,3.86;2.18;1.38;1;0.8,5,manual,180,12.3,17.1,10,bosch,1Авто справочник Bosch 2е рус издание.md,,"Bosch Automotive Handbook, 2nd Russian edition, printed p. 941: Mercedes-Benz ML 230; power 110 (150) 5400; torque 220 3800; curb/gross mass 1855/2650 kg; dimensions 4590 x 1830 x 1780 mm.","Table scope: representative passenger-car specifications current at 1999-03-01; source cited by the book as Automobil Revue Katalog 1999. Year is blank because the table date is not a model year. Payload is gross minus curb mass where both are reported; track width is the mean of the reported front/rear tracks. Fuel pairs are stored as highway/city in the source's extra-urban/city order; for DIN triples, highway stores the 90 km/h observation and city the third value. Source body code: 5 Ge 5-7."
Opel,Corsa 1.0i,,International,car,M1,Sedan,FWD,ICE,Gasoline,973,40,82,865,1360,495,5,3740,1610,1420,2445,1387.5,,3.74,3.73;2.14;1.41;1.12;0.89,5,manual/automatic,150,18,7.4,4.6,bosch,1Авто справочник Bosch 2е рус издание.md,,"Bosch Automotive Handbook, 2nd Russian edition, printed p. 941: Opel Corsa 1.0i; power 40 (54) 5600; torque 82 2800; curb/gross mass 865/1360 kg; dimensions 3740 x 1610 x 1420 mm.","Table scope: representative passenger-car specifications current at 1999-03-01; source cited by the book as Automobil Revue Katalog 1999. Year is blank because the table date is not a model year. Payload is gross minus curb mass where both are reported; track width is the mean of the reported front/rear tracks. Fuel pairs are stored as highway/city in the source's extra-urban/city order; for DIN triples, highway stores the 90 km/h observation and city the third value. Source body code: 3/5 Li 5."
Opel,Corsa 1.6i,,International,car,M1,Sedan,FWD,ICE,Gasoline,1598,78,148,980,1435,455,5,3740,1610,1420,2445,1387.5,,3.74,3.73;2.14;1.41;1.12;0.89,5,manual/automatic,192,10.5,10.8,6.1,bosch,1Авто справочник Bosch 2е рус издание.md,,"Bosch Automotive Handbook, 2nd Russian edition, printed p. 941: Opel Corsa 1.6i; power 78 (106) 6000; torque 148 4000; curb/gross mass 980/1435 kg; dimensions 3740 x 1610 x 1420 mm.","Table scope: representative passenger-car specifications current at 1999-03-01; source cited by the book as Automobil Revue Katalog 1999. Year is blank because the table date is not a model year. Payload is gross minus curb mass where both are reported; track width is the mean of the reported front/rear tracks. Fuel pairs are stored as highway/city in the source's extra-urban/city order; for DIN triples, highway stores the 90 km/h observation and city the third value. Source body code: 3/5 Li 5."
Opel,Astra 1.2i,,International,car,M1,Sedan,FWD,ICE,Gasoline,1199,48,110,1035,1555,520,5,4111,1710,1430,2610,1472.5,,3.94,3.73;2.14;1.41;1.12;0.89,5,manual,165,16,8,5,bosch,1Авто справочник Bosch 2е рус издание.md,,"Bosch Automotive Handbook, 2nd Russian edition, printed p. 941: Opel Astra 1.2i; power 48 (65) 5600; torque 110 4000; curb/gross mass 1035/1555 kg; dimensions 4111 x 1710 x 1430 mm.","Table scope: representative passenger-car specifications current at 1999-03-01; source cited by the book as Automobil Revue Katalog 1999. Year is blank because the table date is not a model year. Payload is gross minus curb mass where both are reported; track width is the mean of the reported front/rear tracks. Fuel pairs are stored as highway/city in the source's extra-urban/city order; for DIN triples, highway stores the 90 km/h observation and city the third value. Source body code: 3/4/5 Li 5."
Opel,Astra 2.0i,,International,car,M1,Sedan,FWD,ICE,Gasoline,1998,100,188,1170,1695,525,5,4111,1710,1430,2610,1472.5,,3.74,3.58;2.14;1.48;1.12;0.89,5,manual/automatic,208,9,12,6.6,bosch,1Авто справочник Bosch 2е рус издание.md,,"Bosch Automotive Handbook, 2nd Russian edition, printed p. 941: Opel Astra 2.0i; power 100 (136) 5600; torque 188 3200; curb/gross mass 1170/1695 kg; dimensions 4111 x 1710 x 1430 mm.","Table scope: representative passenger-car specifications current at 1999-03-01; source cited by the book as Automobil Revue Katalog 1999. Year is blank because the table date is not a model year. Payload is gross minus curb mass where both are reported; track width is the mean of the reported front/rear tracks. Fuel pairs are stored as highway/city in the source's extra-urban/city order; for DIN triples, highway stores the 90 km/h observation and city the third value. Source body code: 3/4/5 Li 5."
Opel,Zafira 1.8i,,International,car,M1,MPV,FWD,ICE,Gasoline,1796,85,170,1320,2040,720,,4320,1740,1630,2690,1480,,4.19,3.73;2.14;1.41;1.12;0.89,5,manual/automatic,164,12,11.5,6.8,bosch,1Авто справочник Bosch 2е рус издание.md,,"Bosch Automotive Handbook, 2nd Russian edition, printed p. 941: Opel Zafira 1.8i; power 85 (116) 5400; torque 170 3400; curb/gross mass 1320/2040 kg; dimensions 4320 x 1740 x 1630 mm.","Table scope: representative passenger-car specifications current at 1999-03-01; source cited by the book as Automobil Revue Katalog 1999. Year is blank because the table date is not a model year. Payload is gross minus curb mass where both are reported; track width is the mean of the reported front/rear tracks. Fuel pairs are stored as highway/city in the source's extra-urban/city order; for DIN triples, highway stores the 90 km/h observation and city the third value. Source body code: 5 Gli 5-7."
Opel,Vectra 2.5i,,International,car,M1,Sedan,FWD,ICE,Gasoline,2498,125,230,1355,1850,495,5,4495,1710,1420,2635,1467.5,,3.84,1;2;3.58;2.02;3;4,5,manual/automatic,230,8.5,14.1,7.3,bosch,1Авто справочник Bosch 2е рус издание.md,,"Bosch Automotive Handbook, 2nd Russian edition, printed p. 942: Opel Vectra 2.5i; power 125 (170) 5800; torque 230 3200; curb/gross mass 1355/1850 kg; dimensions 4495 x 1710 x 1420 mm.","Table scope: representative passenger-car specifications current at 1999-03-01; source cited by the book as Automobil Revue Katalog 1999. Year is blank because the table date is not a model year. Payload is gross minus curb mass where both are reported; track width is the mean of the reported front/rear tracks. Fuel pairs are stored as highway/city in the source's extra-urban/city order; for DIN triples, highway stores the 90 km/h observation and city the third value. Source body code: 4/5 Li 5."
Opel,Omega 2.5 TD,,International,car,M1,Sedan,RWD,ICE,Diesel,2497,96,250,1550,2120,570,5,4785,1785,1450,2730,1522.5,,3.45,1;2;3.81;2.11;3;4,5,manual/automatic,200,12,10.9,6.1,bosch,1Авто справочник Bosch 2е рус издание.md,,"Bosch Automotive Handbook, 2nd Russian edition, printed p. 942: Opel Omega 2.5 TD; power 96 (131) 4500; torque 250 2200; curb/gross mass 1550/2120 kg; dimensions 4785 x 1785 x 1450 mm.","Table scope: representative passenger-car specifications current at 1999-03-01; source cited by the book as Automobil Revue Katalog 1999. Year is blank because the table date is not a model year. Payload is gross minus curb mass where both are reported; track width is the mean of the reported front/rear tracks. Fuel pairs are stored as highway/city in the source's extra-urban/city order; for DIN triples, highway stores the 90 km/h observation and city the third value. Source body code: 4 Li 5."
Opel,Sintra 2.2i,,International,car,M1,MPV,FWD,ICE,Gasoline,2198,104,260,1655,2345,690,,4670,1830,1780,2850,1585,,4.05,1;2;3.67;1.76;3;4,5,manual,183,12.7,12.5,8.1,bosch,1Авто справочник Bosch 2е рус издание.md,,"Bosch Automotive Handbook, 2nd Russian edition, printed p. 942: Opel Sintra 2.2i; power 104 (141) 5400; torque 260 2600; curb/gross mass 1655/2345 kg; dimensions 4670 x 1830 x 1780 mm.","Table scope: representative passenger-car specifications current at 1999-03-01; source cited by the book as Automobil Revue Katalog 1999. Year is blank because the table date is not a model year. Payload is gross minus curb mass where both are reported; track width is the mean of the reported front/rear tracks. Fuel pairs are stored as highway/city in the source's extra-urban/city order; for DIN triples, highway stores the 90 km/h observation and city the third value. Source body code: 5 Gli 5-8."
Opel,Frontera 3.2i,,International,car,M1,SUV,AWD,ICE,Gasoline,3165,151,290,1780,2450,670,5,4660,1785,1740,2700,1517.5,,4.3,1;2;3.77;2.25;3;4,5,manual/automatic,192,9.7,17,10.1,bosch,1Авто справочник Bosch 2е рус издание.md,,"Bosch Automotive Handbook, 2nd Russian edition, printed p. 942: Opel Frontera 3.2i; power 151 (205) 5400; torque 290 3000; curb/gross mass 1780/2450 kg; dimensions 4660 x 1785 x 1740 mm.","Table scope: representative passenger-car specifications current at 1999-03-01; source cited by the book as Automobil Revue Katalog 1999. Year is blank because the table date is not a model year. Payload is gross minus curb mass where both are reported; track width is the mean of the reported front/rear tracks. Fuel pairs are stored as highway/city in the source's extra-urban/city order; for DIN triples, highway stores the 90 km/h observation and city the third value. Source body code: 5/3 Ge 5."
Opel,Monterey 3.0 TD,,International,car,M1,SUV,AWD,ICE,Diesel,2999,117,333,1965,2730,765,5,4795,1835,1840,2760,1517.5,,4.56,1;2;3.77;2.25;3;4,5,manual,160,15.8,14,9,bosch,1Авто справочник Bosch 2е рус издание.md,,"Bosch Automotive Handbook, 2nd Russian edition, printed p. 942: Opel Monterey 3.0 TD; power 117 (159) 3900; torque 333 2000; curb/gross mass 1965/2730 kg; dimensions 4795 x 1835 x 1840 mm.","Table scope: representative passenger-car specifications current at 1999-03-01; source cited by the book as Automobil Revue Katalog 1999. Year is blank because the table date is not a model year. Payload is gross minus curb mass where both are reported; track width is the mean of the reported front/rear tracks. Fuel pairs are stored as highway/city in the source's extra-urban/city order; for DIN triples, highway stores the 90 km/h observation and city the third value. Source body code: 3/5 Ge 5."
Porsche,Boxster 2.5i,,International,car,M1,Convertible,RWD,ICE,Gasoline,2480,150,245,1250,1560,310,2,4315,1780,1290,2415,1495,,3.89,3.5;2.12;1.43;1.03;0.79,5,manual/automatic,240,6.9,14.3,7.1,bosch,1Авто справочник Bosch 2е рус издание.md,,"Bosch Automotive Handbook, 2nd Russian edition, printed p. 943: Porsche Boxster 2.5i; power 150 (204) 6000; torque 245 4500; curb/gross mass 1250/1560 kg; dimensions 4315 x 1780 x 1290 mm.","Table scope: representative passenger-car specifications current at 1999-03-01; source cited by the book as Automobil Revue Katalog 1999. Year is blank because the table date is not a model year. Payload is gross minus curb mass where both are reported; track width is the mean of the reported front/rear tracks. Fuel pairs are stored as highway/city in the source's extra-urban/city order; for DIN triples, highway stores the 90 km/h observation and city the third value. Source body code: 2 Ca 2."
Porsche,911 Carrera 3.4,,International,car,M1,Coupe,RWD,ICE,Gasoline,3387,221,350,1320,1720,400,4,4430,1765,1300,2350,1477.5,,3.44,3.82;2.2;1.52;1.22;1.02;0.84,6,manual/automatic,280,5.2,17.2,8.5,bosch,1Авто справочник Bosch 2е рус издание.md,,"Bosch Automotive Handbook, 2nd Russian edition, printed p. 943: Porsche 911 Carrera 3.4; power 221 (300) 6800; torque 350 4600; curb/gross mass 1320/1720 kg; dimensions 4430 x 1765 x 1300 mm.","Table scope: representative passenger-car specifications current at 1999-03-01; source cited by the book as Automobil Revue Katalog 1999. Year is blank because the table date is not a model year. Payload is gross minus curb mass where both are reported; track width is the mean of the reported front/rear tracks. Fuel pairs are stored as highway/city in the source's extra-urban/city order; for DIN triples, highway stores the 90 km/h observation and city the third value. Source body code: 2 Co/Ca 2+2."
Porsche,911 GT3 3.6,,International,car,M1,Coupe,RWD,ICE,Gasoline,3600,265,370,1320,1720,400,4,4430,1780,1270,2350,1472.5,,3.44,3.82;2.15;1.56;1.21;0.97;0.75,6,manual/automatic,280,4.8,22,10,bosch,1Авто справочник Bosch 2е рус издание.md,,"Bosch Automotive Handbook, 2nd Russian edition, printed p. 943: Porsche 911 GT3 3.6; power 265 (360) 6800; torque 370 5000; curb/gross mass 1320/1720 kg; dimensions 4430 x 1780 x 1270 mm.","Table scope: representative passenger-car specifications current at 1999-03-01; source cited by the book as Automobil Revue Katalog 1999. Year is blank because the table date is not a model year. Payload is gross minus curb mass where both are reported; track width is the mean of the reported front/rear tracks. Fuel pairs are stored as highway/city in the source's extra-urban/city order; for DIN triples, highway stores the 90 km/h observation and city the third value. Source body code: 2 Co/Ca 2+2."
Volkswagen,Lupo 1.0,,International,car,M1,Sedan,FWD,ICE,Gasoline,999,37,86,895,1350,455,,3525,1640,1460,2325,1395,,4.23,3.46;1.96;1.36;1.05;0.86,5,manual,152,17.9,7.6,4.8,bosch,1Авто справочник Bosch 2е рус издание.md,,"Bosch Automotive Handbook, 2nd Russian edition, printed p. 943: Volkswagen Lupo 1.0; power 37 (50) 5000; torque 86 3000; curb/gross mass 895/1350 kg; dimensions 3525 x 1640 x 1460 mm.","Table scope: representative passenger-car specifications current at 1999-03-01; source cited by the book as Automobil Revue Katalog 1999. Year is blank because the table date is not a model year. Payload is gross minus curb mass where both are reported; track width is the mean of the reported front/rear tracks. Fuel pairs are stored as highway/city in the source's extra-urban/city order; for DIN triples, highway stores the 90 km/h observation and city the third value. Source body code: 3 Li 4-5."
Volkswagen,Lupo 1.2 TDI,,International,car,M1,Sedan,FWD,ICE,Diesel,1196,45,140,780,1200,420,,3525,1640,1460,2325,1395,,3.33,3.46;1.96;1.82;0.81;0.64,5,manual,165,16.5,3.7,2.7,bosch,1Авто справочник Bosch 2е рус издание.md,,"Bosch Automotive Handbook, 2nd Russian edition, printed p. 943: Volkswagen Lupo 1.2 TDI; power 45 (61) 4000; torque 140 1800; curb/gross mass 780/1200 kg; dimensions 3525 x 1640 x 1460 mm.","Table scope: representative passenger-car specifications current at 1999-03-01; source cited by the book as Automobil Revue Katalog 1999. Year is blank because the table date is not a model year. Payload is gross minus curb mass where both are reported; track width is the mean of the reported front/rear tracks. Fuel pairs are stored as highway/city in the source's extra-urban/city order; for DIN triples, highway stores the 90 km/h observation and city the third value. Source body code: 3 Li 4-5."
Volkswagen,Polo 1.4,,International,car,M1,Sedan,FWD,ICE,Gasoline,1390,74,128,950,1450,500,5,3715,1655,1420,2405,1365,,3.88,3.45;2.1;1.45;1.1;0.89,5,manual,188,10.5,9.6,5.4,bosch,1Авто справочник Bosch 2е рус издание.md,,"Bosch Automotive Handbook, 2nd Russian edition, printed p. 943: Volkswagen Polo 1.4; power 74 (101) 6000; torque 128 4400; curb/gross mass 950/1450 kg; dimensions 3715 x 1655 x 1420 mm.","Table scope: representative passenger-car specifications current at 1999-03-01; source cited by the book as Automobil Revue Katalog 1999. Year is blank because the table date is not a model year. Payload is gross minus curb mass where both are reported; track width is the mean of the reported front/rear tracks. Fuel pairs are stored as highway/city in the source's extra-urban/city order; for DIN triples, highway stores the 90 km/h observation and city the third value. Source body code: 3/5 Li 5."
Volkswagen,Polo Variant 1.9 TDI,,International,car,M1,Station wagon,FWD,ICE,Diesel,1896,66,210,1135,1595,460,5,4140,1640,1460,2440,1410,,3.16,3.3;1.94;1.31;0.92;0.72,5,manual,180,12.5,6.4,4.1,bosch,1Авто справочник Bosch 2е рус издание.md,,"Bosch Automotive Handbook, 2nd Russian edition, printed p. 943: Volkswagen Polo Variant 1.9 TDI; power 66 (90) 4000; torque 210 1900; curb/gross mass 1135/1595 kg; dimensions 4140 x 1640 x 1460 mm.","Table scope: representative passenger-car specifications current at 1999-03-01; source cited by the book as Automobil Revue Katalog 1999. Year is blank because the table date is not a model year. Payload is gross minus curb mass where both are reported; track width is the mean of the reported front/rear tracks. Fuel pairs are stored as highway/city in the source's extra-urban/city order; for DIN triples, highway stores the 90 km/h observation and city the third value. Source body code: 5 Ko 5."
Volkswagen,New Beetle 2.0,,International,car,M1,Sedan,FWD,ICE,Gasoline,1984,85,170,1230,1650,420,4,4080,1725,1500,2510,1502.5,,4.24,,5,manual/automatic,185,10.9,11.8,6.9,bosch,1Авто справочник Bosch 2е рус издание.md,,"Bosch Automotive Handbook, 2nd Russian edition, printed p. 944: Volkswagen New Beetle 2.0; power 85 (116); torque 170; curb/gross mass 1230/1650 kg; dimensions 4080 x 1725 x 1500 mm.","Table scope: representative passenger-car specifications current at 1999-03-01; source cited by the book as Automobil Revue Katalog 1999. Year is blank because the table date is not a model year. Payload is gross minus curb mass where both are reported; track width is the mean of the reported front/rear tracks. Fuel pairs are stored as highway/city in the source's extra-urban/city order; for DIN triples, highway stores the 90 km/h observation and city the third value. Source body code: 2 Li 4."
Volkswagen,Golf IV 2.3 VR5,,International,car,M1,Sedan,FWD,ICE,Gasoline,2324,110,205,1245,1800,555,5,4150,1735,1440,2510,1500,,3.94,,5,manual/automatic,216,8.8,13.2,7.2,bosch,1Авто справочник Bosch 2е рус издание.md,,"Bosch Automotive Handbook, 2nd Russian edition, printed p. 944: Volkswagen Golf IV 2.3 VR5; power 110 (150); torque 205; curb/gross mass 1245/1800 kg; dimensions 4150 x 1735 x 1440 mm.","Table scope: representative passenger-car specifications current at 1999-03-01; source cited by the book as Automobil Revue Katalog 1999. Year is blank because the table date is not a model year. Payload is gross minus curb mass where both are reported; track width is the mean of the reported front/rear tracks. Fuel pairs are stored as highway/city in the source's extra-urban/city order; for DIN triples, highway stores the 90 km/h observation and city the third value. Source body code: 3/5 Li 5."
Volkswagen,Bora 1.6,,International,car,M1,Sedan,FWD,ICE,Gasoline,1595,74,145,1185,1720,535,5,4375,1735,1440,2515,1505,,4.25,,5,manual/automatic,188,11.7,10.6,6,bosch,1Авто справочник Bosch 2е рус издание.md,,"Bosch Automotive Handbook, 2nd Russian edition, printed p. 944: Volkswagen Bora 1.6; power 74 (101); torque 145; curb/gross mass 1185/1720 kg; dimensions 4375 x 1735 x 1440 mm.","Table scope: representative passenger-car specifications current at 1999-03-01; source cited by the book as Automobil Revue Katalog 1999. Year is blank because the table date is not a model year. Payload is gross minus curb mass where both are reported; track width is the mean of the reported front/rear tracks. Fuel pairs are stored as highway/city in the source's extra-urban/city order; for DIN triples, highway stores the 90 km/h observation and city the third value. Source body code: 4 Li 5."
Volkswagen,Passat Variant 2.8 Syncro VR6,,International,car,M1,Station wagon,AWD,ICE,Gasoline,2771,142,280,1495,2040,545,5,4675,1740,1500,2705,1500,,3.89,,5,manual/automatic,238,7.6,15.2,8,bosch,1Авто справочник Bosch 2е рус издание.md,,"Bosch Automotive Handbook, 2nd Russian edition, printed p. 944: Volkswagen Passat Variant 2.8 Syncro VR6; power 142 (193); torque 280; curb/gross mass 1495/2040 kg; dimensions 4675 x 1740 x 1500 mm.","Table scope: representative passenger-car specifications current at 1999-03-01; source cited by the book as Automobil Revue Katalog 1999. Year is blank because the table date is not a model year. Payload is gross minus curb mass where both are reported; track width is the mean of the reported front/rear tracks. Fuel pairs are stored as highway/city in the source's extra-urban/city order; for DIN triples, highway stores the 90 km/h observation and city the third value. Source body code: 5 Ko 5."
Volkswagen,Passat 1.9 TDI,,International,car,M1,Sedan,FWD,ICE,Diesel,1896,85,285,1320,1880,560,5,4675,1740,1460,2705,1500,,3.56,,5,manual/automatic,200,10.7,7,4.3,bosch,1Авто справочник Bosch 2е рус издание.md,,"Bosch Automotive Handbook, 2nd Russian edition, printed p. 944: Volkswagen Passat 1.9 TDI; power 85 (116); torque 285; curb/gross mass 1320/1880 kg; dimensions 4675 x 1740 x 1460 mm.","Table scope: representative passenger-car specifications current at 1999-03-01; source cited by the book as Automobil Revue Katalog 1999. Year is blank because the table date is not a model year. Payload is gross minus curb mass where both are reported; track width is the mean of the reported front/rear tracks. Fuel pairs are stored as highway/city in the source's extra-urban/city order; for DIN triples, highway stores the 90 km/h observation and city the third value. Source body code: 4 Li 5."
Volkswagen,Sharan 1.8,,International,car,M1,MPV,FWD,ICE,Gasoline,1781,110,210,1660,2400,740,,4620,1810,1730,2845,,,4.06,3.58;2.05;1.35;0.97;0.81,5,manual/automatic,194,12,13.9,7.9,bosch,1Авто справочник Bosch 2е рус издание.md,,"Bosch Automotive Handbook, 2nd Russian edition, printed p. 945: Volkswagen Sharan 1.8; power 110 (150) 5700; torque 210 1750; curb/gross mass 1660/2400 kg; dimensions 4620 x 1810 x 1730 mm.","Table scope: representative passenger-car specifications current at 1999-03-01; source cited by the book as Automobil Revue Katalog 1999. Year is blank because the table date is not a model year. Payload is gross minus curb mass where both are reported; track width is the mean of the reported front/rear tracks. Fuel pairs are stored as highway/city in the source's extra-urban/city order; for DIN triples, highway stores the 90 km/h observation and city the third value. Source body code: 5 Gli 5-7."
Citroën,Saxo 1.0i,,International,car,M1,Sedan,FWD,ICE,Gasoline,954,37,74,825,1240,415,5,3720,1595,1370,2385,,,4.29,3.42;1.81;1.28;0.98;0.77,5,manual,149,19.1,8.3,5.1,bosch,1Авто справочник Bosch 2е рус издание.md,,"Bosch Automotive Handbook, 2nd Russian edition, printed p. 945: Citroën Saxo 1.0i; power 37 (50) 6000; torque 74 3700; curb/gross mass 825/1240 kg; dimensions 3720 x 1595 x 1370 mm.","Table scope: representative passenger-car specifications current at 1999-03-01; source cited by the book as Automobil Revue Katalog 1999. Year is blank because the table date is not a model year. Payload is gross minus curb mass where both are reported; track width is the mean of the reported front/rear tracks. Fuel pairs are stored as highway/city in the source's extra-urban/city order; for DIN triples, highway stores the 90 km/h observation and city the third value. Source body code: 5/3 Li 5."
Citroën,Saxo 1.6i,,International,car,M1,Sedan,FWD,ICE,Gasoline,1587,66,137,920,1360,440,5,3740,1620,1360,2385,,,3.56,3.42;1.95;1.36;1.05;0.85,5,manual,187,11.4,9.9,5.8,bosch,1Авто справочник Bosch 2е рус издание.md,,"Bosch Automotive Handbook, 2nd Russian edition, printed p. 945: Citroën Saxo 1.6i; power 66 (90) 5600; torque 137 3000; curb/gross mass 920/1360 kg; dimensions 3740 x 1620 x 1360 mm.","Table scope: representative passenger-car specifications current at 1999-03-01; source cited by the book as Automobil Revue Katalog 1999. Year is blank because the table date is not a model year. Payload is gross minus curb mass where both are reported; track width is the mean of the reported front/rear tracks. Fuel pairs are stored as highway/city in the source's extra-urban/city order; for DIN triples, highway stores the 90 km/h observation and city the third value. Source body code: 3/5 Li 5."
Citroën,Berlingo 1.4i,,International,car,M1,Station wagon,FWD,ICE,Gasoline,1361,55,111,1125,1780,655,5,4110,1720,1800,2690,,,4.54,3.42;1.95;1.36;1.05;0.85,5,manual,150,14.6,9.2,5.9,bosch,1Авто справочник Bosch 2е рус издание.md,,"Bosch Automotive Handbook, 2nd Russian edition, printed p. 945: Citroën Berlingo 1.4i; power 55 (75) 5500; torque 111 3400; curb/gross mass 1125/1780 kg; dimensions 4110 x 1720 x 1800 mm.","Table scope: representative passenger-car specifications current at 1999-03-01; source cited by the book as Automobil Revue Katalog 1999. Year is blank because the table date is not a model year. Payload is gross minus curb mass where both are reported; track width is the mean of the reported front/rear tracks. Fuel pairs are stored as highway/city in the source's extra-urban/city order; for DIN triples, highway stores the 90 km/h observation and city the third value. Source body code: 3/4/5 Ko 5."
Citroën,Berlingo 1.9D,,International,car,M1,Station wagon,FWD,ICE,Diesel,1905,50,120,1185,1840,655,5,4110,1720,1800,2690,,,4.53,3.42;1.95;1.36;1.05;0.85,5,manual,142,16.3,8.6,5.4,bosch,1Авто справочник Bosch 2е рус издание.md,,"Bosch Automotive Handbook, 2nd Russian edition, printed p. 945: Citroën Berlingo 1.9D; power 50 (68) 4600; torque 120 2000; curb/gross mass 1185/1840 kg; dimensions 4110 x 1720 x 1800 mm.","Table scope: representative passenger-car specifications current at 1999-03-01; source cited by the book as Automobil Revue Katalog 1999. Year is blank because the table date is not a model year. Payload is gross minus curb mass where both are reported; track width is the mean of the reported front/rear tracks. Fuel pairs are stored as highway/city in the source's extra-urban/city order; for DIN triples, highway stores the 90 km/h observation and city the third value. Source body code: 3/4/5 Ko 5."
Citroën,Xsara 1.6i,,International,car,M1,Station wagon,FWD,ICE,Gasoline,1762,66,147,1120,1650,530,5,4355,1790,1420,2540,,,3.67,3.45;1.87;1.28;0.95;0.8,5,manual,182,13.5,11,6.2,bosch,1Авто справочник Bosch 2е рус издание.md,,"Bosch Automotive Handbook, 2nd Russian edition, printed p. 945: Citroën Xsara 1.6i; power 66 (90) 5000; torque 147 2600; curb/gross mass 1120/1650 kg; dimensions 4355 x 1790 x 1420 mm.","Table scope: representative passenger-car specifications current at 1999-03-01; source cited by the book as Automobil Revue Katalog 1999. Year is blank because the table date is not a model year. Payload is gross minus curb mass where both are reported; track width is the mean of the reported front/rear tracks. Fuel pairs are stored as highway/city in the source's extra-urban/city order; for DIN triples, highway stores the 90 km/h observation and city the third value. Source body code: 5 Ko 5."
Citroën,Xsara 1.9TD,,International,car,M1,Sedan,FWD,ICE,Gasoline,1905,66,196,1140,1690,550,5,4355,1790,1390,2540,,,4.05,3.45;1.87;1.15;0.83;0.66,5,manual,178,11.2,8.8,5.2,bosch,1Авто справочник Bosch 2е рус издание.md,,"Bosch Automotive Handbook, 2nd Russian edition, printed p. 945: Citroën Xsara 1.9TD; power 66 (90) 4000; torque 196 2200; curb/gross mass 1140/1690 kg; dimensions 4355 x 1790 x 1390 mm.","Table scope: representative passenger-car specifications current at 1999-03-01; source cited by the book as Automobil Revue Katalog 1999. Year is blank because the table date is not a model year. Payload is gross minus curb mass where both are reported; track width is the mean of the reported front/rear tracks. Fuel pairs are stored as highway/city in the source's extra-urban/city order; for DIN triples, highway stores the 90 km/h observation and city the third value. Source body code: 5/3 Li 5."
Citroën,Xsara Picasso 2.0 TDi,,International,car,M1,MPV,FWD,ICE,Diesel,1998,80,250,1300,,,5,4275,1750,1640,2760,1442.5,,,1;2,5,manual,180,12.5,8,5,bosch,1Авто справочник Bosch 2е рус издание.md,,"Bosch Automotive Handbook, 2nd Russian edition, printed p. 946: Citroën Xsara Picasso 2.0 TDi; power 80 (109) 4000; torque 250 1750; curb/gross mass 1300/- kg; dimensions 4275 x 1750 x 1640 mm.","Table scope: representative passenger-car specifications current at 1999-03-01; source cited by the book as Automobil Revue Katalog 1999. Year is blank because the table date is not a model year. Payload is gross minus curb mass where both are reported; track width is the mean of the reported front/rear tracks. Fuel pairs are stored as highway/city in the source's extra-urban/city order; for DIN triples, highway stores the 90 km/h observation and city the third value. Source body code: 5 Gli 5."
Citroën,Xantia 2.9i,,International,car,M1,Sedan,FWD,ICE,Gasoline,2946,143,273,1470,1950,480,5,4525,1755,1400,2740,1477.5,,4.31,3.25;1.78;1.19;0.88;0.7,5,manual/automatic,230,8.2,15.9,8,bosch,1Авто справочник Bosch 2е рус издание.md,,"Bosch Automotive Handbook, 2nd Russian edition, printed p. 946: Citroën Xantia 2.9i; power 143 (194) 5500; torque 273 4000; curb/gross mass 1470/1950 kg; dimensions 4525 x 1755 x 1400 mm.","Table scope: representative passenger-car specifications current at 1999-03-01; source cited by the book as Automobil Revue Katalog 1999. Year is blank because the table date is not a model year. Payload is gross minus curb mass where both are reported; track width is the mean of the reported front/rear tracks. Fuel pairs are stored as highway/city in the source's extra-urban/city order; for DIN triples, highway stores the 90 km/h observation and city the third value. Source body code: 5 Li 5."
Citroën,XM 2.5TD,,International,car,M1,Sedan,FWD,ICE,Diesel,2446,96,294,1580,2130,550,5,4710,1795,1390,2850,1482.5,,4.06,3.42;1.86;1.18;0.86;0.64,5,manual/automatic,201,12.1,10.9,5.9,bosch,1Авто справочник Bosch 2е рус издание.md,,"Bosch Automotive Handbook, 2nd Russian edition, printed p. 946: Citroën XM 2.5TD; power 96 (130) 4300; torque 294 2000; curb/gross mass 1580/2130 kg; dimensions 4710 x 1795 x 1390 mm.","Table scope: representative passenger-car specifications current at 1999-03-01; source cited by the book as Automobil Revue Katalog 1999. Year is blank because the table date is not a model year. Payload is gross minus curb mass where both are reported; track width is the mean of the reported front/rear tracks. Fuel pairs are stored as highway/city in the source's extra-urban/city order; for DIN triples, highway stores the 90 km/h observation and city the third value. Source body code: 5 Li 5."
Citroën,Evasion 1.9TD,,International,car,M1,MPV,FWD,ICE,Diesel,1905,66,196,1565,2360,795,8,4455,1820,1710,2825,1537.5,,4.54,3.42;1.94;1.25;0.75;0.67,5,manual,160,16.8,10.6,6.7,bosch,1Авто справочник Bosch 2е рус издание.md,,"Bosch Automotive Handbook, 2nd Russian edition, printed p. 946: Citroën Evasion 1.9TD; power 66 (90) 4000; torque 196 2250; curb/gross mass 1565/2360 kg; dimensions 4455 x 1820 x 1710 mm.","Table scope: representative passenger-car specifications current at 1999-03-01; source cited by the book as Automobil Revue Katalog 1999. Year is blank because the table date is not a model year. Payload is gross minus curb mass where both are reported; track width is the mean of the reported front/rear tracks. Fuel pairs are stored as highway/city in the source's extra-urban/city order; for DIN triples, highway stores the 90 km/h observation and city the third value. Source body code: 5 Gli 5+3."
Smart,0.6,,International,car,M1,Microcar,RWD,ICE,Gasoline,599,33,70,720,980,260,2,2500,1515,1529,1812,1320,,4.21,3.38;2.45;1.76,2,manual,135,18.9,7,4.8,bosch,1Авто справочник Bosch 2е рус издание.md,,"Bosch Automotive Handbook, 2nd Russian edition, printed p. 946: Smart 0.6; power 33 (45) 5250; torque 70 3000; curb/gross mass 720/980 kg; dimensions 2500 x 1515 x 1529 mm.","Table scope: representative passenger-car specifications current at 1999-03-01; source cited by the book as Automobil Revue Katalog 1999. Year is blank because the table date is not a model year. Payload is gross minus curb mass where both are reported; track width is the mean of the reported front/rear tracks. Fuel pairs are stored as highway/city in the source's extra-urban/city order; for DIN triples, highway stores the 90 km/h observation and city the third value. Source body code: 2 Mc 2."
Smart,0.8 TD,,International,car,M1,Microcar,RWD,ICE,Diesel,800,30,100,720,980,260,2,2500,1515,1529,1812,1320,,4.21,3.38;2.45;1.76,2,manual,135,17.5,5.5,3.4,bosch,1Авто справочник Bosch 2е рус издание.md,,"Bosch Automotive Handbook, 2nd Russian edition, printed p. 947: Smart 0.8 TD; power 30 (40) 4000; torque 100 2000; curb/gross mass 720/980 kg; dimensions 2500 x 1515 x 1529 mm.","Table scope: representative passenger-car specifications current at 1999-03-01; source cited by the book as Automobil Revue Katalog 1999. Year is blank because the table date is not a model year. Payload is gross minus curb mass where both are reported; track width is the mean of the reported front/rear tracks. Fuel pairs are stored as highway/city in the source's extra-urban/city order; for DIN triples, highway stores the 90 km/h observation and city the third value. Source body code: 2 Mc 2."
Peugeot,106 1.4i,,International,car,M1,Sedan,FWD,ICE,Gasoline,1361,55,111,815,1315,500,5,3680,1590,1380,2385,1345,,3.76,3.42;1.8;1.28;0.98;0.77,5,manual/automatic,178,13.2,9.4,5.4,bosch,1Авто справочник Bosch 2е рус издание.md,,"Bosch Automotive Handbook, 2nd Russian edition, printed p. 947: Peugeot 106 1.4i; power 55 (75) 5500; torque 111 3400; curb/gross mass 815/1315 kg; dimensions 3680 x 1590 x 1380 mm.","Table scope: representative passenger-car specifications current at 1999-03-01; source cited by the book as Automobil Revue Katalog 1999. Year is blank because the table date is not a model year. Payload is gross minus curb mass where both are reported; track width is the mean of the reported front/rear tracks. Fuel pairs are stored as highway/city in the source's extra-urban/city order; for DIN triples, highway stores the 90 km/h observation and city the third value. Source body code: 3/5 Li 5."
Peugeot,206 2.0i,,International,car,M1,Sedan,FWD,ICE,Gasoline,1997,99,190,1050,1560,510,5,3835,1650,1430,2440,1432.5,,3.79,3.46;1.87;1.36;1.05;0.86,5,manual,210,8.4,10.9,6.2,bosch,1Авто справочник Bosch 2е рус издание.md,,"Bosch Automotive Handbook, 2nd Russian edition, printed p. 947: Peugeot 206 2.0i; power 99 (135) 6000; torque 190 4100; curb/gross mass 1050/1560 kg; dimensions 3835 x 1650 x 1430 mm.","Table scope: representative passenger-car specifications current at 1999-03-01; source cited by the book as Automobil Revue Katalog 1999. Year is blank because the table date is not a model year. Payload is gross minus curb mass where both are reported; track width is the mean of the reported front/rear tracks. Fuel pairs are stored as highway/city in the source's extra-urban/city order; for DIN triples, highway stores the 90 km/h observation and city the third value. Source body code: 3/5 Li 5."
Peugeot,306 1.8i,,International,car,M1,Sedan,FWD,ICE,Gasoline,1762,81,155,1095,1560,465,5,4265,1690,1380,2580,1445,,3.95,3.46;1.87;1.36;1.05;0.79,5,manual,193,11.6,12,6.3,bosch,1Авто справочник Bosch 2е рус издание.md,,"Bosch Automotive Handbook, 2nd Russian edition, printed p. 947: Peugeot 306 1.8i; power 81 (110) 5500; torque 155 4250; curb/gross mass 1095/1560 kg; dimensions 4265 x 1690 x 1380 mm.","Table scope: representative passenger-car specifications current at 1999-03-01; source cited by the book as Automobil Revue Katalog 1999. Year is blank because the table date is not a model year. Payload is gross minus curb mass where both are reported; track width is the mean of the reported front/rear tracks. Fuel pairs are stored as highway/city in the source's extra-urban/city order; for DIN triples, highway stores the 90 km/h observation and city the third value. Source body code: 4/3/5 Li 5."
Peugeot,306 Break 2.0 TDI,,International,car,M1,Station wagon,FWD,ICE,Diesel,1997,66,205,1200,1655,455,5,4345,1690,1410,2580,1445,,3.68,3.46;1.87;1.15;0.83;0.66,5,manual,181,13.2,7.2,4.4,bosch,1Авто справочник Bosch 2е рус издание.md,,"Bosch Automotive Handbook, 2nd Russian edition, printed p. 947: Peugeot 306 Break 2.0 TDI; power 66 (90) 4000; torque 205 1900; curb/gross mass 1200/1655 kg; dimensions 4345 x 1690 x 1410 mm.","Table scope: representative passenger-car specifications current at 1999-03-01; source cited by the book as Automobil Revue Katalog 1999. Year is blank because the table date is not a model year. Payload is gross minus curb mass where both are reported; track width is the mean of the reported front/rear tracks. Fuel pairs are stored as highway/city in the source's extra-urban/city order; for DIN triples, highway stores the 90 km/h observation and city the third value. Source body code: 5 Ko 5."
Peugeot,Partner 1.8i,,International,car,M1,Station wagon,FWD,ICE,Gasoline,1762,66,147,1170,1780,610,5,4110,1720,1800,2690,1430,,4.54,3.42;1.95;1.36;1.05;0.85,5,manual,160,12.2,11.9,7.1,bosch,1Авто справочник Bosch 2е рус издание.md,,"Bosch Automotive Handbook, 2nd Russian edition, printed p. 947: Peugeot Partner 1.8i; power 66 (90) 5000; torque 147 2600; curb/gross mass 1170/1780 kg; dimensions 4110 x 1720 x 1800 mm.","Table scope: representative passenger-car specifications current at 1999-03-01; source cited by the book as Automobil Revue Katalog 1999. Year is blank because the table date is not a model year. Payload is gross minus curb mass where both are reported; track width is the mean of the reported front/rear tracks. Fuel pairs are stored as highway/city in the source's extra-urban/city order; for DIN triples, highway stores the 90 km/h observation and city the third value. Source body code: 3/4/5 Ko 5."
Peugeot,406 Break 2.9i,,International,car,M1,Station wagon,FWD,ICE,Gasoline,2946,140,267,1505,2175,670,5,4735,1765,1500,2700,1490,,4.31,3.25;1.78;1.19;0.88;0.7,5,manual/automatic,227,8.5,15.9,8,bosch,1Авто справочник Bosch 2е рус издание.md,,"Bosch Automotive Handbook, 2nd Russian edition, printed p. 947: Peugeot 406 Break 2.9i; power 140 (190) 5500; torque 267 4000; curb/gross mass 1505/2175 kg; dimensions 4735 x 1765 x 1500 mm.","Table scope: representative passenger-car specifications current at 1999-03-01; source cited by the book as Automobil Revue Katalog 1999. Year is blank because the table date is not a model year. Payload is gross minus curb mass where both are reported; track width is the mean of the reported front/rear tracks. Fuel pairs are stored as highway/city in the source's extra-urban/city order; for DIN triples, highway stores the 90 km/h observation and city the third value. Source body code: 5 Ko 5."
Peugeot,406 2.0 TDi,,International,car,M1,Sedan,FWD,ICE,Diesel,1997,80,250,1410,1950,540,5,4600,1765,1400,2700,1490,,4.06,1;2;3.42;1.78;3;4,5,manual/automatic,191,12.5,7.3,4.5,bosch,1Авто справочник Bosch 2е рус издание.md,,"Bosch Automotive Handbook, 2nd Russian edition, printed p. 948: Peugeot 406 2.0 TDi; power 80 (109) 4000; torque 250 1750; curb/gross mass 1410/1950 kg; dimensions 4600 x 1765 x 1400 mm.","Table scope: representative passenger-car specifications current at 1999-03-01; source cited by the book as Automobil Revue Katalog 1999. Year is blank because the table date is not a model year. Payload is gross minus curb mass where both are reported; track width is the mean of the reported front/rear tracks. Fuel pairs are stored as highway/city in the source's extra-urban/city order; for DIN triples, highway stores the 90 km/h observation and city the third value. Source body code: 4 Li 5."
Peugeot,605 2.0i Turbo,,International,car,M1,Sedan,FWD,ICE,Gasoline,1998,108,235,1515,1935,420,5,4765,1800,1410,2800,1527.5,,4.06,1;2;3.17;1.82;3;4,5,manual/automatic,213,10,14.5,8,bosch,1Авто справочник Bosch 2е рус издание.md,,"Bosch Automotive Handbook, 2nd Russian edition, printed p. 948: Peugeot 605 2.0i Turbo; power 108 (147) 5300; torque 235 2500; curb/gross mass 1515/1935 kg; dimensions 4765 x 1800 x 1410 mm.","Table scope: representative passenger-car specifications current at 1999-03-01; source cited by the book as Automobil Revue Katalog 1999. Year is blank because the table date is not a model year. Payload is gross minus curb mass where both are reported; track width is the mean of the reported front/rear tracks. Fuel pairs are stored as highway/city in the source's extra-urban/city order; for DIN triples, highway stores the 90 km/h observation and city the third value. Source body code: 4 Li 5."
Peugeot,806 2.1 TD,,International,car,M1,Sedan,FWD,ICE,Diesel,2088,80,250,1615,2385,770,,4455,1835,1710,2825,1537.5,,4.79,1;2;3.42;1.78;3;4,5,manual,175,14.1,9,6.1,bosch,1Авто справочник Bosch 2е рус издание.md,,"Bosch Automotive Handbook, 2nd Russian edition, printed p. 948: Peugeot 806 2.1 TD; power 80 (109) 4300; torque 250 2000; curb/gross mass 1615/2385 kg; dimensions 4455 x 1835 x 1710 mm.","Table scope: representative passenger-car specifications current at 1999-03-01; source cited by the book as Automobil Revue Katalog 1999. Year is blank because the table date is not a model year. Payload is gross minus curb mass where both are reported; track width is the mean of the reported front/rear tracks. Fuel pairs are stored as highway/city in the source's extra-urban/city order; for DIN triples, highway stores the 90 km/h observation and city the third value. Source body code: 5 Li 5-8."
Renault,Kangoo 1.1i,,International,car,M1,Station wagon,FWD,ICE,Gasoline,1149,43,93,1020,1600,580,5,3995,1660,1830,2600,1405,,4.21,1;2;3.72;2.05;3;4,5,manual,140,17.2,8.3,6.1,bosch,1Авто справочник Bosch 2е рус издание.md,,"Bosch Automotive Handbook, 2nd Russian edition, printed p. 948: Renault Kangoo 1.1i; power 43 (58) 5250; torque 93 2500; curb/gross mass 1020/1600 kg; dimensions 3995 x 1660 x 1830 mm.","Table scope: representative passenger-car specifications current at 1999-03-01; source cited by the book as Automobil Revue Katalog 1999. Year is blank because the table date is not a model year. Payload is gross minus curb mass where both are reported; track width is the mean of the reported front/rear tracks. Fuel pairs are stored as highway/city in the source's extra-urban/city order; for DIN triples, highway stores the 90 km/h observation and city the third value. Source body code: 4 Ko 5."
Renault,Clio 1.6i,,International,car,M1,Sedan,FWD,ICE,Gasoline,1598,79,148,995,1515,520,5,3775,1640,1420,2470,1380,,4.07,1;2;3.36;1.86;3;4,5,manual,195,9.6,9.4,6,bosch,1Авто справочник Bosch 2е рус издание.md,,"Bosch Automotive Handbook, 2nd Russian edition, printed p. 948: Renault Clio 1.6i; power 79 (107) 5750; torque 148 3750; curb/gross mass 995/1515 kg; dimensions 3775 x 1640 x 1420 mm.","Table scope: representative passenger-car specifications current at 1999-03-01; source cited by the book as Automobil Revue Katalog 1999. Year is blank because the table date is not a model year. Payload is gross minus curb mass where both are reported; track width is the mean of the reported front/rear tracks. Fuel pairs are stored as highway/city in the source's extra-urban/city order; for DIN triples, highway stores the 90 km/h observation and city the third value. Source body code: 3/5 Li 5."
Renault,Clio 1.9 D,,International,car,M1,Sedan,FWD,ICE,Diesel,1870,47,120,975,1550,575,5,3775,1640,1420,2470,1395,,3.57,3.36;1.86;1.32;1.03;0.79,5,manual,161,15.4,7.9,4.9,bosch,1Авто справочник Bosch 2е рус издание.md,,"Bosch Automotive Handbook, 2nd Russian edition, printed p. 949: Renault Clio 1.9 D; power 47 (64) 4500; torque 120 2250; curb/gross mass 975/1550 kg; dimensions 3775 x 1640 x 1420 mm.","Table scope: representative passenger-car specifications current at 1999-03-01; source cited by the book as Automobil Revue Katalog 1999. Year is blank because the table date is not a model year. Payload is gross minus curb mass where both are reported; track width is the mean of the reported front/rear tracks. Fuel pairs are stored as highway/city in the source's extra-urban/city order; for DIN triples, highway stores the 90 km/h observation and city the third value. Source body code: 5/3 Li 5."
Renault,Sport Spider,,International,car,M1,Roadster,,ICE,Gasoline,1998,110,186,930,1130,200,2,3795,1830,1250,2340,1537.5,,4.06,3.36;1.86;1.39;1.09;0.89,5,manual,215,6.9,9.7,7.4,bosch,1Авто справочник Bosch 2е рус издание.md,,"Bosch Automotive Handbook, 2nd Russian edition, printed p. 949: Renault Sport Spider; power 110 (150) 6000; torque 186 4500; curb/gross mass 930/1130 kg; dimensions 3795 x 1830 x 1250 mm.","Table scope: representative passenger-car specifications current at 1999-03-01; source cited by the book as Automobil Revue Katalog 1999. Year is blank because the table date is not a model year. Payload is gross minus curb mass where both are reported; track width is the mean of the reported front/rear tracks. Fuel pairs are stored as highway/city in the source's extra-urban/city order; for DIN triples, highway stores the 90 km/h observation and city the third value. Source body code: 2 Ro 2."
Renault,Mégane 1.4i,,International,car,M1,Sedan,FWD,ICE,Gasoline,1390,70,127,1015,1580,565,5,4400,1700,1420,2580,1440,,4.06,3.09;1.86;1.32;1.02;0.79,5,manual,184,11.8,9.2,5.2,bosch,1Авто справочник Bosch 2е рус издание.md,,"Bosch Automotive Handbook, 2nd Russian edition, printed p. 949: Renault Mégane 1.4i; power 70 (95) 6000; torque 127 3750; curb/gross mass 1015/1580 kg; dimensions 4400 x 1700 x 1420 mm.","Table scope: representative passenger-car specifications current at 1999-03-01; source cited by the book as Automobil Revue Katalog 1999. Year is blank because the table date is not a model year. Payload is gross minus curb mass where both are reported; track width is the mean of the reported front/rear tracks. Fuel pairs are stored as highway/city in the source's extra-urban/city order; for DIN triples, highway stores the 90 km/h observation and city the third value. Source body code: 4/5 Li 5."
Renault,Mégane Break 1.9 DTi,,International,car,M1,Station wagon,FWD,ICE,Diesel,1870,72,200,1135,1685,550,5,4440,1700,1420,2580,1440,,3.29,3.73;2.05;1.32;1.03;0.75,5,manual,183,12.3,6.8,4.4,bosch,1Авто справочник Bosch 2е рус издание.md,,"Bosch Automotive Handbook, 2nd Russian edition, printed p. 949: Renault Mégane Break 1.9 DTi; power 72 (98) 4000; torque 200 2000; curb/gross mass 1135/1685 kg; dimensions 4440 x 1700 x 1420 mm.","Table scope: representative passenger-car specifications current at 1999-03-01; source cited by the book as Automobil Revue Katalog 1999. Year is blank because the table date is not a model year. Payload is gross minus curb mass where both are reported; track width is the mean of the reported front/rear tracks. Fuel pairs are stored as highway/city in the source's extra-urban/city order; for DIN triples, highway stores the 90 km/h observation and city the third value. Source body code: 5 Ko 5."
Renault,Mégane Scenic 2.0i,,International,car,M1,MPV,FWD,ICE,Gasoline,1998,84,168,1270,1800,530,5,4130,1720,1600,2580,1460,,4.06,3.37;2.05;1.36;1.1;0.82,5,manual/automatic,185,11.1,12,7.1,bosch,1Авто справочник Bosch 2е рус издание.md,,"Bosch Automotive Handbook, 2nd Russian edition, printed p. 949: Renault Mégane Scenic 2.0i; power 84 (114) 5400; torque 168 4250; curb/gross mass 1270/1800 kg; dimensions 4130 x 1720 x 1600 mm.","Table scope: representative passenger-car specifications current at 1999-03-01; source cited by the book as Automobil Revue Katalog 1999. Year is blank because the table date is not a model year. Payload is gross minus curb mass where both are reported; track width is the mean of the reported front/rear tracks. Fuel pairs are stored as highway/city in the source's extra-urban/city order; for DIN triples, highway stores the 90 km/h observation and city the third value. Source body code: 5 Gli 5."
Renault,Mégane Cabriolet 2.0i,,International,car,M1,Convertible,FWD,ICE,Gasoline,1998,103,200,1135,1555,420,4,4030,1700,1370,2470,1440,,3.94,3.36;1.86;1.32;1.03;0.82,5,manual,210,9,10.2,6.1,bosch,1Авто справочник Bosch 2е рус издание.md,,"Bosch Automotive Handbook, 2nd Russian edition, printed p. 949: Renault Mégane Cabriolet 2.0i; power 103 (140) 5500; torque 200 4250; curb/gross mass 1135/1555 kg; dimensions 4030 x 1700 x 1370 mm.","Table scope: representative passenger-car specifications current at 1999-03-01; source cited by the book as Automobil Revue Katalog 1999. Year is blank because the table date is not a model year. Payload is gross minus curb mass where both are reported; track width is the mean of the reported front/rear tracks. Fuel pairs are stored as highway/city in the source's extra-urban/city order; for DIN triples, highway stores the 90 km/h observation and city the third value. Source body code: 2 Ca 4."
Renault,Laguna Break 1.8i,,International,car,M1,Station wagon,FWD,ICE,Gasoline,1783,88,165,1310,2075,765,5,4630,1750,1470,2670,1470,,3.87,3.72;2.05;1.39;1.1;0.89,5,manual,203,11.1,10.8,6.5,bosch,1Авто справочник Bosch 2е рус издание.md,,"Bosch Automotive Handbook, 2nd Russian edition, printed p. 949: Renault Laguna Break 1.8i; power 88 (120) 5750; torque 165 3750; curb/gross mass 1310/2075 kg; dimensions 4630 x 1750 x 1470 mm.","Table scope: representative passenger-car specifications current at 1999-03-01; source cited by the book as Automobil Revue Katalog 1999. Year is blank because the table date is not a model year. Payload is gross minus curb mass where both are reported; track width is the mean of the reported front/rear tracks. Fuel pairs are stored as highway/city in the source's extra-urban/city order; for DIN triples, highway stores the 90 km/h observation and city the third value. Source body code: 5 Ko 5."
Renault,Safrane 2.9i,,International,car,M1,Sedan,FWD,ICE,Gasoline,2946,140,267,1580,2125,545,5,4770,1820,1440,2770,1510,,4.73,1;2;3.07;1.77,5,manual/automatic,225,9.5,16.7,8.7,bosch,1Авто справочник Bosch 2е рус издание.md,,"Bosch Automotive Handbook, 2nd Russian edition, printed p. 950: Renault Safrane 2.9i; power 140 (190); torque 267; curb/gross mass 1580/2125 kg; dimensions 4770 x 1820 x 1440 mm.","Table scope: representative passenger-car specifications current at 1999-03-01; source cited by the book as Automobil Revue Katalog 1999. Year is blank because the table date is not a model year. Payload is gross minus curb mass where both are reported; track width is the mean of the reported front/rear tracks. Fuel pairs are stored as highway/city in the source's extra-urban/city order; for DIN triples, highway stores the 90 km/h observation and city the third value. Source body code: 5 Li 5."
Renault,Espace 2.2 TD,,International,car,M1,MPV,FWD,ICE,Diesel,2188,83,250,1630,2510,880,,4515,1810,1690,2700,1537.5,,3.81,1;2;3.91;2.21,5,manual/automatic,175,14.5,9.6,6.3,bosch,1Авто справочник Bosch 2е рус издание.md,,"Bosch Automotive Handbook, 2nd Russian edition, printed p. 950: Renault Espace 2.2 TD; power 83 (113); torque 250; curb/gross mass 1630/2510 kg; dimensions 4515 x 1810 x 1690 mm.","Table scope: representative passenger-car specifications current at 1999-03-01; source cited by the book as Automobil Revue Katalog 1999. Year is blank because the table date is not a model year. Payload is gross minus curb mass where both are reported; track width is the mean of the reported front/rear tracks. Fuel pairs are stored as highway/city in the source's extra-urban/city order; for DIN triples, highway stores the 90 km/h observation and city the third value. Source body code: 5 Gli 5-7."
AC,Ace 4.6i,,International,car,M1,Convertible,RWD,ICE,Gasoline,4601,240,427,1510,,,2,4420,1870,1300,2470,1580,,3.23,1;2;3.37;1.99,5,manual,250,5.7,15.1,10.5,bosch,1Авто справочник Bosch 2е рус издание.md,,"Bosch Automotive Handbook, 2nd Russian edition, printed p. 950: AC Ace 4.6i; power 240 (326); torque 427; curb/gross mass 1510/– kg; dimensions 4420 x 1870 x 1300 mm.","Table scope: representative passenger-car specifications current at 1999-03-01; source cited by the book as Automobil Revue Katalog 1999. Year is blank because the table date is not a model year. Payload is gross minus curb mass where both are reported; track width is the mean of the reported front/rear tracks. Fuel pairs are stored as highway/city in the source's extra-urban/city order; for DIN triples, highway stores the 90 km/h observation and city the third value. Source body code: 2 Ca 2."
Aston Martin,V8 Volante 5.3i Convertible,,International,car,M1,Convertible,RWD,ICE,Gasoline,5341,261,500,2050,2370,320,4,4945,1920,1380,2810,1530,,3.54,1;2;2.9;1.78,5,manual/automatic,240,5.9,22,14,bosch,1Авто справочник Bosch 2е рус издание.md,,"Bosch Automotive Handbook, 2nd Russian edition, printed p. 950: Aston Martin V8 Volante 5.3i Convertible; power 261 (355); torque 500; curb/gross mass 2050/2370 kg; dimensions 4945 x 1920 x 1380 mm.","Table scope: representative passenger-car specifications current at 1999-03-01; source cited by the book as Automobil Revue Katalog 1999. Year is blank because the table date is not a model year. Payload is gross minus curb mass where both are reported; track width is the mean of the reported front/rear tracks. Fuel pairs are stored as highway/city in the source's extra-urban/city order; for DIN triples, highway stores the 90 km/h observation and city the third value. Source body code: 2 Ca 4."
Bentley,Arnage 4.4 TI,,International,car,M1,Sedan,RWD,ICE,Gasoline,4398,260,570,2300,2750,450,5,5390,1930,1520,3115,1610,,2.93,1;2;3.55;2.24,5,automatic,240,6.5,23.4,13.1,bosch,1Авто справочник Bosch 2е рус издание.md,,"Bosch Automotive Handbook, 2nd Russian edition, printed p. 950: Bentley Arnage 4.4 TI; power 260 (354); torque 570; curb/gross mass 2300/2750 kg; dimensions 5390 x 1930 x 1520 mm.","Table scope: representative passenger-car specifications current at 1999-03-01; source cited by the book as Automobil Revue Katalog 1999. Year is blank because the table date is not a model year. Payload is gross minus curb mass where both are reported; track width is the mean of the reported front/rear tracks. Fuel pairs are stored as highway/city in the source's extra-urban/city order; for DIN triples, highway stores the 90 km/h observation and city the third value. Source body code: 4 Li 5."
Bentley,Azure 6.8 TI,,International,car,M1,Convertible,RWD,ICE,Gasoline,6750,286,750,2610,2980,370,4,5340,1880,1480,3060,1550,,2.69,2.48;1.48;1;0.75,4,automatic,241,6.7,25.7,13,bosch,1Авто справочник Bosch 2е рус издание.md,,"Bosch Automotive Handbook, 2nd Russian edition, printed p. 951: Bentley Azure 6.8 TI; power 286 (389) 4000; torque 750 2000; curb/gross mass 2610/2980 kg; dimensions 5340 x 1880 x 1480 mm.","Table scope: representative passenger-car specifications current at 1999-03-01; source cited by the book as Automobil Revue Katalog 1999. Year is blank because the table date is not a model year. Payload is gross minus curb mass where both are reported; track width is the mean of the reported front/rear tracks. Fuel pairs are stored as highway/city in the source's extra-urban/city order; for DIN triples, highway stores the 90 km/h observation and city the third value. Source body code: 2 Ca 4."
Daimler,V8 4.0i,,International,car,M1,Sedan,RWD,ICE,Gasoline,3996,216,393,1730,2260,530,5,5150,1800,1380,2995,1500,,3.06,3.57;2.2;1.51;1,5,automatic,240,7.3,16.9,9,bosch,1Авто справочник Bosch 2е рус издание.md,,"Bosch Automotive Handbook, 2nd Russian edition, printed p. 951: Daimler V8 4.0i; power 216 (294) 6100; torque 393 4250; curb/gross mass 1730/2260 kg; dimensions 5150 x 1800 x 1380 mm.","Table scope: representative passenger-car specifications current at 1999-03-01; source cited by the book as Automobil Revue Katalog 1999. Year is blank because the table date is not a model year. Payload is gross minus curb mass where both are reported; track width is the mean of the reported front/rear tracks. Fuel pairs are stored as highway/city in the source's extra-urban/city order; for DIN triples, highway stores the 90 km/h observation and city the third value. Source body code: 4 Li 5."
Jaguar,S-Type 3.0i,,International,car,M1,Sedan,RWD,ICE,Gasoline,2967,179,300,1630,2030,400,5,4860,1820,1450,2910,1540,,3.07,4.23;2.52;1.67;1.22,5,manual/automatic,235,7.5,14,8,bosch,1Авто справочник Bosch 2е рус издание.md,,"Bosch Automotive Handbook, 2nd Russian edition, printed p. 951: Jaguar S-Type 3.0i; power 179 (243) 6800; torque 300 4500; curb/gross mass 1630/2030 kg; dimensions 4860 x 1820 x 1450 mm.","Table scope: representative passenger-car specifications current at 1999-03-01; source cited by the book as Automobil Revue Katalog 1999. Year is blank because the table date is not a model year. Payload is gross minus curb mass where both are reported; track width is the mean of the reported front/rear tracks. Fuel pairs are stored as highway/city in the source's extra-urban/city order; for DIN triples, highway stores the 90 km/h observation and city the third value. Source body code: 4 Li 5."
Jaguar,XKR 4.0i Supercharged,,International,car,M1,Coupe,RWD,ICE,Gasoline,3996,276,525,1640,2010,370,4,4760,1830,1290,2590,1525,,3.06,3.59;2.19;1.41;1,5,automatic,250,5.4,16.7,9.6,bosch,1Авто справочник Bosch 2е рус издание.md,,"Bosch Automotive Handbook, 2nd Russian edition, printed p. 951: Jaguar XKR 4.0i Supercharged; power 276 (375) 6150; torque 525 3600; curb/gross mass 1640/2010 kg; dimensions 4760 x 1830 x 1290 mm.","Table scope: representative passenger-car specifications current at 1999-03-01; source cited by the book as Automobil Revue Katalog 1999. Year is blank because the table date is not a model year. Payload is gross minus curb mass where both are reported; track width is the mean of the reported front/rear tracks. Fuel pairs are stored as highway/city in the source's extra-urban/city order; for DIN triples, highway stores the 90 km/h observation and city the third value. Source body code: 2 Co 2+2."
MG,MGF 1.8i,,International,car,M1,Convertible,RWD,ICE,Gasoline,1795,88,166,1060,1320,260,2,3920,1630,1260,2375,1405,,3.94,3.17;1.84;1.31;1.03,5,manual,193,9.2,10.2,5.7,bosch,1Авто справочник Bosch 2е рус издание.md,,"Bosch Automotive Handbook, 2nd Russian edition, printed p. 951: MG MGF 1.8i; power 88 (120) 5500; torque 166 3000; curb/gross mass 1060/1320 kg; dimensions 3920 x 1630 x 1260 mm.","Table scope: representative passenger-car specifications current at 1999-03-01; source cited by the book as Automobil Revue Katalog 1999. Year is blank because the table date is not a model year. Payload is gross minus curb mass where both are reported; track width is the mean of the reported front/rear tracks. Fuel pairs are stored as highway/city in the source's extra-urban/city order; for DIN triples, highway stores the 90 km/h observation and city the third value. Source body code: 2 Ca 2."
Rolls-Royce,Silver Seraph 5.4i,,International,car,M1,Sedan,RWD,ICE,Gasoline,5379,240,490,2300,2750,450,5,5390,1930,1520,3115,1610,,2.93,3.55;2.24;1.55;1,5,automatic,225,7,25.4,12.8,bosch,1Авто справочник Bosch 2е рус издание.md,,"Bosch Automotive Handbook, 2nd Russian edition, printed p. 951: Rolls-Royce Silver Seraph 5.4i; power 240 (326) 5000; torque 490 3900; curb/gross mass 2300/2750 kg; dimensions 5390 x 1930 x 1520 mm.","Table scope: representative passenger-car specifications current at 1999-03-01; source cited by the book as Automobil Revue Katalog 1999. Year is blank because the table date is not a model year. Payload is gross minus curb mass where both are reported; track width is the mean of the reported front/rear tracks. Fuel pairs are stored as highway/city in the source's extra-urban/city order; for DIN triples, highway stores the 90 km/h observation and city the third value. Source body code: 4 Li 5."
Rover,214 1.4i,,International,car,M1,Sedan,FWD,ICE,Gasoline,1396,76,127,1000,1480,480,5,3970,1690,1420,2500,1470,,3.94,3.42;1.95;1.33;1.05,5,manual,185,10.7,9.9,5.4,bosch,1Авто справочник Bosch 2е рус издание.md,,"Bosch Automotive Handbook, 2nd Russian edition, printed p. 951: Rover 214 1.4i; power 76 (103) 6000; torque 127 3000; curb/gross mass 1000/1480 kg; dimensions 3970 x 1690 x 1420 mm.","Table scope: representative passenger-car specifications current at 1999-03-01; source cited by the book as Automobil Revue Katalog 1999. Year is blank because the table date is not a model year. Payload is gross minus curb mass where both are reported; track width is the mean of the reported front/rear tracks. Fuel pairs are stored as highway/city in the source's extra-urban/city order; for DIN triples, highway stores the 90 km/h observation and city the third value. Source body code: 5/3 Li 5."
Rover,420 2.0 TD,,International,car,M1,Sedan,FWD,ICE,Diesel,1994,77,210,1220,1550,330,5,4490,1700,1390,2620,1475,,3.94,1;2;3.42;1.95;3;4,5,manual,185,11,7.1,4.3,bosch,1Авто справочник Bosch 2е рус издание.md,,"Bosch Automotive Handbook, 2nd Russian edition, printed p. 952: Rover 420 2.0 TD; power 77 (105) 4200; torque 210 2000; curb/gross mass 1220/1550 kg; dimensions 4490 x 1700 x 1390 mm.","Table scope: representative passenger-car specifications current at 1999-03-01; source cited by the book as Automobil Revue Katalog 1999. Year is blank because the table date is not a model year. Payload is gross minus curb mass where both are reported; track width is the mean of the reported front/rear tracks. Fuel pairs are stored as highway/city in the source's extra-urban/city order; for DIN triples, highway stores the 90 km/h observation and city the third value. Source body code: 4/5 Li 5."
Rover,75 2.0i,,International,car,M1,Sedan,FWD,ICE,Gasoline,1991,110,185,1370,,,5,4745,1780,1430,2745,1505,,4.41,3.58;2.02;1.35;1.03;0.81,5,manual/automatic,210,10.2,13.5,7,bosch,1Авто справочник Bosch 2е рус издание.md,,"Bosch Automotive Handbook, 2nd Russian edition, printed p. 952: Rover 75 2.0i; power 110 (150) 6500; torque 185 4000; curb/gross mass 1370/– kg; dimensions 4745 x 1780 x 1430 mm.","Table scope: representative passenger-car specifications current at 1999-03-01; source cited by the book as Automobil Revue Katalog 1999. Year is blank because the table date is not a model year. Payload is gross minus curb mass where both are reported; track width is the mean of the reported front/rear tracks. Fuel pairs are stored as highway/city in the source's extra-urban/city order; for DIN triples, highway stores the 90 km/h observation and city the third value. Source body code: 4 Li 5."
Rover,75 2.0 TDi,,International,car,M1,Sedan,FWD,ICE,Diesel,1951,85,260,1410,,,5,4745,1780,1430,2745,1505,,3.74,3.58;2.02;1.29;0.92;0.69,5,manual/automatic,193,11.7,7,5,bosch,1Авто справочник Bosch 2е рус издание.md,,"Bosch Automotive Handbook, 2nd Russian edition, printed p. 952: Rover 75 2.0 TDi; power 85 (116) 4000; torque 260 2000; curb/gross mass 1410/– kg; dimensions 4745 x 1780 x 1430 mm.","Table scope: representative passenger-car specifications current at 1999-03-01; source cited by the book as Automobil Revue Katalog 1999. Year is blank because the table date is not a model year. Payload is gross minus curb mass where both are reported; track width is the mean of the reported front/rear tracks. Fuel pairs are stored as highway/city in the source's extra-urban/city order; for DIN triples, highway stores the 90 km/h observation and city the third value. Source body code: 4 Li 5."
Alfa Romeo,145 1.6i T.S.,,International,car,M1,Sedan,FWD,ICE,Gasoline,1598,88,144,1165,1685,520,5,4060,1710,1430,2540,1455,,3.56,3.91;2.24;1.52;1.16;0.97,5,manual,195,10.2,11.1,6.5,bosch,1Авто справочник Bosch 2е рус издание.md,,"Bosch Automotive Handbook, 2nd Russian edition, printed p. 952: Alfa Romeo 145 1.6i T.S.; power 88 (120) 6300; torque 144 4500; curb/gross mass 1165/1685 kg; dimensions 4060 x 1710 x 1430 mm.","Table scope: representative passenger-car specifications current at 1999-03-01; source cited by the book as Automobil Revue Katalog 1999. Year is blank because the table date is not a model year. Payload is gross minus curb mass where both are reported; track width is the mean of the reported front/rear tracks. Fuel pairs are stored as highway/city in the source's extra-urban/city order; for DIN triples, highway stores the 90 km/h observation and city the third value. Source body code: 3 Li 5."
Alfa Romeo,146 1.9 JTD,,International,car,M1,Sedan,FWD,ICE,Diesel,1910,77,255,1245,1765,520,5,4235,1710,1430,2540,1455,,3.05,3.91;2.24;1.44;1.03;0.77,5,manual,187,10.5,7.6,4.7,bosch,1Авто справочник Bosch 2е рус издание.md,,"Bosch Automotive Handbook, 2nd Russian edition, printed p. 952: Alfa Romeo 146 1.9 JTD; power 77 (105) 4000; torque 255 2000; curb/gross mass 1245/1765 kg; dimensions 4235 x 1710 x 1430 mm.","Table scope: representative passenger-car specifications current at 1999-03-01; source cited by the book as Automobil Revue Katalog 1999. Year is blank because the table date is not a model year. Payload is gross minus curb mass where both are reported; track width is the mean of the reported front/rear tracks. Fuel pairs are stored as highway/city in the source's extra-urban/city order; for DIN triples, highway stores the 90 km/h observation and city the third value. Source body code: 4 Li 5."
Alfa Romeo,156 2.5i,,International,car,M1,Sedan,FWD,ICE,Gasoline,2492,140,222,1320,1820,500,5,4430,1745,1420,2595,1505,,3.94,3.5;2.24;1.52;1.16;0.97;0.82,6,manual/automatic,230,7.3,,,bosch,1Авто справочник Bosch 2е рус издание.md,,"Bosch Automotive Handbook, 2nd Russian edition, printed p. 953: Alfa Romeo 156 2.5i; power 140 (190) 6300; torque 222 5000; curb/gross mass 1320/1820 kg; dimensions 4430 x 1745 x 1420 mm.","Table scope: representative passenger-car specifications current at 1999-03-01; source cited by the book as Automobil Revue Katalog 1999. Year is blank because the table date is not a model year. Payload is gross minus curb mass where both are reported; track width is the mean of the reported front/rear tracks. Fuel pairs are stored as highway/city in the source's extra-urban/city order; for DIN triples, highway stores the 90 km/h observation and city the third value. Source body code: 4 Li 5."
Alfa Romeo,166 2.4 JTD,,International,car,M1,Sedan,FWD,ICE,Diesel,2387,100,304,1490,2000,510,5,4720,1815,1420,2700,1537.5,,3.18,3.8;2.24;1.36;0.97;0.76;0.61,6,manual,202,9.9,,,bosch,1Авто справочник Bosch 2е рус издание.md,,"Bosch Automotive Handbook, 2nd Russian edition, printed p. 953: Alfa Romeo 166 2.4 JTD; power 100 (136) 4000; torque 304 2000; curb/gross mass 1490/2000 kg; dimensions 4720 x 1815 x 1420 mm.","Table scope: representative passenger-car specifications current at 1999-03-01; source cited by the book as Automobil Revue Katalog 1999. Year is blank because the table date is not a model year. Payload is gross minus curb mass where both are reported; track width is the mean of the reported front/rear tracks. Fuel pairs are stored as highway/city in the source's extra-urban/city order; for DIN triples, highway stores the 90 km/h observation and city the third value. Source body code: 4 Li 5."
Alfa Romeo,GTV 3.0i Spider,,International,car,M1,Convertible,FWD,ICE,Gasoline,2959,162,270,1350,1610,260,2,4285,1780,1320,2540,1520,,3.56,3.5;2.24;1.52;1.16;0.97;0.82,6,manual,250,6.7,,,bosch,1Авто справочник Bosch 2е рус издание.md,,"Bosch Automotive Handbook, 2nd Russian edition, printed p. 953: Alfa Romeo GTV 3.0i Spider; power 162 (220) 6300; torque 270 5000; curb/gross mass 1350/1610 kg; dimensions 4285 x 1780 x 1320 mm.","Table scope: representative passenger-car specifications current at 1999-03-01; source cited by the book as Automobil Revue Katalog 1999. Year is blank because the table date is not a model year. Payload is gross minus curb mass where both are reported; track width is the mean of the reported front/rear tracks. Fuel pairs are stored as highway/city in the source's extra-urban/city order; for DIN triples, highway stores the 90 km/h observation and city the third value. Source body code: 2 Ca 2."
Ferrari,456 GT 5.5i,,International,car,M1,Coupe,RWD,ICE,Gasoline,5474,325,550,1790,2200,410,4,4730,1920,1300,2600,1595,,3.64,2.92;1.9;1.37;1.07;0.87;0.74,6,manual/automatic,300,5.2,,,bosch,1Авто справочник Bosch 2е рус издание.md,,"Bosch Automotive Handbook, 2nd Russian edition, printed p. 953: Ferrari 456 GT 5.5i; power 325 (442) 6250; torque 550 4500; curb/gross mass 1790/2200 kg; dimensions 4730 x 1920 x 1300 mm.","Table scope: representative passenger-car specifications current at 1999-03-01; source cited by the book as Automobil Revue Katalog 1999. Year is blank because the table date is not a model year. Payload is gross minus curb mass where both are reported; track width is the mean of the reported front/rear tracks. Fuel pairs are stored as highway/city in the source's extra-urban/city order; for DIN triples, highway stores the 90 km/h observation and city the third value. Source body code: 2 Co 2+2."
Fiat,Seicento 0.9i,,International,car,M1,Sedan,FWD,ICE,Gasoline,899,29,65,705,1190,485,5,3320,1510,1440,2200,1260,,4.07,3.91;2.05;1.34;0.98;0.84,5,manual,140,18,,,bosch,1Авто справочник Bosch 2е рус издание.md,,"Bosch Automotive Handbook, 2nd Russian edition, printed p. 953: Fiat Seicento 0.9i; power 29 (39) 5500; torque 65 3000; curb/gross mass 705/1190 kg; dimensions 3320 x 1510 x 1440 mm.","Table scope: representative passenger-car specifications current at 1999-03-01; source cited by the book as Automobil Revue Katalog 1999. Year is blank because the table date is not a model year. Payload is gross minus curb mass where both are reported; track width is the mean of the reported front/rear tracks. Fuel pairs are stored as highway/city in the source's extra-urban/city order; for DIN triples, highway stores the 90 km/h observation and city the third value. Source body code: 3 Li 5."
Fiat,Punto 1.4i.e. Turbo,,International,car,M1,Sedan,FWD,ICE,Gasoline,1372,96,200,1000,1450,450,5,3760,1625,1450,2450,1370,,3.35,3.91;2.24;1.52;1.16;0.87,5,manual,200,7.9,,,bosch,1Авто справочник Bosch 2е рус издание.md,,"Bosch Automotive Handbook, 2nd Russian edition, printed p. 953: Fiat Punto 1.4i.e. Turbo; power 96 (131) 5600; torque 200 3000; curb/gross mass 1000/1450 kg; dimensions 3760 x 1625 x 1450 mm.","Table scope: representative passenger-car specifications current at 1999-03-01; source cited by the book as Automobil Revue Katalog 1999. Year is blank because the table date is not a model year. Payload is gross minus curb mass where both are reported; track width is the mean of the reported front/rear tracks. Fuel pairs are stored as highway/city in the source's extra-urban/city order; for DIN triples, highway stores the 90 km/h observation and city the third value. Source body code: 3 Li 5."
Fiat,Coupé 2.0i Turbo,,International,car,M1,Coupe,FWD,ICE,Gasoline,1998,162,310,1310,1720,410,4,4250,1770,1350,2540,1477.5,,3.11,3.8;2.24;1.52;1.16;0.91,5,manual,250,6.5,,,bosch,1Авто справочник Bosch 2е рус издание.md,,"Bosch Automotive Handbook, 2nd Russian edition, printed p. 953: Fiat Coupé 2.0i Turbo; power 162 (220) 5750; torque 310 2500; curb/gross mass 1310/1720 kg; dimensions 4250 x 1770 x 1350 mm.","Table scope: representative passenger-car specifications current at 1999-03-01; source cited by the book as Automobil Revue Katalog 1999. Year is blank because the table date is not a model year. Payload is gross minus curb mass where both are reported; track width is the mean of the reported front/rear tracks. Fuel pairs are stored as highway/city in the source's extra-urban/city order; for DIN triples, highway stores the 90 km/h observation and city the third value. Source body code: 2 Co 4."
Fiat,Barchetta 1.7i,,International,car,M1,Convertible,FWD,ICE,Gasoline,1747,96,164,1060,1260,200,2,3915,1640,1270,2275,1410,,3.56,3.91;2.24,5,manual,200,8.9,11.6,6.5,bosch,1Авто справочник Bosch 2е рус издание.md,,"Bosch Automotive Handbook, 2nd Russian edition, printed p. 954: Fiat Barchetta 1.7i; power 96 (131) 6300; torque 164 4300; curb/gross mass 1060/1260 kg; dimensions 3915 x 1640 x 1270 mm.","Table scope: representative passenger-car specifications current at 1999-03-01; source cited by the book as Automobil Revue Katalog 1999. Year is blank because the table date is not a model year. Payload is gross minus curb mass where both are reported; track width is the mean of the reported front/rear tracks. Fuel pairs are stored as highway/city in the source's extra-urban/city order; for DIN triples, highway stores the 90 km/h observation and city the third value. Source body code: 2 Ca 2."
Fiat,Bravo 1.8i,,International,car,M1,Sedan,FWD,ICE,Gasoline,1747,83,154,1100,1600,500,5,4025,1755,1420,2540,1440,,3.35,3.91;2.24,5,manual,193,10,11.3,6.5,bosch,1Авто справочник Bosch 2е рус издание.md,,"Bosch Automotive Handbook, 2nd Russian edition, printed p. 954: Fiat Bravo 1.8i; power 83 (113) 5800; torque 154 4400; curb/gross mass 1100/1600 kg; dimensions 4025 x 1755 x 1420 mm.","Table scope: representative passenger-car specifications current at 1999-03-01; source cited by the book as Automobil Revue Katalog 1999. Year is blank because the table date is not a model year. Payload is gross minus curb mass where both are reported; track width is the mean of the reported front/rear tracks. Fuel pairs are stored as highway/city in the source's extra-urban/city order; for DIN triples, highway stores the 90 km/h observation and city the third value. Source body code: 3 Li 5."
Fiat,Brava 1.9 JTD,,International,car,M1,Sedan,FWD,ICE,Diesel,1910,77,200,1180,1570,390,5,4190,1740,1410,2540,1460,,3.05,3.91;2.24,5,manual,185,10.6,7.3,4.5,bosch,1Авто справочник Bosch 2е рус издание.md,,"Bosch Automotive Handbook, 2nd Russian edition, printed p. 954: Fiat Brava 1.9 JTD; power 77 (105) 4000; torque 200 1500; curb/gross mass 1180/1570 kg; dimensions 4190 x 1740 x 1410 mm.","Table scope: representative passenger-car specifications current at 1999-03-01; source cited by the book as Automobil Revue Katalog 1999. Year is blank because the table date is not a model year. Payload is gross minus curb mass where both are reported; track width is the mean of the reported front/rear tracks. Fuel pairs are stored as highway/city in the source's extra-urban/city order; for DIN triples, highway stores the 90 km/h observation and city the third value. Source body code: 5 Li 5."
Fiat,Marea 2.4 TDI,,International,car,M1,Sedan,FWD,ICE,Diesel,2387,91,265,1280,1870,590,5,4390,1740,1420,2540,1455,,3.18,3.8;2.24,5,manual,195,10.5,10.2,6,bosch,1Авто справочник Bosch 2е рус издание.md,,"Bosch Automotive Handbook, 2nd Russian edition, printed p. 954: Fiat Marea 2.4 TDI; power 91 (124) 4000; torque 265 2000; curb/gross mass 1280/1870 kg; dimensions 4390 x 1740 x 1420 mm.","Table scope: representative passenger-car specifications current at 1999-03-01; source cited by the book as Automobil Revue Katalog 1999. Year is blank because the table date is not a model year. Payload is gross minus curb mass where both are reported; track width is the mean of the reported front/rear tracks. Fuel pairs are stored as highway/city in the source's extra-urban/city order; for DIN triples, highway stores the 90 km/h observation and city the third value. Source body code: 4 Li 5."
Fiat,Multipla 1.6i Bipower,,International,car,M1,MPV,FWD,ICE,Gasoline/CNG,1581,76,144,1300,1870,570,6,3995,1870,1700,2665,1515,,4.07,3.91;2.24,5,manual,168,13.5,11.1,7.2,bosch,1Авто справочник Bosch 2е рус издание.md,,"Bosch Automotive Handbook, 2nd Russian edition, printed p. 954: Fiat Multipla 1.6i Bipower; power 76/68 (103/92) 5750; torque 144 (Gas 130) 4000; curb/gross mass 1300/1870 kg; dimensions 3995 x 1870 x 1700 mm.","Table scope: representative passenger-car specifications current at 1999-03-01; source cited by the book as Automobil Revue Katalog 1999. Year is blank because the table date is not a model year. Payload is gross minus curb mass where both are reported; track width is the mean of the reported front/rear tracks. Fuel pairs are stored as highway/city in the source's extra-urban/city order; for DIN triples, highway stores the 90 km/h observation and city the third value. Source body code: 5 Gli 6."
Lamborghini,Diablo SV 5.7i,,International,car,M1,Coupe,,ICE,Gasoline,5707,390,605,1530,,,2,4470,2040,1110,2650,1590,,,,,,320,3.85,37.9,17.3,bosch,1Авто справочник Bosch 2е рус издание.md,,"Bosch Automotive Handbook, 2nd Russian edition, printed p. 955: Lamborghini Diablo SV 5.7i; power 390 (530) 7100; torque 605 5500; curb/gross mass  1530/ – kg; dimensions 4470 x 2040 x 1110 mm.","Table scope: representative passenger-car specifications current at 1999-03-01; source cited by the book as Automobil Revue Katalog 1999. Year is blank because the table date is not a model year. Payload is gross minus curb mass where both are reported; track width is the mean of the reported front/rear tracks. Fuel pairs are stored as highway/city in the source's extra-urban/city order; for DIN triples, highway stores the 90 km/h observation and city the third value. Source body code: 2 Co 2."
Lancia,Y 1.2 i.e.,,International,car,M1,Sedan,FWD,ICE,Gasoline,1242,63,113,910,1390,480,5,3725,1690,1440,2380,1377.5,,3.73,3.91;2.16;1.48;1.12;0.9,5,manual,177,10.9,9.2,5.1,bosch,1Авто справочник Bosch 2е рус издание.md,,"Bosch Automotive Handbook, 2nd Russian edition, printed p. 955: Lancia Y 1.2 i.e.; power 63 (86) 6000; torque 113 4500; curb/gross mass  910/ 1390 kg; dimensions 3725 x 1690 x 1440 mm.","Table scope: representative passenger-car specifications current at 1999-03-01; source cited by the book as Automobil Revue Katalog 1999. Year is blank because the table date is not a model year. Payload is gross minus curb mass where both are reported; track width is the mean of the reported front/rear tracks. Fuel pairs are stored as highway/city in the source's extra-urban/city order; for DIN triples, highway stores the 90 km/h observation and city the third value. Source body code: 3 Li 5."
Lancia,Delta 2.0 i.e. Turbo HPE,,International,car,M1,Sedan,FWD,ICE,Gasoline,1995,142,290,1330,1830,500,5,4010,1760,1760,2540,1450,215/45R16,3.56,3.8;2.24;1.52;1.16;0.81,5,manual,225,7.5,14.6,8,bosch,1Авто справочник Bosch 2е рус издание.md,,"Bosch Automotive Handbook, 2nd Russian edition, printed p. 955: Lancia Delta 2.0 i.e. Turbo HPE; power 142 (193) 5500; torque 290 3400; curb/gross mass  1330/ 1830 kg; dimensions 4010 x 1760 x 1760 mm.","Table scope: representative passenger-car specifications current at 1999-03-01; source cited by the book as Automobil Revue Katalog 1999. Year is blank because the table date is not a model year. Payload is gross minus curb mass where both are reported; track width is the mean of the reported front/rear tracks. Fuel pairs are stored as highway/city in the source's extra-urban/city order; for DIN triples, highway stores the 90 km/h observation and city the third value. Source body code: 3 Li 5."
Lancia,Dedra 1.9 TD,,International,car,M1,Station wagon,FWD,ICE,Diesel,1929,66,186,1285,1765,480,5,4345,1700,1450,2540,1425,185/60R14,3.17,3.91;2.24;1.44;1.03;0.79,5,manual,174,13.9,8.8,5.9,bosch,1Авто справочник Bosch 2е рус издание.md,,"Bosch Automotive Handbook, 2nd Russian edition, printed p. 955: Lancia Dedra 1.9 TD; power 66 (90) 4200; torque 186 2500; curb/gross mass  1285/ 1765 kg; dimensions 4345 x 1700 x 1450 mm.","Table scope: representative passenger-car specifications current at 1999-03-01; source cited by the book as Automobil Revue Katalog 1999. Year is blank because the table date is not a model year. Payload is gross minus curb mass where both are reported; track width is the mean of the reported front/rear tracks. Fuel pairs are stored as highway/city in the source's extra-urban/city order; for DIN triples, highway stores the 90 km/h observation and city the third value. Source body code: 5 Ko 5."
Lancia,Kappa 2.4 JTD,,International,car,M1,Sedan,FWD,ICE,Diesel,2387,100,304,1510,2000,490,5,4685,1825,1460,2700,1540,195/65R15,3.56,3.8;2.24;1.36;0.97;0.71,5,manual,202,10,10.2,6.2,bosch,1Авто справочник Bosch 2е рус издание.md,,"Bosch Automotive Handbook, 2nd Russian edition, printed p. 955: Lancia Kappa 2.4 JTD; power 100 (136) 4000; torque 304 2000; curb/gross mass  1510/ 2000 kg; dimensions 4685 x 1825 x 1460 mm.","Table scope: representative passenger-car specifications current at 1999-03-01; source cited by the book as Automobil Revue Katalog 1999. Year is blank because the table date is not a model year. Payload is gross minus curb mass where both are reported; track width is the mean of the reported front/rear tracks. Fuel pairs are stored as highway/city in the source's extra-urban/city order; for DIN triples, highway stores the 90 km/h observation and city the third value. Source body code: 4 Li 5."
Lancia,Z 2.0 i.e.,,International,car,M1,MPV,FWD,ICE,Gasoline,1998,97,180,1555,2360,805,,4470,1835,1710,2825,1537.5,205/65R15,4.64,3.25;1.78;1.19;0.9;0.73,5,manual,186,10.1,13.5,8.5,bosch,1Авто справочник Bosch 2е рус издание.md,,"Bosch Automotive Handbook, 2nd Russian edition, printed p. 955: Lancia Z 2.0 i.e.; power 97 (132) 5500; torque 180 4200; curb/gross mass  1555/ 2360 kg; dimensions 4470 x 1835 x 1710-1810 mm.","Table scope: representative passenger-car specifications current at 1999-03-01; source cited by the book as Automobil Revue Katalog 1999. Year is blank because the table date is not a model year. Payload is gross minus curb mass where both are reported; track width is the mean of the reported front/rear tracks. Fuel pairs are stored as highway/city in the source's extra-urban/city order; for DIN triples, highway stores the 90 km/h observation and city the third value. Source body code: 5 Gli 5-8."
Fiat,Ulysse 2.1 TD,,International,car,M1,MPV,FWD,ICE,Diesel,2088,80,250,1615,2385,770,,4455,1830,1710,2825,1537.5,195/70R14,4.79,3.42;1.78;1.12;0.8;0.61,5,manual,175,13.3,10.8,6.7,bosch,1Авто справочник Bosch 2е рус издание.md,,"Bosch Automotive Handbook, 2nd Russian edition, printed p. 955: Fiat Ulysse 2.1 TD; power 80 (109) 4300; torque 250 2000; curb/gross mass  1615/ 2385 kg; dimensions 4455 x 1830 x 1710 mm.","Table scope: representative passenger-car specifications current at 1999-03-01; source cited by the book as Automobil Revue Katalog 1999. Year is blank because the table date is not a model year. Payload is gross minus curb mass where both are reported; track width is the mean of the reported front/rear tracks. Fuel pairs are stored as highway/city in the source's extra-urban/city order; for DIN triples, highway stores the 90 km/h observation and city the third value. Source body code: 5 Gli 5-7."
Maserati,3200 GT BiTurbo,,International,car,M1,Coupe,RWD,ICE,Gasoline,3217,271,491,1590,1940,350,4,4510,1820,1310,2660,1532.5,,3.23,1;2;3;4;5,6,manual/automatic,280,5.1,26,11,bosch,1Авто справочник Bosch 2е рус издание.md,,"Bosch Automotive Handbook, 2nd Russian edition, printed p. 956: Maserati 3200 GT BiTurbo; power 271 (368) 6250; torque 491 4500; curb/gross mass 1590/1940 kg; dimensions 4510 x 1820 x 1310 mm.","Table scope: representative passenger-car specifications current at 1999-03-01; source cited by the book as Automobil Revue Katalog 1999. Year is blank because the table date is not a model year. Payload is gross minus curb mass where both are reported; track width is the mean of the reported front/rear tracks. Fuel pairs are stored as highway/city in the source's extra-urban/city order; for DIN triples, highway stores the 90 km/h observation and city the third value. Source body code: 2 Co 2+2."
Daihatsu,Charade 1.3i,,International,car,M1,Sedan,FWD,ICE,Gasoline,1296,62,105,830,1350,520,5,3780,1620,1390,2395,1387.5,145R13,4.27,4.22;2.51;1.67;1.23;1;0.83,5,manual/automatic,170,11,8.9,5.6,bosch,1Авто справочник Bosch 2е рус издание.md,,"Bosch Automotive Handbook, 2nd Russian edition, printed p. 956: Daihatsu Charade 1.3i; power 62 (84) 6500; torque 105 5000; curb/gross mass 830/1350 kg; dimensions 3780 x 1620 x 1390 mm.","Table scope: representative passenger-car specifications current at 1999-03-01; source cited by the book as Automobil Revue Katalog 1999. Year is blank because the table date is not a model year. Payload is gross minus curb mass where both are reported; track width is the mean of the reported front/rear tracks. Fuel pairs are stored as highway/city in the source's extra-urban/city order; for DIN triples, highway stores the 90 km/h observation and city the third value. Source body code: 5/3 Li 5."
Honda,Z 0.7 Ti,,International,car,M1,Microvan,AWD,ICE,Gasoline,657,47,93,960,,,4,3395,1475,1680,2360,1285,175R15,3.04,3.18;1.84;1.25;0.86;0.71,4,automatic,130,,10,6,bosch,1Авто справочник Bosch 2е рус издание.md,,"Bosch Automotive Handbook, 2nd Russian edition, printed p. 956: Honda Z 0.7 Ti; power 47 (64) 6000; torque 93 3700; curb/gross mass 960/– kg; dimensions 3395 x 1475 x 1680 mm.","Table scope: representative passenger-car specifications current at 1999-03-01; source cited by the book as Automobil Revue Katalog 1999. Year is blank because the table date is not a model year. Payload is gross minus curb mass where both are reported; track width is the mean of the reported front/rear tracks. Fuel pairs are stored as highway/city in the source's extra-urban/city order; for DIN triples, highway stores the 90 km/h observation and city the third value. Source body code: 3 Mv 4."
Honda,Logo 1.3i,,International,car,M1,Sedan,FWD,ICE,Gasoline,1343,48,108,940,1365,425,5,3785,1645,1520,2360,1412.5,175/70R13,4.06,2.7;1.55;1.03;0.74,5,manual/automatic,152,14.5,7.8,5.5,bosch,1Авто справочник Bosch 2е рус издание.md,,"Bosch Automotive Handbook, 2nd Russian edition, printed p. 956: Honda Logo 1.3i; power 48 (65) 5000; torque 108 2500; curb/gross mass 940/1365 kg; dimensions 3785 x 1645 x 1520 mm.","Table scope: representative passenger-car specifications current at 1999-03-01; source cited by the book as Automobil Revue Katalog 1999. Year is blank because the table date is not a model year. Payload is gross minus curb mass where both are reported; track width is the mean of the reported front/rear tracks. Fuel pairs are stored as highway/city in the source's extra-urban/city order; for DIN triples, highway stores the 90 km/h observation and city the third value. Source body code: 5/3 Li 5."
Honda,Civic Aerodeck 1.5i,,International,car,M1,Station wagon,FWD,ICE,Gasoline,1493,84,134,1135,1610,475,5,4425,1695,1440,2620,1485,175/70R13,3.89,3.23;1.78;1.25;0.94;0.77,5,manual/automatic,190,11.5,8.8,5.7,bosch,1Авто справочник Bosch 2е рус издание.md,,"Bosch Automotive Handbook, 2nd Russian edition, printed p. 956: Honda Civic Aerodeck 1.5i; power 84 (114) 6500; torque 134 5200; curb/gross mass 1135/1610 kg; dimensions 4425 x 1695 x 1440 mm.","Table scope: representative passenger-car specifications current at 1999-03-01; source cited by the book as Automobil Revue Katalog 1999. Year is blank because the table date is not a model year. Payload is gross minus curb mass where both are reported; track width is the mean of the reported front/rear tracks. Fuel pairs are stored as highway/city in the source's extra-urban/city order; for DIN triples, highway stores the 90 km/h observation and city the third value. Source body code: 5 Ko 5."
Honda,Accord Coupe 2.0i,,International,car,M1,Coupe,FWD,ICE,Gasoline,1997,108,184,1355,,,5,4765,1785,1400,2670,1545,195/65R15,4.26,3.29;1.96;1.34;1.03;0.81,5,manual,208,10.1,12.2,7.1,bosch,1Авто справочник Bosch 2е рус издание.md,,"Bosch Automotive Handbook, 2nd Russian edition, printed p. 957: Honda Accord Coupe 2.0i; power 108 (147) 6000; torque 184 5000; curb/gross mass  1355/ – kg; dimensions 4765 x 1785 x 1400 mm.","Table scope: representative passenger-car specifications current at 1999-03-01; source cited by the book as Automobil Revue Katalog 1999. Year is blank because the table date is not a model year. Payload is gross minus curb mass where both are reported; track width is the mean of the reported front/rear tracks. Fuel pairs are stored as highway/city in the source's extra-urban/city order; for DIN triples, highway stores the 90 km/h observation and city the third value. Source body code: 2 Co 5."
Honda,Capa 1.5i,,International,car,M1,Microvan,FWD,ICE,Gasoline,1493,72,133,1110,,,5,3775,1640,1650,2360,1422.5,175/70R13,,,,,170,,9,4.5,bosch,1Авто справочник Bosch 2е рус издание.md,,"Bosch Automotive Handbook, 2nd Russian edition, printed p. 957: Honda Capa 1.5i; power 72 (98) 6300; torque 133 3500; curb/gross mass  1110/ – kg; dimensions 3775 x 1640 x 1650 mm.","Table scope: representative passenger-car specifications current at 1999-03-01; source cited by the book as Automobil Revue Katalog 1999. Year is blank because the table date is not a model year. Payload is gross minus curb mass where both are reported; track width is the mean of the reported front/rear tracks. Fuel pairs are stored as highway/city in the source's extra-urban/city order; for DIN triples, highway stores the 90 km/h observation and city the third value. Source body code: 5 Mv 5."
Honda,Odyssey 3.5i,,International,car,M1,MPV,FWD,ICE,Gasoline,3471,157,310,1910,,,7,5110,1920,1730,3000,1680,215/65R16,0.88,2.43;1.37,4,automatic,190,,13.1,9,bosch,1Авто справочник Bosch 2е рус издание.md,,"Bosch Automotive Handbook, 2nd Russian edition, printed p. 957: Honda Odyssey 3.5i; power 157 (213) 5200; torque 310 4300; curb/gross mass  1910/ – kg; dimensions 5110 x 1920 x 1730 mm.","Table scope: representative passenger-car specifications current at 1999-03-01; source cited by the book as Automobil Revue Katalog 1999. Year is blank because the table date is not a model year. Payload is gross minus curb mass where both are reported; track width is the mean of the reported front/rear tracks. Fuel pairs are stored as highway/city in the source's extra-urban/city order; for DIN triples, highway stores the 90 km/h observation and city the third value. Source body code: 5 Gli 7."
Honda,HR-V 1.6i,,International,car,M1,SUV,AWD,ICE,Gasoline,1590,77,135,1125,1530,405,4,4010,1695,1590,2350,1462.5,195/70R15,0.87,3.5;1.96;1.34;1.07,,CVT,165,11.2,9.9,7.2,bosch,1Авто справочник Bosch 2е рус издание.md,,"Bosch Automotive Handbook, 2nd Russian edition, printed p. 957: Honda HR-V 1.6i; power 77 (105) 6200; torque 135 3400; curb/gross mass  1125/ 1530 kg; dimensions 4010 x 1695 x 1590 mm.","Table scope: representative passenger-car specifications current at 1999-03-01; source cited by the book as Automobil Revue Katalog 1999. Year is blank because the table date is not a model year. Payload is gross minus curb mass where both are reported; track width is the mean of the reported front/rear tracks. Fuel pairs are stored as highway/city in the source's extra-urban/city order; for DIN triples, highway stores the 90 km/h observation and city the third value. Source body code: 3 Ge 4."
Lexus,IS 200 2.0i,,International,car,M1,Sedan,RWD,ICE,Gasoline,1988,114,195,1300,,,5,4400,1720,1410,2670,1490,215/45R17,,,6,manual/automatic,215,9.5,13,7,bosch,1Авто справочник Bosch 2е рус издание.md,,"Bosch Automotive Handbook, 2nd Russian edition, printed p. 957: Lexus IS 200 2.0i; power 114 (155) 6200; torque 195 4400; curb/gross mass  1300/ – kg; dimensions 4400 x 1720 x 1410 mm.","Table scope: representative passenger-car specifications current at 1999-03-01; source cited by the book as Automobil Revue Katalog 1999. Year is blank because the table date is not a model year. Payload is gross minus curb mass where both are reported; track width is the mean of the reported front/rear tracks. Fuel pairs are stored as highway/city in the source's extra-urban/city order; for DIN triples, highway stores the 90 km/h observation and city the third value. Source body code: 4 Li 5."
Lexus,GS 300 3.0i,,International,car,M1,Sedan,RWD,ICE,Gasoline,2997,163,298,1665,2120,455,5,4810,1800,1450,2800,1522.5,225/55R16,3.62,3.36;2.18;1.43;1;0.75,5,automatic,230,8.2,16,8.8,bosch,1Авто справочник Bosch 2е рус издание.md,,"Bosch Automotive Handbook, 2nd Russian edition, printed p. 957: Lexus GS 300 3.0i; power 163 (222) 5800; torque 298 3800; curb/gross mass  1665/ 2120 kg; dimensions 4810 x 1800 x 1450 mm.","Table scope: representative passenger-car specifications current at 1999-03-01; source cited by the book as Automobil Revue Katalog 1999. Year is blank because the table date is not a model year. Payload is gross minus curb mass where both are reported; track width is the mean of the reported front/rear tracks. Fuel pairs are stored as highway/city in the source's extra-urban/city order; for DIN triples, highway stores the 90 km/h observation and city the third value. Source body code: 4 Li 5."
Mazda,AZ Wagon 0.7 Ti,,International,car,M1,Microvan,FWD,ICE,Gasoline,657,44,83,750,,,4,3395,1475,1690,2360,1290,135R12,5.94,3.38;2.06;1.28;0.89;0.72,5,manual,135,,8,4,bosch,1Авто справочник Bosch 2е рус издание.md,,"Bosch Automotive Handbook, 2nd Russian edition, printed p. 957: Mazda AZ Wagon 0.7 Ti; power 44 (60) 6000; torque 83 4000; curb/gross mass  750/ – kg; dimensions 3395 x 1475 x 1690 mm.","Table scope: representative passenger-car specifications current at 1999-03-01; source cited by the book as Automobil Revue Katalog 1999. Year is blank because the table date is not a model year. Payload is gross minus curb mass where both are reported; track width is the mean of the reported front/rear tracks. Fuel pairs are stored as highway/city in the source's extra-urban/city order; for DIN triples, highway stores the 90 km/h observation and city the third value. Source body code: 3/5 Mv 4."
Mazda,Demio 1.3i,,International,car,M1,Station wagon,FWD,ICE,Gasoline,1324,53,105,950,1450,500,5,3810,1670,1540,2390,1420,,3.85,3.42;1.84;1.29;0.97;0.82,5,manual/automatic,158,13.2,8.7,6,bosch,1Авто справочник Bosch 2е рус издание.md,,"Bosch Automotive Handbook, 2nd Russian edition, printed p. 958: Mazda Demio 1.3i; power 53 (72) 5500; torque 105 3500; curb/gross mass 950/1450 kg; dimensions 3810 x 1670 x 1540 mm.","Table scope: representative passenger-car specifications current at 1999-03-01; source cited by the book as Automobil Revue Katalog 1999. Year is blank because the table date is not a model year. Payload is gross minus curb mass where both are reported; track width is the mean of the reported front/rear tracks. Fuel pairs are stored as highway/city in the source's extra-urban/city order; for DIN triples, highway stores the 90 km/h observation and city the third value. Source body code: 5 Ko 5."
Mazda,323P 1.5i,,International,car,M1,Sedan,FWD,ICE,Gasoline,1498,65,132,1010,1540,530,5,4035,1695,1410,2505,1460,,4.11,3.42;1.84;1.29;0.97;0.78,5,manual/automatic,173,11.8,9.7,6.3,bosch,1Авто справочник Bosch 2е рус издание.md,,"Bosch Automotive Handbook, 2nd Russian edition, printed p. 958: Mazda 323P 1.5i; power 65 (88) 5500; torque 132 4000; curb/gross mass 1010/1540 kg; dimensions 4035 x 1695 x 1410 mm.","Table scope: representative passenger-car specifications current at 1999-03-01; source cited by the book as Automobil Revue Katalog 1999. Year is blank because the table date is not a model year. Payload is gross minus curb mass where both are reported; track width is the mean of the reported front/rear tracks. Fuel pairs are stored as highway/city in the source's extra-urban/city order; for DIN triples, highway stores the 90 km/h observation and city the third value. Source body code: 3 Li 5."
Mazda,626 Wagon 2.0i,,International,car,M1,Station wagon,FWD,ICE,Gasoline,1991,100,181,1305,1850,545,5,4660,1710,1520,2670,1475,,4.11,3.31;1.83;1.31;0.97;0.76,5,manual/automatic,202,10.5,10.9,6.7,bosch,1Авто справочник Bosch 2е рус издание.md,,"Bosch Automotive Handbook, 2nd Russian edition, printed p. 958: Mazda 626 Wagon 2.0i; power 100 (136) 5800; torque 181 4500; curb/gross mass 1305/1850 kg; dimensions 4660 x 1710 x 1520 mm.","Table scope: representative passenger-car specifications current at 1999-03-01; source cited by the book as Automobil Revue Katalog 1999. Year is blank because the table date is not a model year. Payload is gross minus curb mass where both are reported; track width is the mean of the reported front/rear tracks. Fuel pairs are stored as highway/city in the source's extra-urban/city order; for DIN triples, highway stores the 90 km/h observation and city the third value. Source body code: 5 Ko 5."
Mitsubishi,Colt 1.6i,,International,car,M1,Sedan,FWD,ICE,Gasoline,1597,129,167,1020,1445,425,5,4290,1690,1390,2500,1455,,4.63,3.07;1.95;1.38;1.03;0.77,5,manual/automatic,210,7.5,14,8,bosch,1Авто справочник Bosch 2е рус издание.md,,"Bosch Automotive Handbook, 2nd Russian edition, printed p. 958: Mitsubishi Colt 1.6i; power 129 (175) 7500; torque 167 7000; curb/gross mass 1020/1445 kg; dimensions 4290 x 1690 x 1390 mm.","Table scope: representative passenger-car specifications current at 1999-03-01; source cited by the book as Automobil Revue Katalog 1999. Year is blank because the table date is not a model year. Payload is gross minus curb mass where both are reported; track width is the mean of the reported front/rear tracks. Fuel pairs are stored as highway/city in the source's extra-urban/city order; for DIN triples, highway stores the 90 km/h observation and city the third value. Source body code: 4/3 Li 5."
Mitsubishi,Carisma 1.8 GDI,,International,car,M1,Sedan,FWD,ICE,Gasoline,1834,92,174,1215,1685,470,5,4435,1695,1400,2550,1465,,3.72,3.58;1.95;1.27;0.97;0.77,5,manual/automatic,200,10,8.4,5,bosch,1Авто справочник Bosch 2е рус издание.md,,"Bosch Automotive Handbook, 2nd Russian edition, printed p. 958: Mitsubishi Carisma 1.8 GDI; power 92 (125) 5500; torque 174 3750; curb/gross mass 1215/1685 kg; dimensions 4435 x 1695 x 1400 mm.","Table scope: representative passenger-car specifications current at 1999-03-01; source cited by the book as Automobil Revue Katalog 1999. Year is blank because the table date is not a model year. Payload is gross minus curb mass where both are reported; track width is the mean of the reported front/rear tracks. Fuel pairs are stored as highway/city in the source's extra-urban/city order; for DIN triples, highway stores the 90 km/h observation and city the third value. Source body code: 4/5 Li 5."
Mitsubishi,Space Star 1.3i,,International,car,M1,,FWD,ICE,Gasoline,1299,63,117,1120,1655,535,,4030,1700,1520,2500,1472.5,,4.21,3.73;2.05;1.32;0.97;0.79,5,manual,170,13.4,9,5.6,bosch,1Авто справочник Bosch 2е рус издание.md,,"Bosch Automotive Handbook, 2nd Russian edition, printed p. 959: Mitsubishi Space Star 1.3i; power 63 (86) 6000; torque 117 3000; curb/gross mass 1120/1655 kg; dimensions 4030 x 1700 x 1520 mm.","Table scope: representative passenger-car specifications current at 1999-03-01; source cited by the book as Automobil Revue Katalog 1999. Year is blank because the table date is not a model year. Payload is gross minus curb mass where both are reported; track width is the mean of the reported front/rear tracks. Fuel pairs are stored as highway/city in the source's extra-urban/city order; for DIN triples, highway stores the 90 km/h observation and city the third value. Source body code: not recovered from OCR."
Nissan,Almera 1.4i,,International,car,M1,Sedan,FWD,ICE,Gasoline,1392,64,116,1035,1545,510,5,4120,1690,1390,2535,1452.5,,4.17,3.33;1.96;1.29;0.9;0.73,5,manual,172,12.6,9.2,5.8,bosch,1Авто справочник Bosch 2е рус издание.md,,"Bosch Automotive Handbook, 2nd Russian edition, printed p. 959: Nissan Almera 1.4i; power 64 (87) 6000; torque 116 4000; curb/gross mass 1035/1545 kg; dimensions 4120 x 1690 x 1390 mm.","Table scope: representative passenger-car specifications current at 1999-03-01; source cited by the book as Automobil Revue Katalog 1999. Year is blank because the table date is not a model year. Payload is gross minus curb mass where both are reported; track width is the mean of the reported front/rear tracks. Fuel pairs are stored as highway/city in the source's extra-urban/city order; for DIN triples, highway stores the 90 km/h observation and city the third value. Source body code: 3/4/5 Li 5."
Nissan,Terrano II 2.4i,,International,car,M1,SUV,AWD,ICE,Gasoline,2389,85,191,1630,2510,880,5,4185,1755,1830,2450,1442.5,,4.63,3.59;2.25;1.42;1;0.82,5,manual,160,13.7,15.8,10.3,bosch,1Авто справочник Bosch 2е рус издание.md,,"Bosch Automotive Handbook, 2nd Russian edition, printed p. 959: Nissan Terrano II 2.4i; power 85 (116) 4800; torque 191 3200; curb/gross mass 1630/2510 kg; dimensions 4185 x 1755 x 1830 mm.","Table scope: representative passenger-car specifications current at 1999-03-01; source cited by the book as Automobil Revue Katalog 1999. Year is blank because the table date is not a model year. Payload is gross minus curb mass where both are reported; track width is the mean of the reported front/rear tracks. Fuel pairs are stored as highway/city in the source's extra-urban/city order; for DIN triples, highway stores the 90 km/h observation and city the third value. Source body code: 3/5 Ge 5."
Subaru,Legacy 2.0i,,International,car,M1,Sedan,AWD,ICE,Gasoline,1994,92,184,1370,1815,445,5,4600,1700,1410,2650,1457.5,,3.9,3.55;2.11;1.45;1.09;0.87,5,manual/automatic,188,10.8,12.3,7.7,bosch,1Авто справочник Bosch 2е рус издание.md,,"Bosch Automotive Handbook, 2nd Russian edition, printed p. 959: Subaru Legacy 2.0i; power 92 (125) 5600; torque 184 3600; curb/gross mass 1370/1815 kg; dimensions 4600 x 1700 x 1410 mm.","Table scope: representative passenger-car specifications current at 1999-03-01; source cited by the book as Automobil Revue Katalog 1999. Year is blank because the table date is not a model year. Payload is gross minus curb mass where both are reported; track width is the mean of the reported front/rear tracks. Fuel pairs are stored as highway/city in the source's extra-urban/city order; for DIN triples, highway stores the 90 km/h observation and city the third value. Source body code: 4 Li 5."
Suzuki,Wagon R 1.0i,,International,car,M1,Microvan,FWD,ICE,Gasoline,997,48,181,845,1330,485,4,3410,1575,1700,2335,1357.5,,4.39,3.42;1.89;1.28;0.91;0.76,5,manual,140,,7.6,5,bosch,1Авто справочник Bosch 2е рус издание.md,,"Bosch Automotive Handbook, 2nd Russian edition, printed p. 959: Suzuki Wagon R 1.0i; power 48 (65) 6500; torque 181 3500; curb/gross mass 845/1330 kg; dimensions 3410 x 1575 x 1700 mm.","Table scope: representative passenger-car specifications current at 1999-03-01; source cited by the book as Automobil Revue Katalog 1999. Year is blank because the table date is not a model year. Payload is gross minus curb mass where both are reported; track width is the mean of the reported front/rear tracks. Fuel pairs are stored as highway/city in the source's extra-urban/city order; for DIN triples, highway stores the 90 km/h observation and city the third value. Source body code: 5 Mv 4."
Suzuki,X-90 1.6i,,International,car,M1,SUV,AWD,ICE,Gasoline,1590,71,132,1100,1360,260,2,3710,1695,1560,2200,1427.5,,4.3,3.65;1.95;1.38;1;0.8,5,manual/automatic,150,,9.8,6.7,bosch,1Авто справочник Bosch 2е рус издание.md,,"Bosch Automotive Handbook, 2nd Russian edition, printed p. 959: Suzuki X-90 1.6i; power 71 (97) 5600; torque 132 4000; curb/gross mass 1100/1360 kg; dimensions 3710 x 1695 x 1560 mm.","Table scope: representative passenger-car specifications current at 1999-03-01; source cited by the book as Automobil Revue Katalog 1999. Year is blank because the table date is not a model year. Payload is gross minus curb mass where both are reported; track width is the mean of the reported front/rear tracks. Fuel pairs are stored as highway/city in the source's extra-urban/city order; for DIN triples, highway stores the 90 km/h observation and city the third value. Source body code: 2 Ge 2."
Toyota,Yaris 1.0i,,International,car,M1,Sedan,FWD,ICE,Gasoline,998,50,90,820,,,5,3610,1660,1500,2370,1440,,3.94,3.55;1.91;1.31;0.97;0.8,5,manual/automatic,156,12,8,5,bosch,1Авто справочник Bosch 2е рус издание.md,,"Bosch Automotive Handbook, 2nd Russian edition, printed p. 959: Toyota Yaris 1.0i; power 50 (68) 6000; torque 90 4100; curb/gross mass 820/– kg; dimensions 3610 x 1660 x 1500 mm.","Table scope: representative passenger-car specifications current at 1999-03-01; source cited by the book as Automobil Revue Katalog 1999. Year is blank because the table date is not a model year. Payload is gross minus curb mass where both are reported; track width is the mean of the reported front/rear tracks. Fuel pairs are stored as highway/city in the source's extra-urban/city order; for DIN triples, highway stores the 90 km/h observation and city the third value. Source body code: 5 Li 5."
Toyota,Avensis 2.0 TD-CR,,International,car,M1,Sedan,FWD,ICE,Diesel,1975,82,250,1280,1830,550,5,4490,1710,1430,2630,1465,,3.74,3.54;2.04;1.32;0.95;0.73,5,manual,180,12,8.5,5.2,bosch,1Авто справочник Bosch 2е рус издание.md,,"Bosch Automotive Handbook, 2nd Russian edition, printed p. 960: Toyota Avensis 2.0 TD-CR; power 82 (112) 4000; torque 250 2500; curb/gross mass 1280/1830 kg; dimensions 4490 x 1710 x 1430 mm.","Table scope: representative passenger-car specifications current at 1999-03-01; source cited by the book as Automobil Revue Katalog 1999. Year is blank because the table date is not a model year. Payload is gross minus curb mass where both are reported; track width is the mean of the reported front/rear tracks. Fuel pairs are stored as highway/city in the source's extra-urban/city order; for DIN triples, highway stores the 90 km/h observation and city the third value. Source body code: 4/5 Li 5."
Toyota,Picnic 2.0i,,International,car,M1,Sedan,FWD,ICE,Gasoline,1998,94,178,1335,2010,675,6,4530,1695,1620,2735,1460,,3.94,3.54;2.04;1.32;1.03;0.82,5,manual/automatic,180,10.8,12.3,7.4,bosch,1Авто справочник Bosch 2е рус издание.md,,"Bosch Automotive Handbook, 2nd Russian edition, printed p. 960: Toyota Picnic 2.0i; power 94 (128) 5400; torque 178 4400; curb/gross mass 1335/2010 kg; dimensions 4530 x 1695 x 1620 mm.","Table scope: representative passenger-car specifications current at 1999-03-01; source cited by the book as Automobil Revue Katalog 1999. Year is blank because the table date is not a model year. Payload is gross minus curb mass where both are reported; track width is the mean of the reported front/rear tracks. Fuel pairs are stored as highway/city in the source's extra-urban/city order; for DIN triples, highway stores the 90 km/h observation and city the third value. Source body code: 5 Li 6."
Daewoo,Matiz 0.8i,,International,car,M1,Sedan,FWD,ICE,Gasoline,796,38,69,725,1210,485,5,3595,1495,1480,2340,1297.5,,4.44,3.82;2.21;1.42;1.03;0.84,5,manual,144,17,8.4,5.2,bosch,1Авто справочник Bosch 2е рус издание.md,,"Bosch Automotive Handbook, 2nd Russian edition, printed p. 960: Daewoo Matiz 0.8i; power 38 (52) 5900; torque 69 4600; curb/gross mass 725/1210 kg; dimensions 3595 x 1495 x 1480 mm.","Table scope: representative passenger-car specifications current at 1999-03-01; source cited by the book as Automobil Revue Katalog 1999. Year is blank because the table date is not a model year. Payload is gross minus curb mass where both are reported; track width is the mean of the reported front/rear tracks. Fuel pairs are stored as highway/city in the source's extra-urban/city order; for DIN triples, highway stores the 90 km/h observation and city the third value. Source body code: 5 Li 5."
Daewoo,Lanos 1.3i,,International,car,M1,Sedan,FWD,ICE,Gasoline,1349,55,113,1005,1595,590,5,4235,1680,1430,2520,1415,,4.18,3.55;2.05;1.35;0.97;0.76,5,manual,170,15,11.4,5.9,bosch,1Авто справочник Bosch 2е рус издание.md,,"Bosch Automotive Handbook, 2nd Russian edition, printed p. 960: Daewoo Lanos 1.3i; power 55 (75) 5400; torque 113 3400; curb/gross mass 1005/1595 kg; dimensions 4235 x 1680 x 1430 mm.","Table scope: representative passenger-car specifications current at 1999-03-01; source cited by the book as Automobil Revue Katalog 1999. Year is blank because the table date is not a model year. Payload is gross minus curb mass where both are reported; track width is the mean of the reported front/rear tracks. Fuel pairs are stored as highway/city in the source's extra-urban/city order; for DIN triples, highway stores the 90 km/h observation and city the third value. Source body code: 4/3/5 Li 5."
Daewoo,Nubira 2.0i,,International,car,M1,Station wagon,FWD,ICE,Gasoline,1998,100,184,1285,1860,575,5,4515,1700,1430,2570,1460,,3.55,3.55;2.16;1.48;1.13;0.87,5,manual/automatic,195,9,15.1,7.4,bosch,1Авто справочник Bosch 2е рус издание.md,,"Bosch Automotive Handbook, 2nd Russian edition, printed p. 960: Daewoo Nubira 2.0i; power 100 (136) 5600; torque 184 4000; curb/gross mass 1285/1860 kg; dimensions 4515 x 1700 x 1430 mm.","Table scope: representative passenger-car specifications current at 1999-03-01; source cited by the book as Automobil Revue Katalog 1999. Year is blank because the table date is not a model year. Payload is gross minus curb mass where both are reported; track width is the mean of the reported front/rear tracks. Fuel pairs are stored as highway/city in the source's extra-urban/city order; for DIN triples, highway stores the 90 km/h observation and city the third value. Source body code: 5 Ko 5."
Hyundai,Atos 1.0i,,International,car,M1,Microvan,FWD,ICE,Gasoline,999,41,82,820,1220,400,5,3495,1495,1610,2380,1307.5,,4.53,3.54;1.95;1.31;0.92;0.78,5,manual/automatic,142,15.1,8,5.4,bosch,1Авто справочник Bosch 2е рус издание.md,,"Bosch Automotive Handbook, 2nd Russian edition, printed p. 961: Hyundai Atos 1.0i; power 41 (56) 5500; torque 82 3100; curb/gross mass 820/1220 kg; dimensions 3495 x 1495 x 1610 mm.","Table scope: representative passenger-car specifications current at 1999-03-01; source cited by the book as Automobil Revue Katalog 1999. Year is blank because the table date is not a model year. Payload is gross minus curb mass where both are reported; track width is the mean of the reported front/rear tracks. Fuel pairs are stored as highway/city in the source's extra-urban/city order; for DIN triples, highway stores the 90 km/h observation and city the third value. Source body code: 5 Mv 5."
Hyundai,Coupé 2.0i,,International,car,M1,Coupe,FWD,ICE,Gasoline,1975,102,182,1250,1600,350,,4340,1730,1300,2480,1460,,3.84,3.31;1.95;1.39;1.06;0.84,5,manual/automatic,201,8.6,11.4,7.3,bosch,1Авто справочник Bosch 2е рус издание.md,,"Bosch Automotive Handbook, 2nd Russian edition, printed p. 961: Hyundai Coupé 2.0i; power 102 (139) 6000; torque 182 4900; curb/gross mass 1250/1600 kg; dimensions 4340 x 1730 x 1300 mm.","Table scope: representative passenger-car specifications current at 1999-03-01; source cited by the book as Automobil Revue Katalog 1999. Year is blank because the table date is not a model year. Payload is gross minus curb mass where both are reported; track width is the mean of the reported front/rear tracks. Fuel pairs are stored as highway/city in the source's extra-urban/city order; for DIN triples, highway stores the 90 km/h observation and city the third value. Source body code: 3 Co 4/5."
Kia,Carnival 2.5i,,International,car,M1,MPV,FWD,ICE,Gasoline,2497,121,222,1735,2425,690,,4890,1895,1730,2905,1612.5,,4.31,3.75;1.95;1.3;0.94;0.75,5,manual/automatic,185,,15.3,8.9,bosch,1Авто справочник Bosch 2е рус издание.md,,"Bosch Automotive Handbook, 2nd Russian edition, printed p. 961: Kia Carnival 2.5i; power 121 (165) 6500; torque 222 4100; curb/gross mass 1735/2425 kg; dimensions 4890 x 1895 x 1730 mm.","Table scope: representative passenger-car specifications current at 1999-03-01; source cited by the book as Automobil Revue Katalog 1999. Year is blank because the table date is not a model year. Payload is gross minus curb mass where both are reported; track width is the mean of the reported front/rear tracks. Fuel pairs are stored as highway/city in the source's extra-urban/city order; for DIN triples, highway stores the 90 km/h observation and city the third value. Source body code: 5 Gli 5-7."
Saab,9-3 2.0i,,International,car,M1,Sedan,FWD,ICE,Gasoline,1985,96,177,1295,1860,565,5,4630,1710,1430,2600,1445,,4.45,3.38;1.76;1.12;0.89;0.7,5,manual/automatic,200,11,13.1,6.8,bosch,1Авто справочник Bosch 2е рус издание.md,,"Bosch Automotive Handbook, 2nd Russian edition, printed p. 961: Saab 9-3 2.0i; power 96 (131) 6100; torque 177 4300; curb/gross mass 1295/1860 kg; dimensions 4630 x 1710 x 1430 mm.","Table scope: representative passenger-car specifications current at 1999-03-01; source cited by the book as Automobil Revue Katalog 1999. Year is blank because the table date is not a model year. Payload is gross minus curb mass where both are reported; track width is the mean of the reported front/rear tracks. Fuel pairs are stored as highway/city in the source's extra-urban/city order; for DIN triples, highway stores the 90 km/h observation and city the third value. Source body code: 5/3 Li 5."
Saab,9-3 2.2 TD,,International,car,M1,Sedan,FWD,ICE,Diesel,2172,85,260,1350,1910,560,5,4630,1710,1430,2600,1445,,4.45,3.38;1.76;1.12;0.89;0.7,5,manual/automatic,200,10.9,8.9,4.6,bosch,1Авто справочник Bosch 2е рус издание.md,,"Bosch Automotive Handbook, 2nd Russian edition, printed p. 961: Saab 9-3 2.2 TD; power 85 (116) 4300; torque 260 1900; curb/gross mass 1350/1910 kg; dimensions 4630 x 1710 x 1430 mm.","Table scope: representative passenger-car specifications current at 1999-03-01; source cited by the book as Automobil Revue Katalog 1999. Year is blank because the table date is not a model year. Payload is gross minus curb mass where both are reported; track width is the mean of the reported front/rear tracks. Fuel pairs are stored as highway/city in the source's extra-urban/city order; for DIN triples, highway stores the 90 km/h observation and city the third value. Source body code: 3/5 Li 5."
Saab,9-5 2.0i Turbo,,International,car,M1,Sedan,FWD,ICE,Gasoline,1985,110,215,1485,,,5,4810,1790,1450,2705,1520,,4.05,3.38;1.76;1.18;0.89;0.66,5,manual/automatic,215,9.8,13.5,7.2,bosch,1Авто справочник Bosch 2е рус издание.md,,"Bosch Automotive Handbook, 2nd Russian edition, printed p. 961: Saab 9-5 2.0i Turbo; power 110 (150) 5500; torque 215 2500; curb/gross mass 1485/— kg; dimensions 4810 x 1790 x 1450 mm.","Table scope: representative passenger-car specifications current at 1999-03-01; source cited by the book as Automobil Revue Katalog 1999. Year is blank because the table date is not a model year. Payload is gross minus curb mass where both are reported; track width is the mean of the reported front/rear tracks. Fuel pairs are stored as highway/city in the source's extra-urban/city order; for DIN triples, highway stores the 90 km/h observation and city the third value. Source body code: 4 Li 5."
Saab,9-5 3.0i Turbo,,International,car,M1,Station wagon,FWD,ICE,Gasoline,2962,147,310,1650,2180,530,5,4810,1790,1450,2705,1520,,4.28,2.58;1.41;1;0.74,4,automatic,230,8.7,17.2,8.5,bosch,1Авто справочник Bosch 2е рус издание.md,,"Bosch Automotive Handbook, 2nd Russian edition, printed p. 961: Saab 9-5 3.0i Turbo; power 147 (200) 5000; torque 310 2500; curb/gross mass 1650/2180 kg; dimensions 4810 x 1790 x 1450 mm.","Table scope: representative passenger-car specifications current at 1999-03-01; source cited by the book as Automobil Revue Katalog 1999. Year is blank because the table date is not a model year. Payload is gross minus curb mass where both are reported; track width is the mean of the reported front/rear tracks. Fuel pairs are stored as highway/city in the source's extra-urban/city order; for DIN triples, highway stores the 90 km/h observation and city the third value. Source body code: 5 Ko 5."
Volvo,S40 1.8i,,International,car,M1,Sedan,FWD,ICE,Gasoline,1834,92,174,1230,1750,520,5,4480,1720,1390,2550,1460,,3.72,1;2;3.58;1.94;3;4,5,manual/automatic,200,10.5,9.1,5.7,bosch,1Авто справочник Bosch 2е рус издание.md,,"Bosch Automotive Handbook, 2nd Russian edition, printed p. 962: Volvo S40 1.8i; power 92 (125); torque 174; curb/gross mass 1230/1750 kg; dimensions 4480 x 1720 x 1390 mm.","Table scope: representative passenger-car specifications current at 1999-03-01; source cited by the book as Automobil Revue Katalog 1999. Year is blank because the table date is not a model year. Payload is gross minus curb mass where both are reported; track width is the mean of the reported front/rear tracks. Fuel pairs are stored as highway/city in the source's extra-urban/city order; for DIN triples, highway stores the 90 km/h observation and city the third value. Source body code: 4 Li 5."
Volvo,V40 1.9 TDI,,International,car,M1,Station wagon,FWD,ICE,Diesel,1870,70,190,1250,1790,540,5,4480,1720,1390,2550,1460,,3.44,1;2;3.61;1.86;3;4,5,manual/automatic,180,12.5,8.3,5.2,bosch,1Авто справочник Bosch 2е рус издание.md,,"Bosch Automotive Handbook, 2nd Russian edition, printed p. 962: Volvo V40 1.9 TDI; power 70 (95); torque 190; curb/gross mass 1250/1790 kg; dimensions 4480 x 1720 x 1390 mm.","Table scope: representative passenger-car specifications current at 1999-03-01; source cited by the book as Automobil Revue Katalog 1999. Year is blank because the table date is not a model year. Payload is gross minus curb mass where both are reported; track width is the mean of the reported front/rear tracks. Fuel pairs are stored as highway/city in the source's extra-urban/city order; for DIN triples, highway stores the 90 km/h observation and city the third value. Source body code: 5 Ko 5."
Volvo,S70 2.0i,,International,car,M1,Sedan,FWD,ICE,Gasoline,1984,93,170,1430,1890,460,5,4720,1760,1400,2660,1495,,4.45,1;2;3.07;1.77;3;4,5,manual/automatic,195,11.7,13.4,8.1,bosch,1Авто справочник Bosch 2е рус издание.md,,"Bosch Automotive Handbook, 2nd Russian edition, printed p. 962: Volvo S70 2.0i; power 93 (126); torque 170; curb/gross mass 1430/1890 kg; dimensions 4720 x 1760 x 1400 mm.","Table scope: representative passenger-car specifications current at 1999-03-01; source cited by the book as Automobil Revue Katalog 1999. Year is blank because the table date is not a model year. Payload is gross minus curb mass where both are reported; track width is the mean of the reported front/rear tracks. Fuel pairs are stored as highway/city in the source's extra-urban/city order; for DIN triples, highway stores the 90 km/h observation and city the third value. Source body code: 4 Li 5."
Volvo,V70 2.4i,,International,car,M1,Station wagon,FWD,ICE,Gasoline,2435,125,220,1470,1970,500,5,4720,1760,1430,2660,1495,,4,1;2;3.07;1.77;3;4,5,manual/automatic,210,9.2,15,7.8,bosch,1Авто справочник Bosch 2е рус издание.md,,"Bosch Automotive Handbook, 2nd Russian edition, printed p. 962: Volvo V70 2.4i; power 125 (170); torque 220; curb/gross mass 1470/1970 kg; dimensions 4720 x 1760 x 1430 mm.","Table scope: representative passenger-car specifications current at 1999-03-01; source cited by the book as Automobil Revue Katalog 1999. Year is blank because the table date is not a model year. Payload is gross minus curb mass where both are reported; track width is the mean of the reported front/rear tracks. Fuel pairs are stored as highway/city in the source's extra-urban/city order; for DIN triples, highway stores the 90 km/h observation and city the third value. Source body code: 5 Ko 5."
Volvo,S80 2.8 T6,,International,car,M1,Sedan,FWD,ICE,Gasoline,2783,200,350,1590,2100,510,5,4820,1830,1450,2790,1570,,3.29,1;2;2.92;1.57;3;4,4,automatic,250,7.2,16.4,8,bosch,1Авто справочник Bosch 2е рус издание.md,,"Bosch Automotive Handbook, 2nd Russian edition, printed p. 962: Volvo S80 2.8 T6; power 200 (272); torque 350; curb/gross mass 1590/2100 kg; dimensions 4820 x 1830 x 1450 mm.","Table scope: representative passenger-car specifications current at 1999-03-01; source cited by the book as Automobil Revue Katalog 1999. Year is blank because the table date is not a model year. Payload is gross minus curb mass where both are reported; track width is the mean of the reported front/rear tracks. Fuel pairs are stored as highway/city in the source's extra-urban/city order; for DIN triples, highway stores the 90 km/h observation and city the third value. Source body code: 4 Li 5."
Volvo,C70 2.3i,,International,car,M1,Convertible,FWD,ICE,Gasoline,2319,176,330,1560,1970,410,4,4720,1820,1410,2660,1520,,4,3.07;1.77;1.19;0.87,5,manual/automatic,250,6.9,16.3,8.4,bosch,1Авто справочник Bosch 2е рус издание.md,,"Bosch Automotive Handbook, 2nd Russian edition, printed p. 963: Volvo C70 2.3i; power 176 (239); torque 330; curb/gross mass 1560/1970 kg; dimensions 4720 x 1820 x 1410 mm.","Table scope: representative passenger-car specifications current at 1999-03-01; source cited by the book as Automobil Revue Katalog 1999. Year is blank because the table date is not a model year. Payload is gross minus curb mass where both are reported; track width is the mean of the reported front/rear tracks. Fuel pairs are stored as highway/city in the source's extra-urban/city order; for DIN triples, highway stores the 90 km/h observation and city the third value. Source body code: 2 Ca 4."
SEAT,Arosa 1.0i,,International,car,M1,Sedan,FWD,ICE,Gasoline,999,37,86,865,1265,400,5,3535,1640,1460,2325,1385,,4.06,3.46;2.1;1.45;1.1,5,manual,151,17.4,7.5,4.7,bosch,1Авто справочник Bosch 2е рус издание.md,,"Bosch Automotive Handbook, 2nd Russian edition, printed p. 963: SEAT Arosa 1.0i; power 37 (50); torque 86; curb/gross mass 865/1265 kg; dimensions 3535 x 1640 x 1460 mm.","Table scope: representative passenger-car specifications current at 1999-03-01; source cited by the book as Automobil Revue Katalog 1999. Year is blank because the table date is not a model year. Payload is gross minus curb mass where both are reported; track width is the mean of the reported front/rear tracks. Fuel pairs are stored as highway/city in the source's extra-urban/city order; for DIN triples, highway stores the 90 km/h observation and city the third value. Source body code: 3 Li 5."
SEAT,Arosa 1.7 SDI,,International,car,M1,Sedan,FWD,ICE,Diesel,1716,44,115,960,1360,400,5,3535,1640,1460,2325,1385,,3.33,3.46;1.96;1.25;0.98,5,manual,157,16.8,5.9,3.6,bosch,1Авто справочник Bosch 2е рус издание.md,,"Bosch Automotive Handbook, 2nd Russian edition, printed p. 963: SEAT Arosa 1.7 SDI; power 44 (60); torque 115; curb/gross mass 960/1360 kg; dimensions 3535 x 1640 x 1460 mm.","Table scope: representative passenger-car specifications current at 1999-03-01; source cited by the book as Automobil Revue Katalog 1999. Year is blank because the table date is not a model year. Payload is gross minus curb mass where both are reported; track width is the mean of the reported front/rear tracks. Fuel pairs are stored as highway/city in the source's extra-urban/city order; for DIN triples, highway stores the 90 km/h observation and city the third value. Source body code: 3 Li 5."
SEAT,Ibiza 1.9 TDI,,International,car,M1,Sedan,FWD,ICE,Diesel,1896,81,235,1060,1520,460,5,3855,1640,1420,2445,1412.5,,3.3,3.78;2.06;1.35;0.97,5,manual,193,10.2,6.4,3.9,bosch,1Авто справочник Bosch 2е рус издание.md,,"Bosch Automotive Handbook, 2nd Russian edition, printed p. 963: SEAT Ibiza 1.9 TDI; power 81 (110); torque 235; curb/gross mass 1060/1520 kg; dimensions 3855 x 1640 x 1420 mm.","Table scope: representative passenger-car specifications current at 1999-03-01; source cited by the book as Automobil Revue Katalog 1999. Year is blank because the table date is not a model year. Payload is gross minus curb mass where both are reported; track width is the mean of the reported front/rear tracks. Fuel pairs are stored as highway/city in the source's extra-urban/city order; for DIN triples, highway stores the 90 km/h observation and city the third value. Source body code: 5/3 Li 5."
SEAT,Cordoba 2.0i,,International,car,M1,Sedan,FWD,ICE,Gasoline,1984,110,180,1120,1580,460,5,4145,1640,1420,2445,1412.5,,3.68,3.3;1.94;1.31;1.03,5,manual,216,8.5,11.9,6.4,bosch,1Авто справочник Bosch 2е рус издание.md,,"Bosch Automotive Handbook, 2nd Russian edition, printed p. 963: SEAT Cordoba 2.0i; power 110 (150); torque 180; curb/gross mass 1120/1580 kg; dimensions 4145 x 1640 x 1420 mm.","Table scope: representative passenger-car specifications current at 1999-03-01; source cited by the book as Automobil Revue Katalog 1999. Year is blank because the table date is not a model year. Payload is gross minus curb mass where both are reported; track width is the mean of the reported front/rear tracks. Fuel pairs are stored as highway/city in the source's extra-urban/city order; for DIN triples, highway stores the 90 km/h observation and city the third value. Source body code: 4 Li 5."
Škoda,Octavia 1.8 T,,International,car,M1,Station wagon,FWD,ICE,Gasoline,1781,110,210,1315,1830,515,5,4510,1730,1430,2510,1502.5,,3.68,3.3;1.94;1.31;1.03,5,manual,216,9.1,10.9,6.2,bosch,1Авто справочник Bosch 2е рус издание.md,,"Bosch Automotive Handbook, 2nd Russian edition, printed p. 963: Škoda Octavia 1.8 T; power 110 (150); torque 210; curb/gross mass 1315/1830 kg; dimensions 4510 x 1730 x 1430 mm.","Table scope: representative passenger-car specifications current at 1999-03-01; source cited by the book as Automobil Revue Katalog 1999. Year is blank because the table date is not a model year. Payload is gross minus curb mass where both are reported; track width is the mean of the reported front/rear tracks. Fuel pairs are stored as highway/city in the source's extra-urban/city order; for DIN triples, highway stores the 90 km/h observation and city the third value. Source body code: 5 Ko 5."
Buick,Le Sabre 3.8i,,International,car,M1,Sedan,FWD,ICE,Gasoline,3791,153,312,1620,,,,5080,1865,1450,2850,1580,,2.86,2.92;1.57;1;0.7,4,automatic,200,,12.4,7.8,bosch,1Авто справочник Bosch 2е рус издание.md,,"Bosch Automotive Handbook, 2nd Russian edition, printed p. 963: Buick Le Sabre 3.8i; power 153 (208); torque 312; curb/gross mass 1620/– kg; dimensions 5080 x 1865 x 1450 mm.","Table scope: representative passenger-car specifications current at 1999-03-01; source cited by the book as Automobil Revue Katalog 1999. Year is blank because the table date is not a model year. Payload is gross minus curb mass where both are reported; track width is the mean of the reported front/rear tracks. Fuel pairs are stored as highway/city in the source's extra-urban/city order; for DIN triples, highway stores the 90 km/h observation and city the third value. Source body code: 4 Li 5-6."
Cadillac,Catera 3.0i,,International,car,M1,Sedan,RWD,ICE,Gasoline,2962,149,260,1710,,,5,4930,1790,1430,2730,1512.5,225/55R16,3.9,1;2;2.86;1.62;3;4,4,automatic,200,8.5,13.1,9.4,bosch,1Авто справочник Bosch 2е рус издание.md,,"Bosch Automotive Handbook, 2nd Russian edition, printed p. 964: Cadillac Catera 3.0i; power 149 (203) 6000; torque 260 3600; curb/gross mass 1710/– kg; dimensions 4930 x 1790 x 1430 mm.","Table scope: representative passenger-car specifications current at 1999-03-01; source cited by the book as Automobil Revue Katalog 1999. Year is blank because the table date is not a model year. Payload is gross minus curb mass where both are reported; track width is the mean of the reported front/rear tracks. Fuel pairs are stored as highway/city in the source's extra-urban/city order; for DIN triples, highway stores the 90 km/h observation and city the third value. Source body code: 4 Li 5."
Chevrolet,Impala 3.4i,,International,car,M1,Sedan,FWD,ICE,Gasoline,3350,134,279,1540,,,,5080,1855,1460,2805,1565,225/60R16,3.29,2.92;1.57;1;0.71,4,automatic,180,10,15,9,bosch,1Авто справочник Bosch 2е рус издание.md,,"Bosch Automotive Handbook, 2nd Russian edition, printed p. 964: Chevrolet Impala 3.4i; power 134 (182) 6000; torque 279 4000; curb/gross mass 1540/– kg; dimensions 5080 x 1855 x 1460 mm.","Table scope: representative passenger-car specifications current at 1999-03-01; source cited by the book as Automobil Revue Katalog 1999. Year is blank because the table date is not a model year. Payload is gross minus curb mass where both are reported; track width is the mean of the reported front/rear tracks. Fuel pairs are stored as highway/city in the source's extra-urban/city order; for DIN triples, highway stores the 90 km/h observation and city the third value. Source body code: 4 Li 5-6."
Chrysler,Stratus 2.5i,,International,car,M1,Sedan,FWD,ICE,Gasoline,2497,120,214,1435,1930,495,5,4750,1820,1380,2740,1530,185/65R15,3.91,2.84;1.57;1;0.69,4,automatic,210,10.5,15.1,7.1,bosch,1Авто справочник Bosch 2е рус издание.md,,"Bosch Automotive Handbook, 2nd Russian edition, printed p. 964: Chrysler Stratus 2.5i; power 120 (163) 5850; torque 214 4400; curb/gross mass 1435/1930 kg; dimensions 4750 x 1820 x 1380 mm.","Table scope: representative passenger-car specifications current at 1999-03-01; source cited by the book as Automobil Revue Katalog 1999. Year is blank because the table date is not a model year. Payload is gross minus curb mass where both are reported; track width is the mean of the reported front/rear tracks. Fuel pairs are stored as highway/city in the source's extra-urban/city order; for DIN triples, highway stores the 90 km/h observation and city the third value. Source body code: 4 Li 5."
Chrysler,Sebring 2.0i,,International,car,M1,Coupe,FWD,ICE,Gasoline,1996,104,177,1335,,,5,4850,1770,1340,2635,1507.5,195/70HR14,3.94,3.54;2.13;1.36;1.03;0.81,5,manual/automatic,200,11,12,8,bosch,1Авто справочник Bosch 2е рус издание.md,,"Bosch Automotive Handbook, 2nd Russian edition, printed p. 964: Chrysler Sebring 2.0i; power 104 (141) 6000; torque 177 4800; curb/gross mass 1335/– kg; dimensions 4850 x 1770 x 1340 mm.","Table scope: representative passenger-car specifications current at 1999-03-01; source cited by the book as Automobil Revue Katalog 1999. Year is blank because the table date is not a model year. Payload is gross minus curb mass where both are reported; track width is the mean of the reported front/rear tracks. Fuel pairs are stored as highway/city in the source's extra-urban/city order; for DIN triples, highway stores the 90 km/h observation and city the third value. Source body code: 2 Co 5."
Chrysler,300 M 2.7i,,International,car,M1,Sedan,FWD,ICE,Gasoline,2736,149,258,1610,2120,510,5,5000,1920,1420,2870,1570,225/55R17,3.89,2.84;1.57;1;0.69,4,automatic,210,10.2,11.2,9,bosch,1Авто справочник Bosch 2е рус издание.md,,"Bosch Automotive Handbook, 2nd Russian edition, printed p. 964: Chrysler 300 M 2.7i; power 149 (203) 5800; torque 258 4850; curb/gross mass 1610/2120 kg; dimensions 5000 x 1920 x 1420 mm.","Table scope: representative passenger-car specifications current at 1999-03-01; source cited by the book as Automobil Revue Katalog 1999. Year is blank because the table date is not a model year. Payload is gross minus curb mass where both are reported; track width is the mean of the reported front/rear tracks. Fuel pairs are stored as highway/city in the source's extra-urban/city order; for DIN triples, highway stores the 90 km/h observation and city the third value. Source body code: 4 Li 5."
Dodge,Caravan 2.4i,,International,car,M1,,FWD,ICE,Gasoline,2429,112,226,1595,,,,4740,1950,1740,2880,1615,,3.91,2.84;1.57;1;0.69,,,170,,11.8,9.4,bosch,1Авто справочник Bosch 2е рус издание.md,,"Bosch Automotive Handbook, 2nd Russian edition, printed p. 965: Dodge Caravan 2.4i; power 112 (152) 5200; torque 226 4000; curb/gross mass 1595/– kg; dimensions 4740 x 1950 x 1740 mm.","Table scope: representative passenger-car specifications current at 1999-03-01; source cited by the book as Automobil Revue Katalog 1999. Year is blank because the table date is not a model year. Payload is gross minus curb mass where both are reported; track width is the mean of the reported front/rear tracks. Fuel pairs are stored as highway/city in the source's extra-urban/city order; for DIN triples, highway stores the 90 km/h observation and city the third value. Source body code: 5 GII 5-8."
Ford,Windstar 3.8i,,International,car,M1,,FWD,ICE,Gasoline,3797,149,326,1690,2440,750,,5125,1915,1790,3065,1620,,3.89,2.77;1.54;1;0.69,4,automatic,175,,13.8,10.2,bosch,1Авто справочник Bosch 2е рус издание.md,,"Bosch Automotive Handbook, 2nd Russian edition, printed p. 965: Ford Windstar 3.8i; power 149 (203) 4900; torque 326 3600; curb/gross mass 1690/2440 kg; dimensions 5125 x 1915 x 1790 mm.","Table scope: representative passenger-car specifications current at 1999-03-01; source cited by the book as Automobil Revue Katalog 1999. Year is blank because the table date is not a model year. Payload is gross minus curb mass where both are reported; track width is the mean of the reported front/rear tracks. Fuel pairs are stored as highway/city in the source's extra-urban/city order; for DIN triples, highway stores the 90 km/h observation and city the third value. Source body code: 4 GII 5-7."
Lincoln,Continental 4.6i,,International,car,M1,Sedan,FWD,ICE,Gasoline,4601,205,373,1760,,,,5260,1870,1420,2770,1580,,3.56,2.77;1.54;1;0.69,4,automatic,215,,13.8,9.8,bosch,1Авто справочник Bosch 2е рус издание.md,,"Bosch Automotive Handbook, 2nd Russian edition, printed p. 965: Lincoln Continental 4.6i; power 205 (279) 5750; torque 373 4750; curb/gross mass 1760/– kg; dimensions 5260 x 1870 x 1420 mm.","Table scope: representative passenger-car specifications current at 1999-03-01; source cited by the book as Automobil Revue Katalog 1999. Year is blank because the table date is not a model year. Payload is gross minus curb mass where both are reported; track width is the mean of the reported front/rear tracks. Fuel pairs are stored as highway/city in the source's extra-urban/city order; for DIN triples, highway stores the 90 km/h observation and city the third value. Source body code: 4 Li 5-6."
Mercury,Cougar 2.5i,,International,car,M1,Coupe,FWD,ICE,Gasoline,2544,127,224,1375,,,4,4700,1770,1320,2700,1497.5,,4.06,3.42;2.14;1.45;1.03;0.77,5,manual/automatic,225,8.5,12.4,8.4,bosch,1Авто справочник Bosch 2е рус издание.md,,"Bosch Automotive Handbook, 2nd Russian edition, printed p. 965: Mercury Cougar 2.5i; power 127 (173) 6250; torque 224 4250; curb/gross mass 1375/– kg; dimensions 4700 x 1770 x 1320 mm.","Table scope: representative passenger-car specifications current at 1999-03-01; source cited by the book as Automobil Revue Katalog 1999. Year is blank because the table date is not a model year. Payload is gross minus curb mass where both are reported; track width is the mean of the reported front/rear tracks. Fuel pairs are stored as highway/city in the source's extra-urban/city order; for DIN triples, highway stores the 90 km/h observation and city the third value. Source body code: 3 Co 4."
Oldsmobile,Alero 2.4i,,International,car,M1,Coupe,FWD,ICE,Gasoline,2392,112,210,1340,,,5,4740,1780,1390,2720,1502.5,,3.42,2.96;1.63;1;0.68,4,automatic,200,10.5,11.2,7.8,bosch,1Авто справочник Bosch 2е рус издание.md,,"Bosch Automotive Handbook, 2nd Russian edition, printed p. 965: Oldsmobile Alero 2.4i; power 112 (152) 5600; torque 210 4400; curb/gross mass 1340/– kg; dimensions 4740 x 1780 x 1390 mm.","Table scope: representative passenger-car specifications current at 1999-03-01; source cited by the book as Automobil Revue Katalog 1999. Year is blank because the table date is not a model year. Payload is gross minus curb mass where both are reported; track width is the mean of the reported front/rear tracks. Fuel pairs are stored as highway/city in the source's extra-urban/city order; for DIN triples, highway stores the 90 km/h observation and city the third value. Source body code: 2 Co 5."
Plymouth,Voyager 3.0i,,International,car,M1,,FWD,ICE,Gasoline,2972,112,239,1605,,,7,4730,1920,1740,2880,1615,,3.19,2.69;1.55;1,,,175,,12.4,9.8,bosch,1Авто справочник Bosch 2е рус издание.md,,"Bosch Automotive Handbook, 2nd Russian edition, printed p. 965: Plymouth Voyager 3.0i; power 112 (152) 5200; torque 239 4000; curb/gross mass 1605/– kg; dimensions 4730 x 1920 x 1740 mm.","Table scope: representative passenger-car specifications current at 1999-03-01; source cited by the book as Automobil Revue Katalog 1999. Year is blank because the table date is not a model year. Payload is gross minus curb mass where both are reported; track width is the mean of the reported front/rear tracks. Fuel pairs are stored as highway/city in the source's extra-urban/city order; for DIN triples, highway stores the 90 km/h observation and city the third value. Source body code: 5 GII 7."
Pontiac,Sunfire 2.2i,,International,car,M1,Convertible,FWD,ICE,Gasoline,2190,86,183,1300,,,5,4620,1710,1360,2645,1450,,3.58,3.91;2.18;1.45;1.03;0.74,5,manual,175,,10,6.4,bosch,1Авто справочник Bosch 2е рус издание.md,,"Bosch Automotive Handbook, 2nd Russian edition, printed p. 965: Pontiac Sunfire 2.2i; power 86 (117) 5000; torque 183 3600; curb/gross mass 1300/– kg; dimensions 4620 x 1710 x 1360 mm.","Table scope: representative passenger-car specifications current at 1999-03-01; source cited by the book as Automobil Revue Katalog 1999. Year is blank because the table date is not a model year. Payload is gross minus curb mass where both are reported; track width is the mean of the reported front/rear tracks. Fuel pairs are stored as highway/city in the source's extra-urban/city order; for DIN triples, highway stores the 90 km/h observation and city the third value. Source body code: 2 Ca 5."
