prototype_id,make,model,variant_trim,generation,year,market,vehicle_kind,regulatory_category,segment,body_type,axle_configuration,drive_layout,drivetrain_config,axle_count,driven_axle_count,powertrain,powertrain_detail,energy_carrier,engine_displacement_cc,power_kw,torque_nm,battery_capacity_kwh,motor_power_kw,motor_count,motor_layout,motor_power_front_kw,motor_power_rear_kw,motor_reduction_front,motor_reduction_rear,drivetrain_ratio_lumped,curb_mass_kg,curb_mass_kg_min,curb_mass_kg_max,gross_mass_kg,gross_mass_kg_min,gross_mass_kg_max,payload_kg,mass_pair_status,model_scope,glider_kg,cargo_kg,seats,max_towing_kg,length_mm,length_mm_min,length_mm_max,width_mm,width_mm_min,width_mm_max,height_mm,height_mm_min,height_mm_max,wheelbase_mm,rear_axle_spacing_mm,track_width_mm,cg_height_m,drive_axle_weight_frac,tyre_code,wheel_radius_static_m,wheel_radius_dynamic_m,num_wheels,final_drive_ratio,gearbox_ratios,gear_count,transfer_ratios,transmission_type,transmission_eff,drag_coef,frontal_area_m2,rolling_resistance_coef,top_speed_kmh,acceleration_0_100_s,gradeability_pct,fuel_city_l_100km,fuel_highway_l_100km,fuel_combined_l_100km,energy_city_kwh_100km,energy_highway_kwh_100km,energy_combined_kwh_100km,electric_range_km,recharge_time_h,co2_emissions_gkm,range_km,cda_m2,tare_ratio_q,specific_power_kw_per_t,data_tier,source_file,source_url,last_updated,notes
vp-5707e1,Alfa Romeo,Giulia,2.0T 280hp Veloce,,2020.0,EU,car,M1,Sedan,"4-doors, sedan",,RWD,,2,1,ICE,,Gasoline,1995.0,206.0,400.0,,,,,,,,,,1404.0,,,2005.0,,,601.0,ok,single,,,5.0,,4650.0,,,1860.0,,,1436.0,,,2820.0,,1591.0,,,,,,,,,8.0,,automatic,,,,,240.0,5.7,,10,7.2,10.0,,,,,,144.0,,,2.3361,146.72,enrichment,prototype_enrichment.csv,,,
vp-361605,Audi,e-tron Sportback,50 Quattro Business Edition Plus,,2020.0,EU,car,M1,SUV,"5-doors, suv/crossover",,AWD,,2,2,BEV,BEV,Electric,,230.0,540.0,,,2.0,1-front+1-rear,135.0,165.0,,,,2375.0,,,3040.0,,,665.0,ok,single,,,5.0,,4901.0,,,1935.0,,,1618.0,,,2928.0,,1670.0,,,255/55R19 111H,,,,,,,,automatic,,,,,190.0,6.8,,,,0.0,,,,,,0.0,,,3.5714,96.84,enrichment,prototype_enrichment.csv,https://electrichasgoneaudi.net/models/e-tron/drivetrain/motor/,2026-09-22T15:03:45+00:00,2020 European Audi e-tron Sportback 50 quattro is specified with 255/55R19 111H as the standard fitment; Michelin's vehicle fitment database independently matches the same vehicle/size. Tyre evidence: exact-model-year-standard-fitment; https://www.automobile-catalog.com/tire/2020/2965460/audi_e-tron_sportback_50_quattro.html; locator: 2020 Europe standard tyre size; secondary: https://www.michelin.co.uk/auto/browse-tyres/by-vehicle/audi/e-tron/e-tron-sportback-50-quattro/2020/electrique-313-230-kw/255---55-R-19-111H
vp-941da3,Audi,e-tron Sportback,50 Quattro Business Edition,,2020.0,EU,car,M1,SUV,"5-doors, suv/crossover",,AWD,,2,2,BEV,BEV,Electric,,230.0,540.0,,,2.0,1-front+1-rear,,,,,,2375.0,,,3040.0,,,665.0,ok,single,,,5.0,,4901.0,,,1935.0,,,1618.0,,,2928.0,,1670.0,,,255/55R19 111H,,,,,,,,automatic,,,,,190.0,6.8,,,,0.0,,,,,,0.0,,,3.5714,96.84,enrichment,prototype_enrichment.csv,https://www.auto-data.net/en/audi-e-tron-sportback-50-71-kwh-313hp-quattro-38072,2026-09-22T15:03:45+00:00,2020 European Audi e-tron Sportback 50 quattro is specified with 255/55R19 111H as the standard fitment; Michelin's vehicle fitment database independently matches the same vehicle/size. Tyre evidence: exact-model-year-standard-fitment; https://www.automobile-catalog.com/tire/2020/2965460/audi_e-tron_sportback_50_quattro.html; locator: 2020 Europe standard tyre size; secondary: https://www.michelin.co.uk/auto/browse-tyres/by-vehicle/audi/e-tron/e-tron-sportback-50-quattro/2020/electrique-313-230-kw/255---55-R-19-111H
vp-53afb4,BMW,5 series,530e,,2020.0,EU,car,M1,Sedan,"4-doors, sedan",,RWD,,2,1,PHEV,PHEV,Gasoline,1998.0,215.0,420.0,,,1.0,1-rear,,80.2,,,,1810.0,,,2505.0,,,695.0,ok,single,,,5.0,,4963.0,,,1868.0,,,1483.0,,,2975.0,,1620.0,,,225/55R17 101Y,,,,,,8.0,,automatic,,,,,235.0,5.9,,,,17.0,,,,,,39.0,,,2.6043,118.78,enrichment,prototype_enrichment.csv,https://www.carfolio.com/bmw-530e-675114,2026-09-22T15:03:45+00:00,2020 European BMW 530e standard fitment is listed as 225/55R17 101Y. Tyre evidence: exact-model-year-standard-fitment; https://www.automobile-catalog.com/tire/2020/2964830/bmw_530e.html; locator: 2020 Europe standard tyre size
vp-6f90d7,BMW,5 series,M550i XDrive,,2020.0,EU,car,M1,Sedan,"4-doors, sedan",,AWD,,2,2,ICE,,Gasoline,4395.0,390.0,750.0,,,,,,,,,,1890.0,,,2560.0,,,670.0,ok,single,,,5.0,,4972.0,,,1868.0,,,1467.0,,,2975.0,,1620.0,,,,,,,,,8.0,,automatic,,,,,250.0,3.8,,,,9.7,,,,,,221.0,,,2.8209,206.35,enrichment,prototype_enrichment.csv,,,NHTSA CVS 2020 BMW
vp-46a79e,Ferrari,F8 Spider,specs,,2020.0,EU,car,M1,Convertible,"2-doors, convertible",,RWD,,2,1,ICE,,Gasoline,3902.0,529.0,770.0,,,,,,,,,,1400.0,,,,,,,dry-weight-basis,single,,,4.0,,4611.0,,,1979.0,,,1206.0,,,2650.0,,1665.0,,,,,,,,,7.0,,automatic,,,,,340.0,2.9,,,,10.0,,,,,,232.0,,,,377.86,enrichment,prototype_enrichment.csv,,,NHTSA CVS 2020 Ferrari
vp-696d02,Ferrari,SF90 Stradale,specs,,2020.0,EU,car,M1,Coupe,"2-doors, coupé",,AWD,,2,2,PHEV,PHEV,Gasoline,3990.0,735.0,800.0,,,3.0,2-front+1-rear,198.0,150.0,,,,1570.0,,,,,,,dry-weight-basis,single,,,4.0,,4710.0,,,1972.0,,,1186.0,,,2650.0,,1665.0,,,,,,,,,8.0,,automatic,,,,,340.0,2.5,,,,10.0,,,,,,232.0,,,,468.15,enrichment,prototype_enrichment.csv,https://evcentral.com.au/secrets-of-the-electric-ferrari-sf90-stradale/,,NHTSA CVS 2020 Ferrari
vp-a9d57a,Ford,Puma,1.0 EcoBoost 125hp ST-Line,,2020.0,EU,car,M1,SUV,"5-doors, suv/crossover",,AWD,,2,2,ICE,,Gasoline,998.0,92.0,170.0,,,,,,,,,,1205.0,,,1760.0,,,555.0,ok,single,,,5.0,,4186.0,,,1805.0,,,1550.0,,,2588.0,,1541.5,,,205/45R17,,,,,,7.0,,automatic,,,,,191.0,10.0,,,,4.5,,,,,,110.0,,,2.1712,76.35,enrichment,prototype_enrichment.csv,,2026-09-22T14:44:07+00:00,Ford's Puma ordering guide lists the ST-Line standard 17x7 wheel fitted with 205/45R17 tyres. Tyre evidence: manufacturer-exact-trim; https://media.ford.com/content/dam/fordmedia/Europe/gb/2019/09/Puma_Customer_Price_List-Effective_1st_October_2019.pdf; locator: Wheels & tyres: ST-Line standard wheel/tyre
vp-d40e97,Ford,Puma,1.0 EcoBoost 125hp Titanium X,,2020.0,EU,car,M1,SUV,"5-doors, suv/crossover",,AWD,,2,2,ICE,,Gasoline,998.0,92.0,170.0,,,,,,,,,,1205.0,,,1760.0,,,555.0,ok,single,,,5.0,,4186.0,,,1805.0,,,1550.0,,,2588.0,,1541.5,,,,,,,,,7.0,,automatic,,,,,191.0,10.0,,,,4.5,,,,,,110.0,,,2.1712,76.35,enrichment,prototype_enrichment.csv,,,
vp-a33823,Honda,e,Advance,,2020.0,EU,car,M1,Hatchback,"3-doors, hatchback",,RWD,,2,1,BEV,BEV,Electric,,113.0,315.0,,,1.0,1-rear,,113.0,,,,1525.0,,,,,,,,single,,,5.0,,3894.0,,,1752.0,,,1512.0,,,2530.0,,1685.0,,,,,,,,,,,automatic,,,,,145.0,9.5,,,,0.0,,,,,,0.0,,,,74.1,enrichment,prototype_enrichment.csv,https://www.evspecifications.com/en/model/26b9f8,,NHTSA CVS 2020 Honda
vp-05024e,Honda,e,specs,,2020.0,EU,car,M1,Hatchback,"3-doors, hatchback",,RWD,,2,1,BEV,BEV,Electric,,100.0,315.0,,,1.0,1-rear,,100.0,,,,1525.0,,,,,,,,single,,,5.0,,3894.0,,,1752.0,,,1512.0,,,2530.0,,1685.0,,,,,,,,,,,automatic,,,,,145.0,9.5,,,,0.0,,,,,,0.0,,,,65.57,enrichment,prototype_enrichment.csv,https://www.evspecifications.com/en/model/0000f6,,NHTSA CVS 2020 Honda
vp-b44f4b,Hyundai,i20,1.2 MPI Comfort,,2020.0,EU,car,M1,Hatchback,"5-doors, hatchback",,FWD,,2,1,ICE,,Gasoline,1197.0,62.0,118.0,,,,,,,,,,988.0,,,1610.0,,,622.0,ok,single,,,5.0,,4040.0,,,1775.0,,,1450.0,,,2580.0,,1553.5,,,185/65R15,,,,,,5.0,,manual,,,,,173.0,13.1,,,,10.0,,,,,,232.0,,,1.5884,62.75,enrichment,prototype_enrichment.csv,,2026-09-22T15:03:45+00:00,Two Dutch registration/CarBase matches for the 2020-2023 i20 1.2 MPI Comfort family list original tyre size 185/65R15. Tyre evidence: exact-trim-registration-corroboration; https://www.autoweek.nl/kentekencheck/P-344-PR/; locator: CarBase match: i20 1.2 MPI Comfort 2020-2023; original tyre size; secondary: https://www.autoweek.nl/kentekencheck/K-149-GN/
vp-d0819c,Hyundai,i30,1.5 T-GDI 48V N Line Sky,,2020.0,EU,car,M1,Hatchback,"5-doors, hatchback",,FWD,,2,1,ICE,,Gasoline,1482.0,118.0,253.0,,,,,,,,,,1344.0,,,1850.0,,,506.0,ok,single,,,5.0,,4340.0,,,1795.0,,,1453.0,,,2650.0,,1563.5,,,225/40R18,,,,,,7.0,,automatic,,,,,210.0,8.6,,,,10.0,,,,,,232.0,,,2.6561,87.8,enrichment,prototype_enrichment.csv,,2026-09-22T15:03:45+00:00,Hyundai's 2020 N Line price list specifies 225/40R18 for the 1.5 T-GDi N Line/N Line+. Tyre evidence: manufacturer-exact-engine-trim; https://www.hyundai.sk/files/download/static/i30/cennik-hyundai-i30-n-line-2020-5.pdf; locator: 2020 i30 N Line price list: 1.5 T-GDi tyre size; secondary: https://www.hyundai.sk/files/download/model/i30-2020/katalog-hyundai-i30-new-2020-10.pdf
vp-fd26b5,Jaguar,E-Pace,P160 R-Dynamic HSE,,2020.0,EU,car,M1,SUV,"5-doors, suv/crossover",,AWD,,2,2,ICE,,Gasoline,1498.0,118.0,260.0,,,,,,,,,,1783.0,,,2400.0,,,617.0,ok,single,,,5.0,,4395.0,,,1984.0,,,1648.0,,,2681.0,,1625.0,,,235/50R20,,,,,,9.0,,automatic,,,,,197.0,10.3,,,,10.0,,,,,,232.0,,,2.8898,66.18,enrichment,prototype_enrichment.csv,,2026-09-22T15:03:45+00:00,The P160 R-Dynamic HSE specification lists 235/50R20 front and rear. Tyre evidence: exact-trim-specification; https://www.autoexpress.co.uk/jaguar/e-pace/prices-specs/101423/1.5-p160-r-dynamic-hse-black-5dr-auto-2wd; locator: Tyres: front and rear
vp-888713,Kia,Picanto,1.0 DPi DynamicLine 4-zits,,2020.0,EU,car,M1,Hatchback,"5-doors, hatchback",,FWD,,2,1,ICE,,Gasoline,998.0,49.0,96.0,,,,,,,,,,877.0,,,1370.0,,,493.0,ok,single,,,4.0,,3595.0,,,1595.0,,,1485.0,,,2400.0,,1398.5,,,175/65R14,,,,,,5.0,,automatic,,,,,159.0,17.2,,,,10.0,,,,,,232.0,,,1.7789,55.87,enrichment,prototype_enrichment.csv,,2026-09-22T14:44:07+00:00,Archived Netherlands market price/equipment material identifies 175/65R14 for Picanto DynamicLine. Kept below 'manufacturer-hosted' evidence level because the archived copy is no longer on Kia's own site. Tyre evidence: archived-market-price-list-exact-trim; Kia Netherlands Picanto price/equipment list (archived copy); locator: DynamicLine: 14-inch alloy / 175/65R14
vp-0ba341,Kia,Picanto,1.0 DPi DynamicLine 5-zits,,2020.0,EU,car,M1,Hatchback,"5-doors, hatchback",,FWD,,2,1,ICE,,Gasoline,998.0,49.0,96.0,,,,,,,,,,878.0,,,1370.0,,,492.0,ok,single,,,5.0,,3595.0,,,1595.0,,,1485.0,,,2400.0,,1398.5,,,175/65R14,,,,,,5.0,,manual,,,,,161.0,14.6,,,,10.0,,,,,,232.0,,,1.7846,55.81,enrichment,prototype_enrichment.csv,,2026-09-22T14:44:07+00:00,Archived Netherlands market price/equipment material identifies 175/65R14 for Picanto DynamicLine. Kept below 'manufacturer-hosted' evidence level because the archived copy is no longer on Kia's own site. Tyre evidence: archived-market-price-list-exact-trim; Kia Netherlands Picanto price/equipment list (archived copy); locator: DynamicLine: 14-inch alloy / 175/65R14
vp-f48f34,Lamborghini,Aventador,S,,2017.0,EU,car,M1,Coupe,"2-doors, coupé",,AWD,,2,2,ICE,,Gasoline,6498.0,515.0,690.0,,,,,,,,,,1575.0,,,,,,,dry-weight-basis,single,,,2.0,,4800.0,,,2030.0,,,1136.0,,,2700.0,,1645.0,,,,,,,,,7.0,,automatic,,,,,350.0,2.9,,,,16.9,,,,,,394.0,,,,326.98,enrichment,prototype_enrichment.csv,,,NHTSA CVS 2017 Lamborghini
vp-f50917,Lamborghini,Urus,specs,1 generation,2018.0,EU,car,M1,SUV,"5-doors, suv/crossover",,AWD,,2,2,ICE,,Gasoline,3996.0,478.0,850.0,,,,,,,,,,2200.0,,,,,,,dry-weight-basis,single,,,4.0,,5112.0,,,2016.0,,,1638.0,,,3003.0,,1700.0,,,,,,,,,8.0,,automatic,,,,,305.0,3.6,,16.7,9.7,12.3,,,,,,279.0,,,,217.27,enrichment,prototype_enrichment.csv,,,NHTSA CVS 2018 Lamborghini
vp-be0f4f,Land Rover,Range Rover Velar,P400 SE,,2020.0,EU,car,M1,SUV,"5-doors, suv/crossover",,AWD,,2,2,ICE,,Gasoline,2995.0,294.0,550.0,,,,,,,,,,2085.0,,,2470.0,,,385.0,ok,single,,,5.0,,4797.0,,,1950.0,,,1683.0,,,2874.0,,1650.0,,,,,,,,,8.0,,automatic,,,,,250.0,5.5,,,,10.0,,,,,,232.0,,,5.4156,141.01,enrichment,prototype_enrichment.csv,,,NHTSA CVS 2020 Land Rover
vp-676e93,Lexus,RX,450h Business Line,,2019.0,EU,car,M1,SUV,"5-doors, suv/crossover",,AWD,,2,2,Hybrid,HEV,Gasoline,3456.0,230.0,335.0,,,2.0,1-front+1-rear,123.0,50.0,,,,2075.0,,,2715.0,,,640.0,ok,single,,,5.0,,4890.0,,,1895.0,,,1685.0,,,2790.0,,1635.0,,,235/65R18,,,,,,,,automatic,,,,,200.0,7.7,,,,5.8,,,,,,132.0,,,3.2422,110.84,enrichment,prototype_enrichment.csv,https://www.ultimatespecs.com/car-specs/Lexus/74254/Lexus-RX-(AL20)-450h-AWD.html,2026-09-22T15:03:45+00:00,RX 450h Business Line (2019-2023) is listed with 235/65R18 front and rear. Tyre evidence: exact-trim-specification; https://cars-data.com/en/lexus/rx/2019/450h-business-line--98855/specs; locator: Chassis: front and rear tyre size; secondary: https://www.autoweek.nl/auto/98855/lexus-rx-450h-business-line/
vp-d59965,Lexus,RX,450h Executive Line,,2019.0,EU,car,M1,SUV,"5-doors, suv/crossover",,AWD,,2,2,Hybrid,HEV,Gasoline,3456.0,230.0,335.0,,,2.0,1-front+1-rear,123.0,50.0,,,,2075.0,,,2715.0,,,640.0,ok,single,,,5.0,,4890.0,,,1895.0,,,1685.0,,,2790.0,,1635.0,,,235/55R20,,,,,,,,automatic,,,,,200.0,7.7,,,,5.9,,,,,,134.0,,,3.2422,110.84,enrichment,prototype_enrichment.csv,https://www.ultimatespecs.com/car-specs/Lexus/74254/Lexus-RX-(AL20)-450h-Executive.html,2026-09-22T15:03:45+00:00,RX 450h Executive Line is listed with 235/55R20 front and rear; Lexus brochure material also lists 235/55R20 for Executive Line. Tyre evidence: exact-trim-specification; https://www.autoweek.nl/auto/98858/lexus-rx-450h-executive-line/; locator: Chassis: front and rear tyre size; secondary: https://nl.lexus.be/content/dam/lexus/nmsc/belgium/local-assets/new-cars/brochures/2022/nl/LEXUS%20RX%20MB%20MY22_Hybrid%20BENL%20150dpi.pdf
vp-02597b,Mazda,MX-30,First Edition,,2020.0,EU,car,M1,SUV,"5-doors, suv/crossover",,FWD,,2,1,BEV,BEV,Electric,,107.0,265.0,,,1.0,1-front,107.0,,,,,1620.0,,,2119.0,,,499.0,ok,single,,,5.0,,4395.0,,,1795.0,,,1570.0,,,2665.0,,1565.0,,,215/55R18 95H,,,,,,,,automatic,,,,,140.0,9.7,,,,0.0,,,,,,0.0,,,3.2465,66.05,enrichment,prototype_enrichment.csv,https://www.evspecifications.com/en/model/cbccd5,2026-09-22T14:44:07+00:00,Mazda's MX-30 owner/specification material states 215/55R18 95H as the standard tyre. Tyre evidence: manufacturer-model-standard-fitment; https://www2.mazda.co.jp/carlife/owner/manual/mx-30/dr/eda/contents/20010118.html; locator: MX-30 owner manual: standard tyre; secondary: https://www.mazda.co.jp/content/dam/mazda/official/mazda-co-jp/cars/passenger/mx-30/catalog_spec/pdf/mx-30_specification_202503.pdf
vp-c33f36,Mazda,MX-30,Luxury,,2020.0,EU,car,M1,SUV,"5-doors, suv/crossover",,FWD,,2,1,BEV,BEV,Electric,,105.0,265.0,,,1.0,1-front,105.0,,,,,1620.0,,,2119.0,,,499.0,ok,single,,,5.0,,4395.0,,,1795.0,,,1570.0,,,2665.0,,1565.0,,,215/55R18 95H,,,,,,,,automatic,,,,,140.0,9.7,,,,0.0,,,,,,0.0,,,3.2465,64.81,enrichment,prototype_enrichment.csv,https://ev-database.org/car/1241/Mazda-MX-30,2026-09-22T14:44:07+00:00,Mazda's MX-30 owner/specification material states 215/55R18 95H as the standard tyre. Tyre evidence: manufacturer-model-standard-fitment; https://www2.mazda.co.jp/carlife/owner/manual/mx-30/dr/eda/contents/20010118.html; locator: MX-30 owner manual: standard tyre; secondary: https://www.mazda.co.jp/content/dam/mazda/official/mazda-co-jp/cars/passenger/mx-30/catalog_spec/pdf/mx-30_specification_202503.pdf
vp-c6971d,Mercedes,E-class,-Benz E 200,,2020.0,EU,car,M1,Sedan,"4-doors, sedan",,RWD,,2,1,ICE,,Gasoline,1991.0,145.0,320.0,,,,,,,,,,1600.0,,,2360.0,,,760.0,ok,single,,,5.0,,4935.0,,,1852.0,,,1468.0,,,2939.0,,1590.0,,,225/55R17 Y,,,,,,9.0,,automatic,,,,,240.0,7.5,,,,10.0,,,,,,232.0,,,2.1053,90.62,enrichment,prototype_enrichment.csv,,2026-09-22T15:03:45+00:00,2020 European Mercedes-Benz E 200 standard fitment is listed as 225/55R17 Y. Tyre evidence: exact-model-year-standard-fitment; https://www.automobile-catalog.com/tire/2020/2968175/mercedes-benz_e_200.html; locator: 2020 Europe standard tyre size
vp-26f825,Mercedes,E-class,-Benz E 300,,2020.0,EU,car,M1,Sedan,"4-doors, sedan",,RWD,,2,1,ICE,,Gasoline,1991.0,190.0,370.0,,,,,,,,,,1630.0,,,2390.0,,,760.0,ok,single,,,5.0,,4935.0,,,1852.0,,,1468.0,,,2939.0,,1590.0,,,225/55R17 Y,,,,,,9.0,,automatic,,,,,250.0,6.2,,,,10.0,,,,,,232.0,,,2.1447,116.56,enrichment,prototype_enrichment.csv,,2026-09-22T15:03:45+00:00,2020 European Mercedes-Benz E 300 standard fitment is listed as 225/55R17 Y. Tyre evidence: exact-model-year-standard-fitment; https://www.automobile-catalog.com/tire/2020/2968205/mercedes-benz_e_300.html; locator: 2020 Europe standard tyre size
vp-902fcc,Nissan,Juke,DIG-T 117 Acenta,,2019.0,EU,car,M1,SUV,"5-doors, suv/crossover",,FWD,,2,1,ICE,,Gasoline,999.0,86.0,180.0,,,,,,,,,,1157.0,,,,,,,,single,,,5.0,,4210.0,,,1800.0,,,1595.0,,,2636.0,,1556.0,,,215/60R17,,,,,,7.0,,automatic,,,,,180.0,11.1,,,,4.8,,,,,,110.0,,,,74.33,enrichment,prototype_enrichment.csv,,2026-09-22T14:44:07+00:00,Nissan's Juke specification lists 215/60R17 for Acenta/N-Connecta 17-inch configurations. Tyre evidence: manufacturer-trim-corroborated; https://www.nissan.co.uk/content/dam/Nissan/gb/brochures/Vehicles/Nissan_Juke_UK.pdf; locator: WHEELS: Acenta Premium tyre size; secondary: https://www.nissan.co.uk/vehicles/new-vehicles/juke/prices-specifications.html
vp-e19136,Porsche,Panamera,GTS,,2020.0,EU,car,M1,Hatchback,"5-doors, hatchback",,AWD,,2,2,ICE,,Gasoline,3996.0,353.0,620.0,,,,,,,,,,1995.0,,,,,,,,single,,,4.0,,5053.0,,,1937.0,,,1417.0,,,2950.0,,1640.0,,,,,,,,,8.0,,automatic,,,,,300.0,3.9,,12.4,8.7,10.0,,,,,,232.0,,,,176.94,enrichment,prototype_enrichment.csv,,,NHTSA CVS 2020 Porsche
vp-82aa25,Porsche,Panamera,Turbo S,,2020.0,EU,car,M1,Hatchback,"5-doors, hatchback",,AWD,,2,2,ICE,,Gasoline,3996.0,363.0,820.0,,,,,,,,,,2055.0,,,,,,,,single,,,4.0,,5049.0,,,1937.0,,,1427.0,,,2950.0,,1655.0,,,,,,,,,8.0,,automatic,,,,,315.0,3.1,,12.4,8.7,10.0,,,,,,232.0,,,,176.64,enrichment,prototype_enrichment.csv,,,NHTSA CVS 2020 Porsche
vp-711639,Subaru,Forester,2.0i E-BOXER Comfort,,2019.0,EU,car,M1,SUV,"5-doors, suv/crossover",,AWD,,2,2,Hybrid,HEV,Gasoline,1995.0,110.0,194.0,,,1.0,1-front,12.0,,,,,1631.0,,,2185.0,,,554.0,ok,single,,,5.0,,4595.0,,,1795.0,,,1735.0,,,2640.0,,1570.0,,,225/60R17,,,,,,,,automatic,,,,,188.0,11.8,,,,6.7,,,,,,154.0,,,2.944,67.44,enrichment,prototype_enrichment.csv,https://www.ultimatespecs.com/car-specs/Subaru/117644/Subaru-Forester-5-20i-e-BOXER.html,2026-09-22T14:44:07+00:00,Subaru's 2020/21 Forester Comfort lists 17-inch alloy wheels with 225/60R17 tyres. Tyre evidence: manufacturer-exact-trim; https://www.subaru.nl/media/h0ditcsr/prijslijst_subaru_forester_2020.pdf; locator: Forester 2.0i e-BOXER Comfort standard equipment; secondary: https://www.subaru.nl/media/fnnieusx/prijslijst_nl_21my_forester.pdf
vp-c0d302,Tesla,Model Y,Long Range AWD,,2021.0,EU,car,M1,Sedan,"5-doors, sedan",,AWD,,2,2,BEV,BEV,Electric,,258.0,527.0,,,2.0,1-front+1-rear,137.0,180.0,,,,1950.0,,,2371.0,,,421.0,ok,single,,,5.0,,4751.0,,,1921.0,,,1624.0,,,2890.0,,1640.0,,,,,,,,,,,automatic,,,,,217.0,5.1,,,,0.0,,,,,,0.0,,,4.6318,132.31,enrichment,prototype_enrichment.csv,https://www.evspecifications.com/en/model/a8dc10d,,NHTSA CVS 2021 Tesla
vp-cd6621,Tesla,Model Y,Performance AWD,,2021.0,EU,car,M1,Sedan,"5-doors, sedan",,AWD,,2,2,BEV,BEV,Electric,,340.0,639.0,,,2.0,1-front+1-rear,137.0,202.0,,,,1950.0,,,2371.0,,,421.0,ok,single,,,5.0,,4751.0,,,1921.0,,,1624.0,,,2890.0,,1640.0,,,,,,,,,,,automatic,,,,,241.0,3.7,,,,0.0,,,,,,0.0,,,4.6318,174.36,enrichment,prototype_enrichment.csv,https://www.evspecifications.com/en/model/ce7c10e,,NHTSA CVS 2021 Tesla
vp-6d4aa8,Toyota,C-HR,1.2T Active,,2020.0,EU,car,M1,SUV,"5-doors, suv/crossover",,FWD,,2,1,ICE,,Gasoline,1197.0,85.0,185.0,,,,,,,,,,1350.0,,,1865.0,,,515.0,ok,single,,,5.0,,4390.0,,,1795.0,,,1565.0,,,2640.0,,1560.0,,,215/60R17,,,,,,6.0,,manual,,,,,190.0,10.9,,8.7,7.5,6.1,,,,,,138.0,,,2.6214,62.96,enrichment,prototype_enrichment.csv,,2026-09-22T14:44:07+00:00,Toyota C-HR brochure states 17-inch wheels with 215/60R17 tyres are standard on Active. Tyre evidence: market-brochure-exact-trim; https://www.vangent.nl/uploads/models/downloads/brochures/C-HR-2019-12_tcm-22-916765.pdf; locator: Wheels/tyres: Active standard
vp-12d960,Toyota,C-HR,1.2T Dynamic,,2020.0,EU,car,M1,SUV,"5-doors, suv/crossover",,FWD,,2,1,ICE,,Gasoline,1197.0,85.0,185.0,,,,,,,,,,1350.0,,,1865.0,,,515.0,ok,single,,,5.0,,4390.0,,,1795.0,,,1565.0,,,2640.0,,1560.0,,,225/50R18,,,,,,6.0,,manual,,,,,190.0,10.9,,8.7,7.5,6.1,,,,,,138.0,,,2.6214,62.96,enrichment,prototype_enrichment.csv,,2026-09-22T14:44:07+00:00,Toyota C-HR brochure states 18-inch wheels with 225/50R18 tyres are standard on Dynamic. Tyre evidence: market-brochure-exact-trim; https://www.vangent.nl/uploads/models/downloads/brochures/C-HR-2019-12_tcm-22-916765.pdf; locator: Wheels/tyres: Dynamic standard
vp-f491d1,Volkswagen,Golf,1.4 EHybrid 245hp GTE,,2020.0,EU,car,M1,Hatchback,"5-doors, hatchback",,FWD,,2,1,PHEV,PHEV,Gasoline,1395.0,180.0,400.0,,,1.0,1-front,80.0,,,,,1624.0,,,2040.0,,,416.0,ok,single,,,5.0,,4287.0,,,1789.0,,,1484.0,,,2630.0,,1535.0,,,225/45R17,,,,,,6.0,,automatic,,,,,225.0,6.7,,8.4,6.6,17.0,,,,,,38.0,,,3.9038,110.84,enrichment,prototype_enrichment.csv,https://www.volkswagen-newsroom.com/en/golf-etsi-golf-ehybrid-and-golf-gte-international-media-drive-6336/golf-ehybrid-and-golf-gte-the-plug-in-hybrid-in-detail-6339,2026-09-22T14:44:07+00:00,Volkswagen's Golf hybrid technical table lists 225/45R17 as the standard tyre for GTE. Tyre evidence: manufacturer-exact-powertrain-trim; https://www.volkswagen-newsroom.com/en/golf-etsi-golf-ehybrid-and-golf-gte-international-media-drive-6336/the-technical-data-of-the-new-golf-hybrid-models-6344; locator: Technical data: Golf GTE standard tyre
vp-01c77f,Volkswagen,Up,1.0 R-Line,,2020.0,EU,car,M1,Hatchback,"5-doors, hatchback",,FWD,,2,1,ICE,,Gasoline,999.0,48.0,91.0,,,,,,,,,,891.0,,,1300.0,,,409.0,ok,single,,,4.0,,3600.0,,,1641.0,,,1504.0,,,2407.0,,1565.0,,,185/50R16,,,,,,5.0,,manual,,,,,163.0,15.6,,,,10.0,,,,,,232.0,,,2.1785,53.87,enrichment,prototype_enrichment.csv,,2026-09-22T15:03:45+00:00,R-Line standard 16-inch Triangle Black fitment is 185/50R16; a Volkswagen dealer publication describing the R-Line package corroborates the same size. Tyre evidence: exact-trim-standard-fitment; https://www.lookers.co.uk/volkswagen/used-car/volkswagen/up/1-0-r-line-hatchback-5dr-petrol-manual-euro-6--s/s---65-ps-/id/808069; locator: Tyres: front/rear; R-Line 16-inch Triangle Black; secondary: https://www.nipex.ba/novosti/atraktivni-paket-opreme-201cr-line201d-od-sada-stize-i-sa-najmanjim-volkswagenovim-modelom-2013-up
vp-30a1ef,Volvo,V90,T8 Recharge AWD Inscription,,2020.0,EU,car,M1,Wagon,"5-doors, station wagon",,AWD,,2,2,PHEV,PHEV,Gasoline,1969.0,287.0,640.0,,,1.0,1-rear,,64.7,,,,2000.0,,,2390.0,,,390.0,ok,single,,,5.0,,4945.0,,,1890.0,,,1478.0,,,2941.0,,1630.0,,,255/40R19,,,,,,8.0,,automatic,,,,,180.0,5.3,,,,19.0,,,,,,40.0,,,5.1282,143.5,enrichment,prototype_enrichment.csv,https://www.carfolio.com/volvo-v90-t8-twinengine-644083,2026-09-22T15:03:45+00:00,V90 T8 Recharge AWD Inscription (2020) is listed with 255/40R19 front and rear. Tyre evidence: exact-trim-specification; https://cars-data.com/en/volvo/v90/2020-wagon-facelift-8262/t8-recharge-awd-inscription-100113--100113/specs; locator: Chassis: front and rear tyre size
vp-33e411,Volvo,V90,T8 Recharge AWD R-Design,,2020.0,EU,car,M1,Wagon,"5-doors, station wagon",,AWD,,2,2,PHEV,PHEV,Gasoline,1969.0,287.0,640.0,,,1.0,1-rear,,65.0,,,,2000.0,,,2390.0,,,390.0,ok,single,,,5.0,,4945.0,,,1890.0,,,1478.0,,,2941.0,,1630.0,,,255/40R19,,,,,,8.0,,automatic,,,,,180.0,5.3,,,,19.0,,,,,,40.0,,,5.1282,143.5,enrichment,prototype_enrichment.csv,https://www.volvoclub.org.uk/press/volvo2018/173584_Drive_E_Factsheet_T8_Twin_Engine.pdf,2026-09-22T15:03:45+00:00,V90 T8 Recharge AWD R-Design is listed with 255/40R19 front and rear. Tyre evidence: exact-trim-specification; https://www.autoweek.nl/auto/104236/v90-t8-recharge-awd-r-design/; locator: Chassis: front and rear tyre size; secondary: https://cars-data.com/en/volvo/v90/2020-wagon-facelift-8262/t8-recharge-awd-r-design-100114--100114
vp-4bfccd,Aprilia,RS-GP,,,2021.0,EU,motorcycle,L,,,,,,,,ICE,,Gasoline,999.0,186.1,115.0,,,,,,,,,,160.0,,,,,,,,single,,,,,2040.0,,,,,,,,,1420.0,,,,,,,,,,,6.0,,manual,,,,,350.0,,,,,,,,,,,,,,,1163.12,enrichment,prototype_enrichment.csv,,2026-04-04T11:32:06.754747,track width not applicable for motorcycles
vp-62131d,BMW,450 Sports Enduro,,,2008.0,EU,motorcycle,L,,,,,,,,ICE,,Gasoline,449.0,36.2,48.0,,,,,,,,,,120.0,,,,,,,,single,,,,,,,,,,,,,,,,,,,,,,,,,5.0,,manual,,,,,,,,,,,,,,,,,,,,301.67,enrichment,prototype_enrichment.csv,,2026-04-04T11:32:06.754747,track width not applicable for motorcycles
vp-5ca898,BMW,K1200R,,,2007.0,EU,motorcycle,L,,,,,,,,ICE,,Gasoline,1157.0,119.0,127.0,,,,,,,,,,211.0,,,,,,,,single,,,,,2228.0,,,,,,,,,1580.0,,,,,,,,,,,6.0,,manual,,,,,,,,,,5.5,,,,,,128.0,,,,563.98,enrichment,prototype_enrichment.csv,,2026-04-04T11:32:06.754747,track width not applicable for motorcycles
vp-e03dc4,BMW,R 1200 Independent,,,2001.0,EU,motorcycle,L,,,,,,,,ICE,,Gasoline,1170.0,44.5,98.0,,,,,,,,,,256.0,,,,,,,,single,,,,,,,,,,,,,,1650.0,,,,,,,,,,,5.0,,manual,,,,,172.0,,,,,,,,,,,,,,,173.83,enrichment,prototype_enrichment.csv,,2026-04-04T11:32:06.754747,track width not applicable for motorcycles
vp-b80f4d,Ducati,Monster M750,,,1999.0,EU,motorcycle,L,,,,,,,,ICE,,Gasoline,748.0,46.7,62.0,,,,,,,,,,192.0,,,,,,,,single,,,,,,,,,,,,,,1430.0,,,,,,,,,,,5.0,,manual,,,,,195.0,,,,,6.8,,,,,,158.0,,,,243.23,enrichment,prototype_enrichment.csv,,2026-04-04T11:32:06.754747,track width not applicable for motorcycles
vp-376a30,Ducati,Scrambler Tangerine Icon,,,2020.0,EU,motorcycle,L,,,,,,,,ICE,,Gasoline,803.0,53.3,67.0,,,,,,,,,,173.0,,,,,,,,single,,,,,2200.0,,,855.0,,,1150.0,,,1445.0,,,,,,,,,,,6.0,,manual,,,,,,,,,,5.0,,,,,,116.0,,,,308.09,enrichment,prototype_enrichment.csv,,2026-04-04T11:32:06.754747,track width not applicable for motorcycles
vp-511aeb,Ducati,V21L,,,2023.0,EU,motorcycle,L,,,,,,,,BEV,BEV,Electric,,107.7,140.0,,,1.0,1-rear,,110.0,,,,225.0,,,,,,,,single,,,,,,,,,,,,,,1471.0,,,,,,,,,,,,,,,,,,275.0,,,,,,,,,,,,,,,478.67,enrichment,prototype_enrichment.csv,https://hiconsumption.com/motors/ducati-v21l-motoe-prototype-racer/,2026-04-04T11:32:06.754747,track width not applicable for motorcycles
vp-624cb9,Harley-Davidson,Deluxe,,,,EU,motorcycle,L,,,,,,,,ICE,,Gasoline,1746.0,62.8,145.0,,,,,,,,,,303.0,,,,,,,,single,,,,,2415.0,,,,,,,,,1631.0,,,,,,,,,,,6.0,,manual,,,,,,,,,,5.5,,,,,,128.0,,,,207.26,enrichment,prototype_enrichment.csv,,2026-04-04T11:32:06.754747,track width not applicable for motorcycles; year absent in source
vp-f57699,Harley-Davidson,Superlow 120T,,,,EU,motorcycle,L,,,,,,,,ICE,,Gasoline,1202.0,48.9,96.0,,,,,,,,,,264.0,,,,,,,,single,,,,,2210.0,,,,,,,,,1500.0,,,,,,,,,,,6.0,,manual,,,,,,,,,,5.23,,,,,,121.0,,,,185.23,enrichment,prototype_enrichment.csv,,2026-04-04T11:32:06.754747,track width not applicable for motorcycles; year absent in source
vp-bf29d8,Honda,CB 550 SC,,,1983.0,EU,motorcycle,L,,,,,,,,ICE,,Gasoline,572.0,54.7,49.5,,,,,,,,,,206.0,,,,,,,,single,,,,,,,,,,,,,,1440.0,,,,,,,,,,,6.0,,manual,,,,,186.0,,,,,4.9,,,,,,114.0,,,,265.53,enrichment,prototype_enrichment.csv,,2026-04-04T11:32:06.754747,track width not applicable for motorcycles
vp-f8ca65,Honda,CLR CityFly,,,2002.0,EU,motorcycle,L,,,,,,,,ICE,,Gasoline,124.0,,10.2,,,,,,,,,,119.0,,,,,,,,single,,,,,,,,,,,,,,1380.0,,,,,,,,,,,5.0,,manual,,,,,65.0,,,,,,,,,,,,,,,,enrichment,prototype_enrichment.csv,,2026-04-04T11:32:06.754747,track width not applicable for motorcycles
vp-64d861,Honda,V30 Magna,,,1984.0,EU,motorcycle,L,,,,,,,,ICE,,Gasoline,498.0,46.7,43.0,,,,,,,,,,180.0,,,,,,,,single,,,,,,,,,,,,,,1483.0,,,,,,,,,,,6.0,,manual,,,,,197.0,,,,,5.19,,,,,,120.0,,,,259.44,enrichment,prototype_enrichment.csv,,2026-04-04T11:32:06.754747,track width not applicable for motorcycles
vp-00a4fe,Indian,ME 100,,,1974.0,EU,motorcycle,L,,,,,,,,ICE,,Gasoline,97.0,5.8,5.0,,,,,,,,,,79.0,,,,,,,,single,,,,,2057.0,,,,,,610.0,,,1270.0,,,,,,,,,,,5.0,,manual,,,,,88.0,,,,,4.7,,,,,,109.0,,,,73.42,enrichment,prototype_enrichment.csv,,2026-04-04T11:32:06.754747,track width not applicable for motorcycles
vp-d82ef1,KTM,620 EGS,,,1998.0,EU,motorcycle,L,,,,,,,,ICE,,Gasoline,609.0,36.5,60.0,,,,,,,,,,131.0,,,,,,,,single,,,,,,,,,,,,,,,,,,,,,,,,,5.0,,manual,,,,,155.0,,,,,,,,,,,,,,,278.63,enrichment,prototype_enrichment.csv,,2026-04-04T11:32:06.754747,track width not applicable for motorcycles
vp-bf8727,KTM,Prestige,,,2006.0,EU,motorcycle,L,,,,,,,,ICE,,Gasoline,625.0,39.2,60.0,,,,,,,,,,,,,,,,,,single,,,,,,,,,,,,,,1510.0,,,,,,,,,,,5.0,,manual,,,,,,,,,,,,,,,,,,,,,enrichment,prototype_enrichment.csv,,2026-04-04T11:32:06.754747,track width not applicable for motorcycles
vp-4fdd48,Kawasaki,KE-250,,,1977.0,EU,motorcycle,L,,,,,,,,ICE,,Gasoline,250.0,19.7,25.0,,,,,,,,,,120.0,,,,,,,,single,,,,,2189.0,,,,,,,,,,,,,,,,,,,,5.0,,manual,,,,,128.0,,,,,,,,,,,,,,,164.17,enrichment,prototype_enrichment.csv,,2026-04-04T11:32:06.754747,track width not applicable for motorcycles
vp-c38fc3,Kawasaki,Pulsar 200NS,,,2017.0,EU,motorcycle,L,,,,,,,,ICE,,Gasoline,199.0,17.2,18.3,,,,,,,,,,151.0,,,,,,,,single,,,,,2017.0,,,1075.0,,,804.0,,,1363.0,,,,,,,,,,,,,,,,,,135.0,,,,,,,,,,,,,,,113.91,enrichment,prototype_enrichment.csv,,2026-04-04T11:32:06.754747,track width not applicable for motorcycles
vp-c309c9,Kawasaki,VN 400 Classic,,,1996.0,EU,motorcycle,L,,,,,,,,ICE,,Gasoline,399.0,24.1,32.0,,,,,,,,,,233.0,,,,,,,,single,,,,,2370.0,,,930.0,,,1130.0,,,1605.0,,,,,,,,,,,5.0,,manual,,,,,140.0,,,,,6.0,,,,,,139.0,,,,103.43,enrichment,prototype_enrichment.csv,,2026-04-04T11:32:06.754747,track width not applicable for motorcycles
vp-a129dd,Lifan,Camel 125,,,,EU,motorcycle,L,,,,,,,,ICE,,Gasoline,124.0,,9.2,,,,,,,,,,122.0,,,,,,,,single,,,,,2040.0,,,760.0,,,1060.0,,,1320.0,,,,,,,,,,,5.0,,manual,,,,,93.0,,,,,2.1,,,,,,49.0,,,,,enrichment,prototype_enrichment.csv,,2026-04-04T13:41:17.163257,track width not applicable for motorcycles; year absent in source
vp-5d3005,Lifan,Homas 150,,,,EU,motorcycle,L,,,,,,,,ICE,,Gasoline,158.0,,10.9,,,,,,,,,,138.0,,,,,,,,single,,,,,2060.0,,,760.0,,,1060.0,,,1320.0,,,,,,,,,,,5.0,,manual,,,,,95.0,,,,,2.2,,,,,,51.0,,,,,enrichment,prototype_enrichment.csv,,2026-04-04T13:41:17.163257,track width not applicable for motorcycles; year absent in source
vp-43625a,Suzuki,GS150R,,,2014.0,EU,motorcycle,L,,,,,,,,ICE,,Gasoline,149.0,10.1,13.4,,,,,,,,,,,,,,,,,,single,,,,,2095.0,,,785.0,,,1120.0,,,1335.0,,,,,,,,,,,6.0,,manual,,,,,,,,,,,,,,,,,,,,,enrichment,prototype_enrichment.csv,,2026-04-04T11:32:06.754747,track width not applicable for motorcycles
vp-792818,Suzuki,RM 400 C,,,1978.0,EU,motorcycle,L,,,,,,,,ICE,,Gasoline,402.0,31.4,4.8,,,,,,,,,,105.0,,,,,,,,single,,,,,2140.0,,,885.0,,,1225.0,,,1450.0,,,,,,,,,,,5.0,,manual,,,,,148.0,,,,,,,,,,,,,,,299.05,enrichment,prototype_enrichment.csv,,2026-04-04T11:32:06.754747,track width not applicable for motorcycles
vp-96f839,Triumph,New Tiger 800,,,2011.0,EU,motorcycle,L,,,,,,,,ICE,,Gasoline,799.0,68.6,78.7,,,,,,,,,,209.0,,,,,,,,single,,,,,2212.0,,,795.0,,,1349.0,,,1554.0,,,,,,,,,,,6.0,,manual,,,,,,,,,,,,,,,,,,,,328.23,enrichment,prototype_enrichment.csv,,2026-04-04T11:32:06.754747,track width not applicable for motorcycles
vp-c9b384,Triumph,Rocket X,,,2015.0,EU,motorcycle,L,,,,,,,,ICE,,Gasoline,2294.0,108.0,221.0,,,,,,,,,,334.0,,,,,,,,single,,,,,2500.0,,,970.0,,,1165.0,,,1695.0,,,,,,,,,,,5.0,,manual,,,,,,,,,,8.11,,,,,,188.0,,,,323.35,enrichment,prototype_enrichment.csv,,2026-04-04T11:32:06.754747,track width not applicable for motorcycles
vp-80ac47,Triumph,Tiger,,,2000.0,EU,motorcycle,L,,,,,,,,ICE,,Gasoline,855.0,63.5,85.0,,,,,,,,,,215.0,,,,,,,,single,,,,,,,,,,,,,,1550.0,,,,,,,,,,,6.0,,manual,,,,,200.0,,,,,,,,,,,,,,,295.35,enrichment,prototype_enrichment.csv,,2026-04-04T11:32:06.754747,track width not applicable for motorcycles
vp-0d36ff,Yamaha,GT80 B,,,1975.0,EU,motorcycle,L,,,,,,,,ICE,,Gasoline,72.0,3.6,6.1,,,,,,,,,,59.0,,,,,,,,single,,,,,,,,,,,,,,,,,,,,,,,,,4.0,,manual,,,,,91.0,,,,,,,,,,,,,,,61.02,enrichment,prototype_enrichment.csv,,2026-04-04T11:32:06.754747,track width not applicable for motorcycles
vp-1d8e69,Yamaha,V-Max Hermes,,,2011.0,EU,motorcycle,L,,,,,,,,ICE,,Gasoline,1671.0,146.0,166.8,,,,,,,,,,283.0,,,,,,,,single,,,,,2395.0,,,820.0,,,1189.0,,,1699.0,,,,,,,,,,,5.0,,manual,,,,,,,,,,8.71,,,,,,202.0,,,,515.9,enrichment,prototype_enrichment.csv,,2026-04-04T11:32:06.754747,track width not applicable for motorcycles
vp-d6a560,Yamaha,YX 600 Radian,,,1986.0,EU,motorcycle,L,,,,,,,,ICE,,Gasoline,599.0,38.3,35.6,,,,,,,,,,197.0,,,,,,,,single,,,,,2075.0,,,770.0,,,1095.0,,,1385.0,,,,,,,,,,,6.0,,manual,,,,,125.0,,,,,5.1,,,,,,118.0,,,,194.42,enrichment,prototype_enrichment.csv,,2026-04-04T11:32:06.754747,track width not applicable for motorcycles
vp-d3de79,DAF,CF-series,FAG 9.2TD (310 Hp),,,EU,truck,N3,Medium,Chassis,6x2,,,3.0,1.0,ICE,,Diesel,9186.0,231.0,1275.0,,,,,,,,,,7000.0,,,23476.0,,,16476.0,ok,single,,,,,7000.0,,,2550.0,,,3350.0,,,3800.0,,,,,,,,,,,12.0,,Automated,,,,,90.0,,,,,29.5,,,,,,782.0,,,,33.0,enrichment,prototype_enrichment.csv,,2026-04-03T13:47:08.787610,payload derived from gvw - kerb; top speed from DAF CF series type-approval family listing; year absent in source
vp-6b8b2b,DAF,CF-series,FAG 9.2TD (360 Hp),,,EU,truck,N3,Medium,Chassis,6x2,,,3.0,1.0,ICE,,Diesel,9200.0,268.0,1450.0,,,,,,,,,,7000.0,,,23476.0,,,16476.0,ok,single,,,,,7000.0,,,2550.0,,,3350.0,,,3800.0,,,,,,,,,,,12.0,,Automated,,,,,90.0,,,,,29.5,,,,,,782.0,,,,38.29,enrichment,prototype_enrichment.csv,,2026-04-03T13:47:08.787610,payload derived from gvw - kerb; top speed from DAF CF series type-approval family listing; year absent in source
vp-a92407,DAF,CF85.430,FTT 12.6TD (430 Hp),,,EU,truck,N3,Heavy,,6x4,,,3.0,2.0,ICE,,Diesel,12583.0,319.2,1950.0,,,,,,,,,,7600.0,,,28000.0,,,20400.0,ok,single,,,,,6200.0,,,2550.0,,,3350.0,,,3800.0,,,,,,,,,,,16.0,,mechanical,,,,,90.0,,,,,35.0,,,,,,928.0,,,,42.0,enrichment,prototype_enrichment.csv,https://truck-data.com/en/truck/DAF/CF85.430/FTT-12.6TD-(430-Hp)/42,2026-04-04T14:15:24.643985,payload derived from gvw - kerb; top speed from DAF CF85.430 type-approval family listing; year absent in source; power_kw derived from power_hp
vp-396d03,Fiat,Doblo Cargo,1.2 MTJ (85 Hp),,,EU,truck,N1,Light,Diesel,,FWD,,,,ICE,,Diesel,1248.0,63.4,200.0,,,,,,,,,,1425.0,,,2020.0,,,595.0,ok,single,,,,,4390.0,,,1722.0,,,1818.0,,,2583.0,,,,,185/65R15,,,,,,5.0,,,,,,,153.0,,,,,9.0,,,,,,239.0,,,2.395,44.49,enrichment,prototype_enrichment.csv,https://truck-data.com/en/light-truck/Fiat/Doblo-Cargo/1.2-MTJ-(85-Hp)/176,2026-09-22T14:17:09+00:00,The exact source row lists 185/65R15. Tyre evidence: exact-source-row; https://truck-data.com/en/light-truck/Fiat/Doblo-Cargo/1.2-MTJ-(85-Hp)/176; locator: Dimensions and weight → Tires
vp-1d9e7e,Fiat,Doblo Cargo,1.3 JTD MultiJet (70 Hp),,,EU,truck,N1,Light,Van,,FWD,,,,ICE,,Diesel,1248.0,52.2,180.0,,,,,,,,,,1310.0,,,1865.0,,,555.0,ok,single,,,,,4390.0,,,1715.0,,,1800.0,,,2565.0,,,,,175/70R14,,,,,,5.0,,,,,,,150.0,,,,,9.0,,,,,,239.0,,,2.3604,39.85,enrichment,prototype_enrichment.csv,https://truck-data.com/en/light-truck/Fiat/Doblo-Cargo/1.3-JTD-MultiJet-(70-Hp)/177,2026-09-22T14:17:09+00:00,The exact source row lists 175/70 R14. Tyre evidence: exact-source-row; https://truck-data.com/en/light-truck/Fiat/Doblo-Cargo/1.3-JTD-MultiJet-(70-Hp)/177; locator: Dimensions and weight → Tires
vp-f3fec7,Fiat,Doblo Cargo,1.4 8V (77 Hp),,,EU,truck,N1,Light,Van,,FWD,,,,,,,730.0,57.4,115.0,,,,,,,,,,1190.0,,,1913.0,,,723.0,ok,single,,,,,4390.0,,,1722.0,,,1831.0,,,2583.0,,,,,,,,,,,5.0,,,,,,,148.0,,,,,7.4,,,,,,196.0,,,1.6459,48.24,enrichment,prototype_enrichment.csv,https://truck-data.com/en/light-truck/Fiat/Doblo-Cargo/1.4-8V-(77-Hp)/178,2026-04-04T14:15:24.643985,payload derived from gvw - kerb; year absent in source; power_kw derived from power_hp
vp-dcabfc,Ford,Tourneo Connect,1.8 TDCi (75Hp),,,EU,truck,N1,Light,Minibus,,FWD,,,,ICE,,Diesel,1753.0,55.9,175.0,,,,,,,,,,1488.0,,,2151.0,,,663.0,ok,single,,,,,4418.0,,,1795.0,,,1814.0,,,2664.0,,,,,195/65R15,,,,,,5.0,,,,,,,140.0,,,,,10.0,,,,,,265.0,,,2.2443,37.57,enrichment,prototype_enrichment.csv,https://truck-data.com/en/light-truck/Ford/Tourneo-Connect/1.8-TDCi-(75Hp)/382,2026-09-22T14:17:09+00:00,The exact source row lists 195/65R15. Tyre evidence: exact-source-row; https://truck-data.com/en/light-truck/Ford/Tourneo-Connect/1.8-TDCi-(75Hp)/382; locator: Dimensions and weight → Tires
vp-9ce437,Ford,Transit Connect T200,1.8TDi (75 Hp),,,EU,truck,N1,Light,Van,,,,,,ICE,,Diesel,750.0,55.9,175.0,,,,,,,,,,1569.0,,,2260.0,,,691.0,ok,single,,,,,4418.0,,,1814.0,,,2044.0,,,2664.0,,,,,,,,,,,5.0,,,,,,,144.0,,,,,9.0,,,,,,239.0,,,2.2706,35.63,enrichment,prototype_enrichment.csv,https://truck-data.com/en/light-truck/Ford/Transit-Connect-T200/1.8TDi-(75-Hp)/390,2026-04-06T13:21:31.944243,payload derived from gvw - kerb; top speed from Transit Connect T200 technical specs; wheelbase from shared platform data; year absent in source; power_kw derived from power_hp
vp-072e3d,Ford,Transit Kombi SWB,2.4L DTCi (140 Hp),,,EU,truck,N1,Light,Diesel,,RWD,,,,ICE,,Diesel,2400.0,104.4,375.0,,,,,,,,,,2000.0,,,3500.0,,,1500.0,ok,single,,,,,4972.0,,,2360.0,,,2348.0,,,3300.0,,,,,,,,,,,,,,,,,,90.0,,,,,7.1,,,,,,183.0,,,1.3333,52.2,enrichment,prototype_enrichment.csv,https://truck-data.com/en/light-truck/Ford/Transit-Kombi-SWB/2.4L-DTCi-(140-Hp)/435,2026-04-06T13:21:38.207670,payload derived from gvw - kerb; top speed from a Ford Transit 140 hp light-truck listing; year absent in source; power_kw derived from power_hp
vp-df8a95,MAN,10,10.153 LC,,,EU,truck,N2,Medium,,,,,,,ICE,,Diesel,4580.0,115.0,580.0,,,,,,,,,,4063.0,,,10000.0,,,5937.0,ok,single,,,,,5500.0,,,2370.0,,,2900.0,,,3050.0,,,,,,,,,,,,,,,,,,89.0,,,,,20.0,,,,,,530.0,,,0.6844,28.3,enrichment,prototype_enrichment.csv,,2026-04-03T13:47:08.787610,payload derived from gvw - kerb; top speed from MAN 10.153 listing with limiter set to 89 km/h; year absent in source
vp-638364,MAN,10,10.153 LK,,,EU,truck,N2,Medium,,,,,,,ICE,,Diesel,4580.0,115.0,580.0,,,,,,,,,,4063.0,,,10000.0,,,5937.0,ok,single,,,,,5500.0,,,2370.0,,,2900.0,,,3050.0,,,,,,,,,,,,,,,,,,89.0,,,,,20.0,,,,,,530.0,,,0.6844,28.3,enrichment,prototype_enrichment.csv,,2026-04-03T13:47:08.787610,payload derived from gvw - kerb; top speed from MAN 10.153 listing with limiter set to 89 km/h; year absent in source
vp-36ce9e,MAN,19.440,L 19.440 BB,,,EU,truck,N3,Heavy,,4x2,,,2.0,1.0,ICE,,Diesel,10500.0,328.1,2100.0,,,,,,,,,,7400.0,,,19000.0,,,11600.0,ok,single,,,,,5870.0,,,2500.0,,,3460.0,,,3800.0,,,,,,,,,,,,,mechanical,,,,,90.0,,,,,35.0,,,,,,928.0,,,0.6379,44.34,enrichment,prototype_enrichment.csv,https://truck-data.com/en/truck/MAN/19.440/L-19.440-BB/253,2026-04-04T14:15:24.643985,payload derived from gvw - kerb; top speed from comparable MAN 19.440 type-approval listing; year absent in source; power_kw derived from power_hp
vp-0e6e0c,Mercedes-Benz,4x2,OM 457LA,,,EU,truck,N3,Heavy,,4x2,,,2.0,1.0,ICE,,Diesel,11967.0,263.0,1850.0,,,,,,,,,,6800.0,,,18083.0,,,11283.0,ok,single,,,,,5818.0,,,2490.0,,,3195.0,,,3600.0,,,,,,,,,,,,,,,,,,90.0,,,,,30.0,,,,,,795.0,,,0.6027,38.68,enrichment,prototype_enrichment.csv,,2026-04-03T13:47:08.787610,payload derived from gvw - kerb; year absent in source
vp-ca9371,Mercedes-Benz,Actros,4141 K,,,EU,truck,N3,Medium,,8x4,,,4.0,2.0,ICE,,Diesel,12000.0,304.0,2000.0,,,,,,,,,,,,,,,,31159.0,,single,,,,,7444.0,,,2550.0,,,3200.0,,,4500.0,,,,,,,,,,,,,,,,,,90.0,,,,,35.0,,,,,,928.0,,,,,enrichment,prototype_enrichment.csv,,2026-04-03T13:47:08.787610,payload derived from gvw - kerb; top speed from Actros 4141 K listing with 90 km/h speed limiter; year absent in source
vp-04324a,Mercedes-Benz,Actros,Actros 1841,,,EU,truck,N3,Medium,Flatbed,4x2,,,2.0,1.0,ICE,,Diesel,12000.0,304.0,2000.0,,,,,,,,,,8841.0,,,18000.0,,,9159.0,ok,single,,,,,7444.0,,,2500.0,,,3800.0,,,3794.0,,,,,,,,,,,12.0,,automatic,,,,,89.0,,,,,30.5,,,,,,808.0,,,0.9653,34.39,enrichment,prototype_enrichment.csv,,2026-04-03T13:47:08.787610,payload derived from gvw - kerb; year absent in source
vp-f06ced,Renault,Master II Van,L3H2 2.5 dCi 115,,,EU,truck,N1,Light,Van,,FWD,,,,ICE,,Diesel,2463.0,85.8,290.0,,,,,,,,,,2461.0,,,3500.0,,,1039.0,ok,single,,,,,5080.0,,,2359.0,,,2490.0,,,4078.0,,,,,215/65R16,,,,,,6.0,,,,,,,143.0,,,,,8.4,,,,,,223.0,,,2.3686,34.86,enrichment,prototype_enrichment.csv,https://truck-data.com/en/light-truck/Renault/Master-II-Van/L3H2-2.5-dCi-115/642,2026-09-22T14:17:09+00:00,The exact source row lists 215/65 R16. Tyre evidence: exact-source-row; https://truck-data.com/en/light-truck/Renault/Master-II-Van/L3H2-2.5-dCi-115/642; locator: Dimensions and weight → Tires
vp-76fb6a,Renault,Rapid Van (F40),1.6 D (F404) (55 Hp),,,EU,truck,N1,Light,Van,,FWD,,,,ICE,,Diesel,1595.0,41.0,102.0,,,,,,,,,,,,,,,,16490.0,,single,,,,,3980.0,,,2550.0,,,3950.0,,,2580.0,,,,,,,,,,,5.0,,,,,,,150.0,,,,,28.0,,,,,,742.0,,,,,enrichment,prototype_enrichment.csv,https://truck-data.com/en/light-truck/Renault/Rapid-Van-(F40)/1.6-D-(F404)-(55-Hp)/654,2026-04-04T14:15:24.643985,payload derived from gvw - kerb; year absent in source; power_kw derived from power_hp
vp-6c6027,Renault,Trafic Van (TXX),1.6 (65 Hp),,,EU,truck,N1,Light,Petrol,,,,,,ICE,,Gasoline,1598.0,48.5,110.0,,,,,,,,,,,,,,,,16490.0,,single,,,,,4999.0,,,2550.0,,,3950.0,,,2800.0,,,,,,,,,,,,,,,,,,105.0,,,,,5.9,,,,,,152.0,,,,,enrichment,prototype_enrichment.csv,https://truck-data.com/en/light-truck/Renault/Trafic-Van-(TXX)/1.6-(65-Hp)/543,2026-04-06T13:27:59.369680,payload derived from gvw - kerb; year absent in source; power_kw derived from power_hp
vp-add9f4,Scania,New Griffin,P340 LA4X2HNA,,,EU,truck,N3,Heavy,,4x2,,,2.0,1.0,ICE,,Diesel,11000.0,253.0,1600.0,,,,,,,,,,6800.0,,,18000.0,,,11200.0,ok,single,,,,,6200.0,,,2600.0,,,3950.0,,,3950.0,,,,,315/70R22.5,,,,,,,,,,,,,85.0,,,,,30.0,,,,,,795.0,,,0.6071,37.21,enrichment,prototype_enrichment.csv,,2026-09-22T14:17:09+00:00,Exact P340 LA4X2HNA page lists GoodYear or Michelin 315/70R22.5. Tyre evidence: exact-model-configuration; https://truck-data.com/en/truck/Scania/P340/P340-LA4X2HNA/610; locator: Dimension and weight → Tires dimensions
vp-5c5da3,Scania,T,T114CB6x4NZ 380,,,EU,truck,N3,Medium,Tipper,6x4,,,3.0,2.0,ICE,,Diesel,11000.0,283.0,1800.0,,,,,,,,,,9500.0,,,18000.0,,,8500.0,ok,single,,,,,6200.0,,,2600.0,,,4070.0,,,3700.0,,,,,,,,,,,9.0,,,,,,,90.0,,,,,30.0,,,,,,795.0,,,1.1176,29.79,enrichment,prototype_enrichment.csv,,2026-04-03T13:47:08.787610,payload derived from gvw - kerb; top speed from Scania 4-series type-approval listing; year absent in source
vp-7f1257,Scania,T,T124 CB6X4NZ,,,EU,truck,N3,Medium,Tipper,6x4,,,3.0,2.0,ICE,,Diesel,11705.0,268.0,1665.0,,,,,,,,,,9500.0,,,18000.0,,,8500.0,ok,single,,,,,6200.0,,,2600.0,,,4070.0,,,3700.0,,,,,,,,,,,9.0,,manual,,,,,90.0,,,,,30.0,,,,,,795.0,,,1.1176,28.21,enrichment,prototype_enrichment.csv,,2026-04-03T13:47:08.787610,payload derived from gvw - kerb; top speed from Scania 4-series type-approval listing; year absent in source
vp-805801,Toyota,Lite Ace (2 rows of seats),2.0D (73Hp),,,EU,truck,N1,Light,Minibus,,AWD,,,,ICE,,Diesel,1974.0,54.4,132.0,,,,,,,,,,1200.0,,,1730.0,,,530.0,ok,single,,,,,4195.0,,,1650.0,,,1950.0,,,2100.0,,,,,,,,,,,5.0,,,,,,,155.0,,,,,10.0,,,,,,265.0,,,2.2642,45.33,enrichment,prototype_enrichment.csv,https://truck-data.com/en/light-truck/Toyota/Lite-Ace-(2-rows-of-seats)/2.0D-(73Hp)/1418,2026-04-04T14:15:24.643985,payload derived from gvw - kerb; top speed estimated from Toyota Lite Ace family summary (155-180 km/h); year absent in source; power_kw derived from power_hp
vp-b5d883,Toyota,Lite Ace (2 rows of seats),2.0DT (85Hp) 4WD,,,EU,truck,N1,Light,Minibus,,AWD,,,,ICE,,Diesel,1974.0,63.4,173.0,,,,,,,,,,1200.0,,,1730.0,,,530.0,ok,single,,,,,4195.0,,,1650.0,,,1950.0,,,2100.0,,,,,,,,,,,5.0,,,,,,,180.0,,,,,10.0,,,,,,265.0,,,2.2642,52.83,enrichment,prototype_enrichment.csv,https://truck-data.com/en/light-truck/Toyota/Lite-Ace-(2-rows-of-seats)/2.0DT-(85Hp)-4WD/1419,2026-04-04T14:15:24.643985,payload derived from gvw - kerb; top speed from Toyota Lite Ace family summary; year absent in source; power_kw derived from power_hp
vp-73b91f,Toyota,Lite Ace Van (3 rows of seats),1.5i (97Hp) 4WD,,,EU,truck,N1,Light,Minibus,,AWD,,,,ICE,,Gasoline,1495.0,72.3,134.0,,,,,,,,,,1200.0,,,1730.0,,,530.0,ok,single,,,,,4195.0,,,1665.0,,,1900.0,,,2650.0,,,,,,,,,,,5.0,,,,,,,180.0,,,,,6.4,,,,,,168.0,,,2.2642,60.25,enrichment,prototype_enrichment.csv,https://truck-data.com/en/light-truck/Toyota/Lite-Ace-Van-(3-rows-of-seats)/1.5i-(97Hp)-4WD/1437,2026-04-04T14:15:24.643985,payload derived from gvw - kerb; top speed from Toyota Lite Ace family summary; year absent in source; power_kw derived from power_hp
vp-e75f99,Volkswagen,LT III Van,"LT 28 2,5 TDI 109Hp average base",,,EU,truck,N1,Light,Van,,RWD,,,,ICE,,Diesel,1118.0,81.3,280.0,,,,,,,,,,1682.0,,,2800.0,,,1118.0,ok,single,,,,,5740.0,,,1933.0,,,2155.0,,,3550.0,,,,,195/70R15,,,,,,5.0,,,,,,,146.0,,,,,9.1,,,,,,241.0,,,1.5045,48.34,enrichment,prototype_enrichment.csv,"https://truck-data.com/en/light-truck/Volkswagen/LT-III-Van/LT-28-2,5-TDI-109Hp-average-base/2224",2026-09-22T14:17:09+00:00,"The exact source row lists 195/70 R15. Tyre evidence: exact-source-row; https://truck-data.com/en/light-truck/Volkswagen/LT-III-Van/LT-28-2,5-TDI-109Hp-average-base/2224; locator: Dimensions and weight → Tires"
vp-a53d15,Volkswagen,LT III Van,"LT 28 2,5 TDI 109Hp short base",,,EU,truck,N1,Light,Van,,RWD,,,,ICE,,Diesel,983.0,81.3,280.0,,,,,,,,,,1800.0,,,2800.0,,,1000.0,ok,single,,,,,5740.0,,,1933.0,,,2350.0,,,3000.0,,,,,195/70R15C,,,,,,5.0,,,,,,,148.0,,,,,9.1,,,,,,241.0,,,1.8,45.17,enrichment,prototype_enrichment.csv,"https://truck-data.com/en/light-truck/Volkswagen/LT-III-Van/LT-28-2,5-TDI-109Hp-short-base/2223",2026-09-22T14:17:09+00:00,"The exact source row lists 195/70 R15 C. Tyre evidence: exact-source-row; https://truck-data.com/en/light-truck/Volkswagen/LT-III-Van/LT-28-2,5-TDI-109Hp-short-base/2223; locator: Dimensions and weight → Tires"
vp-f60e18,Volkswagen,LT III Van,"LT 28 2,5 TDI 83Hp average base",,,EU,truck,N1,Light,Van,,RWD,,,,ICE,,Diesel,1118.0,61.9,200.0,,,,,,,,,,1682.0,,,2800.0,,,1118.0,ok,single,,,,,5740.0,,,1922.0,,,2155.0,,,3550.0,,,,,195/70R15,,,,,,5.0,,,,,,,133.0,,,,,9.0,,,,,,239.0,,,1.5045,36.8,enrichment,prototype_enrichment.csv,"https://truck-data.com/en/light-truck/Volkswagen/LT-III-Van/LT-28-2,5-TDI-83Hp-average-base/2226",2026-09-22T14:17:09+00:00,"The exact source row lists 195/70 R15. Tyre evidence: exact-source-row; https://truck-data.com/en/light-truck/Volkswagen/LT-III-Van/LT-28-2,5-TDI-83Hp-average-base/2226; locator: Dimensions and weight → Tires"
vp-afa499,Volvo,FH,D12D420,,,EU,truck,N3,Medium,,4x2,,,2.0,1.0,ICE,,Diesel,12800.0,313.0,2100.0,,,,,,,,,,,,,,,,36400.0,,single,,,,,6537.0,,,2500.0,,,3950.0,,,3700.0,,,,,,,,,,,14.0,,manual,,,,,89.0,,,,,29.0,,,,,,769.0,,,,,enrichment,prototype_enrichment.csv,,2026-04-03T13:47:08.787610,payload derived from gvw - kerb; year absent in source
vp-fb880b,Volvo,FH,D13B500,,,EU,truck,N3,Medium,,,,,,,ICE,,Diesel,12800.0,372.0,2400.0,,,,,,,,,,7600.0,,,18000.0,,,10400.0,ok,single,,,,,6537.0,,,2500.0,,,3950.0,,,3750.0,,,,,,,,,,,12.0,,Automated,,,,,89.0,,,,,29.0,,,,,,769.0,,,0.7308,48.95,enrichment,prototype_enrichment.csv,,2026-04-03T13:47:08.787610,payload derived from gvw - kerb; year absent in source
vp-996a64,Volvo,FM,D12C3406x2,,,EU,truck,N3,Heavy,,6x2,,,3.0,1.0,ICE,,Diesel,,253.0,1700.0,,,,,,,,,,7200.0,,,30000.0,,,22800.0,ok,single,,,,,6100.0,,,2550.0,,,3600.0,,,3721.0,,,,,,,,,,,12.0,,Automated,,,,,90.0,,,,,30.0,,,,,,795.0,,,,35.14,enrichment,prototype_enrichment.csv,,2026-04-03T13:47:08.787610,payload derived from gvw - kerb; year absent in source
vp-934445,Mazda,3 i-Stop,,,2010,US/EU (FASTSim),car,M1,,,,,,2,,ICE,,Gasoline,,110.4,,,,,,,,,,,1337.9,,,,,,,simulation-test-mass,single,1045.636,136.0,,,,,,,,,,,,2600.0,,,0.53,0.61,,,0.336,4.0,,,,,,0.92,0.3301,2.574,0.009148,,,,,,,,,,,,,,0.8497,,82.52,fastsim,f2-vehicles/2010 Mazda 3 i-Stop.yaml,https://github.com/NREL/fastsim,2026-09-23T07:56:50.664101+00:00,FASTSim scenario '2010 Mazda 3 i-Stop'; mass resolved from f3 twin
vp-356d1e,Ford,Focus,,,2012,US/EU (FASTSim),car,M1,,,,,,2,,ICE,,Gasoline,,119.3,,,,,,,,,,,1337.9,,,,,,,simulation-test-mass,single,1045.636,136.0,,,,,,,,,,,,2600.0,,,0.53,0.61,,,0.336,4.0,,,,,,0.92,0.304,2.574,0.0101,,,,9.1,6.6,8.0,,,,,,184,,0.7825,,89.17,fastsim,f2-vehicles/2012 Ford Focus.yaml,https://github.com/NREL/fastsim,2026-09-23T07:56:50.664101+00:00,FASTSim scenario '2012 Ford Focus'; mass resolved from f3 twin
vp-59b78c,Ford,Fusion,,,2012,US/EU (FASTSim),car,M1,,,,,,2,,ICE,,Gasoline,,130.5,,,,,,,,,,,1508.3,,,,,,,simulation-test-mass,single,791.0702892,136.0,,,,,,,,,,,,2720.0,,,0.53,0.59,,,0.326,4.0,,,,,,0.875,0.393,2.12,0.007,,,,10.8,8.2,9.6,,,,,,221,,0.8332,,86.52,fastsim,f2-vehicles/2012 Ford Fusion.yaml,https://github.com/NREL/fastsim,2026-09-23T07:56:50.664101+00:00,FASTSim scenario '2012 Ford Fusion'; mass resolved from f3 twin
vp-0c7bd3,Audi,A3 4cyl 2WD,,,2016,US/EU (FASTSim),car,M1,,,,,,2,,ICE,,Diesel,,112.0,,,,,,,,,,,1470.1,,,,,,,simulation-test-mass,single,1089.051,136.0,,,,,,,,,,,,2600.0,,,0.53,0.59,,,0.336,4.0,,,,,,0.92,0.395,2.565,0.01,,,,,,,,,,,,,,1.0132,,76.19,fastsim,f2-vehicles/2016 AUDI A3 4cyl 2WD.yaml,https://github.com/NREL/fastsim,2026-09-23T07:56:50.664101+00:00,FASTSim scenario '2016 AUDI A3 4cyl 2WD'; mass resolved from f3 twin
vp-50b814,BMW,328d 4cyl 2WD,,,2016,US/EU (FASTSim),car,M1,,,,,,2,,ICE,,Diesel,,135.0,,,,,,,,,,,1814.4,,,,,,,simulation-test-mass,single,1409.717,136.0,,,,,,,,,,,,2600.0,,,0.53,0.59,,,0.336,4.0,,,,,,0.92,0.3,2.565,0.012,,,,,,,,,,,,,,0.7695,,74.4,fastsim,f2-vehicles/2016 BMW 328d 4cyl 2WD.yaml,https://github.com/NREL/fastsim,2026-09-23T07:56:50.664101+00:00,FASTSim scenario '2016 BMW 328d 4cyl 2WD'; mass resolved from f3 twin
vp-262cad,BMW,i3 REx PHEV,,,2016,US/EU (FASTSim),car,M1,,,,,,2,,PHEV,REx,Gasoline,,25.0,,33.0,127.0,1.0,1-rear,,125.0,,9.665,,1530.9,,,,,,,simulation-test-mass,single,607.577,136.0,,,,,,,,,,,,2600.0,,,0.53,0.59,,,0.336,4.0,,,,,,0.98,0.3,2.8,0.007,,,,,,,,,,,,,,0.84,,16.33,fastsim,f2-vehicles/2016 BMW i3 REx PHEV.yaml,https://github.com/NREL/fastsim,2026-09-23T07:56:50.664101+00:00,FASTSim scenario '2016 BMW i3 REx PHEV'; mass resolved from f3 twin
vp-22a8b5,Chevrolet,Malibu 4cyl 2WD,,,2016,US/EU (FASTSim),car,M1,,,,,,2,,ICE,,Gasoline,,119.0,,,,,,,,,,,1530.9,,,,,,,simulation-test-mass,single,1146.223,136.0,,,,,,,,,,,,2600.0,,,0.53,0.59,,,0.336,4.0,,,,,,0.92,0.3,2.732,0.008,,,,,,,,,,,,,,0.8196,,77.73,fastsim,f2-vehicles/2016 CHEVROLET Malibu 4cyl 2WD.yaml,https://github.com/NREL/fastsim,2026-09-23T07:56:50.664101+00:00,FASTSim scenario '2016 CHEVROLET Malibu 4cyl 2WD'; mass resolved from f3 twin
vp-118a2d,Chevrolet,Spark EV,,,2016,US/EU (FASTSim),car,M1,,,,,,2,,BEV,BEV,Electric,,104.0,,21.0,105.0,1.0,1-front,105.0,,,,,1300.0,,,,,,,simulation-test-mass,single,647.505,136.0,,,,,,,,,,,,2380.0,,,0.44,0.7,,,0.336,4.0,,,,,,0.98,0.33,2.357,0.007,,,,,,,16.0,19.6,17.8,131,7,0,,0.7778,,80.0,fastsim,f2-vehicles/2016 CHEVROLET Spark EV.yaml,https://github.com/NREL/fastsim,2026-09-23T07:56:50.664101+00:00,FASTSim scenario '2016 CHEVROLET Spark EV'; mass resolved from f3 twin
vp-283497,Chevrolet,Volt,,,2016,US/EU (FASTSim),car,M1,,,,,,2,,PHEV,PHEV,Gasoline,,75.0,,18.4,111.0,2.0,2-front,135.0,,,,,1757.7,,,,,,,simulation-test-mass,single,950.564,136.0,,,,,,,,,,,,2600.0,,,0.53,0.59,,,0.336,4.0,,,,,,0.98,0.3,2.565,0.007,,,,5.5,5.6,5.6,,,,,4.5,32,,0.7695,,42.67,fastsim,f2-vehicles/2016 CHEVROLET Volt.yaml,https://github.com/NREL/fastsim,2026-09-23T07:56:50.664101+00:00,FASTSim scenario '2016 CHEVROLET Volt'; mass resolved from f3 twin
vp-89314d,Ford,C-MAX (PHEV),,,2016,US/EU (FASTSim),car,M1,,,,,,2,,PHEV,PHEV,Gasoline,,105.0,,7.6,65.0,1.0,1-front,68.0,,,,,1768.6,,,,,,,simulation-test-mass,single,1092.131,136.0,,,,,,,,,,,,2600.0,,,0.53,0.59,,,0.336,4.0,,,,,,0.98,0.335,2.964,0.007,,,,,,,,,,,,,,0.9929,,59.37,fastsim,f2-vehicles/2016 FORD C-MAX (PHEV).yaml,https://github.com/NREL/fastsim,2026-09-23T07:56:50.664101+00:00,FASTSim scenario '2016 FORD C-MAX (PHEV)'; mass resolved from f3 twin
vp-4ebdad,Ford,C-MAX HEV,,,2016,US/EU (FASTSim),car,M1,,,,,,2,,Hybrid,HEV,Gasoline,,141.0,,1.0,35.0,1.0,1-front,,,,,,1814.4,,,,,,,simulation-test-mass,single,1225.594,136.0,,,,,,,,,,,,2600.0,,,0.53,0.59,,,0.336,4.0,,,,,,0.95,0.325,2.973,0.007,,,,,,,,,,,,,,0.9662,,77.71,fastsim,f2-vehicles/2016 FORD C-MAX HEV.yaml,https://github.com/NREL/fastsim,2026-09-23T07:56:50.664101+00:00,FASTSim scenario '2016 FORD C-MAX HEV'; mass resolved from f3 twin
vp-9e0e18,Ford,Escape 4cyl 2WD,,,2016,US/EU (FASTSim),car,M1,,,,,,2,,ICE,,Gasoline,,125.0,,,,,,,,,,,1757.7,,,,,,,simulation-test-mass,single,1359.166,136.0,,,,,,,,,,,,2600.0,,,0.53,0.59,,,0.336,4.0,,,,,,0.92,0.355,3.066,0.006,,,,,,,,,,,,,,1.0884,,71.12,fastsim,f2-vehicles/2016 FORD Escape 4cyl 2WD.yaml,https://github.com/NREL/fastsim,2026-09-23T07:56:50.664101+00:00,FASTSim scenario '2016 FORD Escape 4cyl 2WD'; mass resolved from f3 twin
vp-931fbc,Ford,Explorer 4cyl 2WD,,,2016,US/EU (FASTSim),car,M1,,,,,,2,,ICE,,Gasoline,,205.0,,,,,,,,,,,2268.0,,,,,,,simulation-test-mass,single,1800.313,136.0,,,,,,,,,,,,2600.0,,,0.53,0.59,,,0.336,4.0,,,,,,0.92,0.34,3.568,0.008,,,,,,,,,,,,,,1.2131,,90.39,fastsim,f2-vehicles/2016 FORD Explorer 4cyl 2WD.yaml,https://github.com/NREL/fastsim,2026-09-23T07:56:50.664101+00:00,FASTSim scenario '2016 FORD Explorer 4cyl 2WD'; mass resolved from f3 twin
vp-5a9f76,Hyundai,Elantra 4cyl 2WD,,,2016,US/EU (FASTSim),car,M1,,,,,,2,,ICE,,Gasoline,,110.0,,,,,,,,,,,1474.2,,,,,,,simulation-test-mass,single,1090.626,136.0,,,,,,,,,,,,2600.0,,,0.53,0.59,,,0.336,4.0,,,,,,0.92,0.3,2.611,0.012,,,,,,,,,,,,,,0.7833,,74.62,fastsim,f2-vehicles/2016 HYUNDAI Elantra 4cyl 2WD.yaml,https://github.com/NREL/fastsim,2026-09-23T07:56:50.664101+00:00,FASTSim scenario '2016 HYUNDAI Elantra 4cyl 2WD'; mass resolved from f3 twin
vp-648f3f,Hyundai,Sonata PHEV,,,2016,US/EU (FASTSim),car,M1,,,,,,2,,PHEV,PHEV,Gasoline,,115.0,,9.8,50.0,1.0,1-front,50.0,,,,,1814.4,,,,,,,simulation-test-mass,single,1121.959,136.0,,,,,,,,,,,,2800.0,,,0.53,0.59,,,0.336,4.0,,,,,,0.98,0.3,2.732,0.007,,,,,,,,,,,,,,0.8196,,63.38,fastsim,f2-vehicles/2016 HYUNDAI Sonata PHEV.yaml,https://github.com/NREL/fastsim,2026-09-23T07:56:50.664101+00:00,FASTSim scenario '2016 HYUNDAI Sonata PHEV'; mass resolved from f3 twin
vp-b5fcc9,Hyundai,Tucson Fuel Cell,,,2016,US/EU (FASTSim),car,M1,,,,,,2,,FCEV,FCEV,Hydrogen,,134.0,,0.95,134.0,1.0,1-front,99.0,,,,,2041.2,,,,,,,simulation-test-mass,single,1447.123,136.0,,,,,,,,,,,,2690.0,,,0.53,0.53,,,0.316,4.0,,,,,,0.98,0.355,3.016,0.0068,,,,,,,,,,,,,,1.0707,,65.65,fastsim,f2-vehicles/2016 Hyundai Tucson Fuel Cell.yaml,https://github.com/NREL/fastsim,2026-09-23T07:56:50.664101+00:00,"FASTSim scenario '2016 Hyundai Tucson Fuel Cell'; mass resolved from f3 twin; FASTSim tagged HEV, corrected to FCEV"
vp-24b2fe,Kia,Optima Hybrid,,,2016,US/EU (FASTSim),car,M1,,,,,,2,,Hybrid,HEV,Gasoline,,119.0,,1.0,35.0,1.0,1-front,35.0,,,,,1757.7,,,,,,,simulation-test-mass,single,1165.944,136.0,,,,,,,,,,,,2600.0,,,0.53,0.59,,,0.336,4.0,,,,,,0.95,0.3,2.732,0.008,,,,6.6,5.9,6.3,,,,,,147,,0.8196,,67.7,fastsim,f2-vehicles/2016 KIA Optima Hybrid.yaml,https://github.com/NREL/fastsim,2026-09-23T07:56:50.664101+00:00,FASTSim scenario '2016 KIA Optima Hybrid'; mass resolved from f3 twin
vp-5c56cb,Leaf,24 kWh,,,2016,US/EU (FASTSim),car,M1,,,,,,2,,BEV,BEV,Electric,,,,24.0,80.0,1.0,1-front,80.0,,7.9377,,,1476.9,,,,,,,simulation-test-mass,single,819.961,136.0,,,,,,,,,,,,2600.0,,,0.53,0.59,,,0.336,4.0,,,,,,0.98,0.315,2.755,0.008,,,,,,,,,,,,,,0.8678,,54.17,fastsim,f2-vehicles/2016 Leaf 24 kWh.yaml,https://github.com/NREL/fastsim,2026-09-23T07:56:50.664101+00:00,FASTSim scenario '2016 Leaf 24 kWh'; mass resolved from f3 twin
vp-9837d6,Mitsubishi,i-MiEV,,1 generation,2016,US/EU (FASTSim),car,M1,,Hatchback,,,,2,,BEV,BEV,Electric,,49.0,180.0,16.0,49.0,1.0,1-rear,,49.0,,,,1304.1,,,,,,,simulation-test-mass,single,772.894,136.0,5.0,,,,,,,,,,,2600.0,,,0.53,0.59,,,0.336,4.0,,,,,Continuously variable transmission (CVT),0.98,0.34,2.56,0.007,130.0,15.9,,,,,16.9,21.4,18.7,100,7,0,,0.8704,,37.57,fastsim,f2-vehicles/2016 MITSUBISHI i-MiEV.yaml,https://github.com/NREL/fastsim,2026-09-23T07:56:50.664101+00:00,FASTSim scenario '2016 MITSUBISHI i-MiEV'; mass resolved from f3 twin
vp-c9f0f7,Nissan,Leaf 30 kWh,,,2016,US/EU (FASTSim),car,M1,,,,,,2,,BEV,BEV,Electric,,80.0,,30.0,80.0,1.0,1-front,80.0,,7.9377,,,1500.0,,,,,,,simulation-test-mass,single,817.894,136.0,,,,,,,,,,,,2600.0,,,0.53,0.59,,,0.336,4.0,,,,,,0.98,0.315,2.755,0.008,,,,,,,17.0,20.7,18.6,172,6,0,,0.8678,,53.33,fastsim,f2-vehicles/2016 Nissan Leaf 30 kWh.yaml,https://github.com/NREL/fastsim,2026-09-23T07:56:50.664101+00:00,FASTSim scenario '2016 Nissan Leaf 30 kWh'; mass resolved from f3 twin
vp-9fe796,Tesla,Model S60 2WD,,,2016,US/EU (FASTSim),car,M1,,,,,,2,,BEV,BEV,Electric,,,,75.0,285.0,1.0,1-rear,,285.0,,9.73,,2134.2,,,,,,,simulation-test-mass,single,666.945,136.0,,,,,,,,,,,,2960.0,,,-0.445,0.59,,,0.336,4.0,,,,,,0.98,0.3,2.832,0.008,,,,,,,,,,,,,,0.8496,,133.54,fastsim,f2-vehicles/2016 TESLA Model S60 2WD.yaml,https://github.com/NREL/fastsim,2026-09-23T07:56:50.664101+00:00,FASTSim scenario '2016 TESLA Model S60 2WD'; mass resolved from f3 twin
vp-4ccb6a,Toyota,Camry 4cyl 2WD,,,2016,US/EU (FASTSim),car,M1,,,,,,2,,ICE,,Gasoline,,149.0,,,,,,,,,,,1757.7,,,,,,,simulation-test-mass,single,1334.332,136.0,,,,,,,,,,,,2600.0,,,0.53,0.59,,,0.336,4.0,,,,,,0.92,0.3,2.694,0.007,,,,,,,,,,,,,,0.8082,,84.77,fastsim,f2-vehicles/2016 TOYOTA Camry 4cyl 2WD.yaml,https://github.com/NREL/fastsim,2026-09-23T07:56:50.664101+00:00,FASTSim scenario '2016 TOYOTA Camry 4cyl 2WD'; mass resolved from f3 twin
vp-4478b5,Toyota,Corolla 4cyl 2WD,,,2016,US/EU (FASTSim),car,M1,,,,,,2,,ICE,,Gasoline,,98.0,,,,,,,,,,,1417.5,,,,,,,simulation-test-mass,single,1045.636,136.0,,,,,,,,,,,,2600.0,,,0.53,0.61,,,0.336,4.0,,,,,,0.92,0.3,2.574,0.01,,,,,,,,,,,,,,0.7722,,69.14,fastsim,f2-vehicles/2016 TOYOTA Corolla 4cyl 2WD.yaml,https://github.com/NREL/fastsim,2026-09-23T07:56:50.664101+00:00,FASTSim scenario '2016 TOYOTA Corolla 4cyl 2WD'; mass resolved from f3 twin
vp-da4b78,Toyota,Highlander Hybrid,,,2016,US/EU (FASTSim),car,M1,,,,,,2,,Hybrid,HEV,Gasoline,,172.0,,2.0,123.0,2.0,1-front+1-rear,123.0,50.0,,6.8,,2268.0,,,,,,,simulation-test-mass,single,1527.574,136.0,,,,,,,,,,,,2600.0,,,0.53,0.59,,,0.336,4.0,,,,,,0.95,0.39,3.33,0.007,,,,,,,,,,,,,,1.2987,,75.84,fastsim,f2-vehicles/2016 TOYOTA Highlander Hybrid.yaml,https://github.com/NREL/fastsim,2026-09-23T07:56:50.664101+00:00,"FASTSim scenario '2016 TOYOTA Highlander Hybrid'; mass resolved from f3 twin. Per-axle motor power (123.0+50.0=173.0 kW) is researched hardware; motor_power_kw 123.0 kW is a lumped fastsim model figure, not a system total. They are not expected to agree."
vp-026c10,Toyota,Prius Two FWD,,,2016,US/EU (FASTSim),car,M1,,,,,,2,,Hybrid,HEV,Gasoline,,71.0,,0.75,53.0,1.0,1-front,53.0,,,,,1498.2,,,,,,,simulation-test-mass,single,1250.0,136.8,,,,,,,,,,,,2700.0,,,0.53,0.59,,,0.3175,4.0,,,,,,0.98,0.306,2.22,0.0064,,,,,,,,,,,,,,0.6793,,47.39,fastsim,f2-vehicles/2016 Toyota Prius Two FWD.yaml,https://github.com/NREL/fastsim,2026-09-23T07:56:50.664101+00:00,FASTSim scenario '2016 Toyota Prius Two FWD'; mass resolved from f3 twin
vp-141613,Chevrolet,Bolt,,,2017,US/EU (FASTSim),car,M1,,,,,,2,,BEV,BEV,Electric,,,,60.0,150.0,1.0,1-front,150.0,,7.05,,,1621.8,,,,,,,simulation-test-mass,single,648.0,136.0,,,,,,,,,,,,2600.0,,,0.44,0.7,,,0.336,4.0,,,,,,0.98,0.29,2.845,0.0073,,,,,,,,,,,,,,0.825,,92.49,fastsim,f2-vehicles/2017 CHEVROLET Bolt.yaml,https://github.com/NREL/fastsim,2026-09-23T07:56:50.664101+00:00,FASTSim scenario '2017 CHEVROLET Bolt'; mass resolved from f3 twin
vp-8f8201,Maruti,Dzire VDI,,,2017,US/EU (FASTSim),car,M1,,,,,,2,,ICE,,Diesel,,55.196704,,,,,,,,,,,972.5,,,,,,,simulation-test-mass,single,0.0,0.0,,,,,,,,,,,,2450.0,,,0.53,0.61,,,0.3098,4.0,,,,,,0.95,0.375,2.1347,0.0101,,,,,,,,,,,,,,0.8005,,56.76,fastsim,f2-vehicles/2017 Maruti Dzire VDI.yaml,https://github.com/NREL/fastsim,2026-09-23T07:56:50.664101+00:00,FASTSim scenario '2017 Maruti Dzire VDI'; mass resolved from f3 twin
vp-719c4c,Prius,Prime,,,2017,US/EU (FASTSim),car,M1,,,,,,2,,PHEV,PHEV,Gasoline,,71.0,,8.8,53.0,1.0,1-front,53.0,,,,,1644.3,,,,,,,simulation-test-mass,single,1003.205,136.0,,,,,,,,,,,,2600.0,,,0.53,0.59,,,0.336,4.0,,,,,,0.98,0.27,2.582,0.006,,,,,,,,,,,,,,0.6971,,43.18,fastsim,f2-vehicles/2017 Prius Prime.yaml,https://github.com/NREL/fastsim,2026-09-23T07:56:50.664101+00:00,FASTSim scenario '2017 Prius Prime'; mass resolved from f3 twin
vp-f6d72d,Toyota,Highlander 3.5 L,,,2017,US/EU (FASTSim),car,M1,,,,,,2,,ICE,,Gasoline,,220.0,,,,,,,,,,,2134.0,,,,,,,simulation-test-mass,single,791.0702892,136.0,,,,,,,,,,,,2720.0,,,0.53,0.59,,,0.326,4.0,,,,,,0.875,,6.0,0.009449,,,,,,,,,,,,,,1.1796,,103.09,fastsim,f2-vehicles/2017 Toyota Highlander 3.5 L.yaml,https://github.com/NREL/fastsim,2026-09-23T07:56:50.664101+00:00,FASTSim scenario '2017 Toyota Highlander 3.5 L'; mass resolved from f3 twin
vp-6a5159,Chevrolet,Colorado 2WD Diesel,,,2020,US/EU (FASTSim),truck,N1,,,4x2,,,2.0,1.0,ICE,,Diesel,,135.0,,,,,,,,,,,2188.2,,,,,,,simulation-test-mass,single,1250.0,136.8,,,,,,,,,,,,3260.0,,,0.53,0.61,,,0.4064,4.0,,,,,,0.92,0.4,2.88,0.009,,,,,,,,,,,,,,1.152,,61.69,fastsim,f2-vehicles/2020 Chevrolet Colorado 2WD Diesel.yaml,https://github.com/NREL/fastsim,2026-09-23T07:56:50.664101+00:00,FASTSim scenario '2020 Chevrolet Colorado 2WD Diesel'; mass resolved from f3 twin
vp-a1cbec,Hero,Splendor+ 100cc,,,2020,US/EU (FASTSim),motorcycle,L3e,,,2x1,,,2,1,ICE,,Gasoline,,5.8987,,,,,,,,,,,172.0,,,,,,,simulation-test-mass,single,0.0,0.0,,,,,,,,,,,,1236.0,,,0.53,0.61,,,0.3086,2.0,,,,,,0.92,0.78,0.68,0.01,,,,,,,,,,,,,,0.5304,,34.29,fastsim,f2-vehicles/2020 Hero Splendor+ 100cc.yaml,https://github.com/NREL/fastsim,2026-09-23T07:56:50.664101+00:00,FASTSim scenario '2020 Hero Splendor+ 100cc'; mass resolved from f3 twin
vp-4cdd22,VW,Golf 1.5TSI,,,2020,US/EU (FASTSim),car,M1,,,,,,2,,ICE,,Gasoline,,96.0,,,,,,,,,,,1280.0,,,,,,,simulation-test-mass,single,1045.636,136.0,,,,,,,,,,,,2636.0,,,0.53,0.61,,,0.316,4.0,,,,,,0.98,0.275,2.21,0.009,,,,,,,,,,,,,,0.6078,,75.0,fastsim,f2-vehicles/2020 VW Golf 1.5TSI.yaml,https://github.com/NREL/fastsim,2026-09-23T07:56:50.664101+00:00,FASTSim scenario '2020 VW Golf 1.5TSI'; mass resolved from f3 twin
vp-7b2a2e,VW,Golf 2.0TDI,,,2020,US/EU (FASTSim),car,M1,,,,,,2,,ICE,,Diesel,,110.0,,,,,,,,,,,1254.0,,,,,,,simulation-test-mass,single,1045.636,136.0,,,,,,,,,,,,2636.0,,,0.53,0.61,,,0.316,4.0,,,,,,0.98,0.275,2.21,0.009,,,,,,,,,,,,,,0.6078,,87.72,fastsim,f2-vehicles/2020 VW Golf 2.0TDI.yaml,https://github.com/NREL/fastsim,2026-09-23T07:56:50.664101+00:00,FASTSim scenario '2020 VW Golf 2.0TDI'; mass resolved from f3 twin
vp-df71be,BMW,iX xDrive40,,,2021,US/EU (FASTSim),car,M1,,,,,,2,,BEV,BEV,Electric,,,,76.6,240.0,2.0,1-front+1-rear,,,,,,2600.0,,,,,,,simulation-test-mass,single,0.0,0.0,,,,,,,,,,,,3000.0,,,-0.53,0.61,,,0.395,4.0,,,,,,0.98,0.25,2.82,0.0101,,,,,,,,,,,,,,0.705,,92.31,fastsim,f2-vehicles/2021 BMW iX xDrive40.yaml,https://github.com/NREL/fastsim,2026-09-23T07:56:50.664101+00:00,FASTSim scenario '2021 BMW iX xDrive40'; mass resolved from f3 twin
vp-cbeffa,Cupra,Born,,,2021,US/EU (FASTSim),car,M1,,,,,,2,,BEV,BEV,Electric,,,,82.0,150.0,1.0,1-rear,,150.0,,,,1927.0,,,,,,,simulation-test-mass,single,0.0,0.0,,,,,,,,,,,,2766.0,,,-0.53,0.61,,,0.3488,4.0,,,,,,0.98,0.27,2.31,0.011,,,,,,,,,,,,,,0.6237,,77.84,fastsim,f2-vehicles/2021 Cupra Born.yaml,https://github.com/NREL/fastsim,2026-09-23T07:56:50.664101+00:00,FASTSim scenario '2021 Cupra Born'; mass resolved from f3 twin
vp-76cf5c,Fiat,Panda Mild Hybrid,,,2021,US/EU (FASTSim),car,M1,,,,,,2,,Hybrid,MHEV,Gasoline,,51.0,,,,1.0,1-front,3.6,,,,,1064.0,,,,,,,simulation-test-mass,single,1225.594,136.0,,,,,,,,,,,,2300.0,,,0.53,0.59,,,0.3175,4.0,,,,,,0.95,0.4,2.1,0.007,,,,,,,,,,,,,,0.84,,47.93,fastsim,f2-vehicles/2021 Fiat Panda Mild Hybrid.yaml,https://github.com/NREL/fastsim,2026-09-23T07:56:50.664101+00:00,FASTSim scenario '2021 Fiat Panda Mild Hybrid'; mass resolved from f3 twin
vp-b2ea93,Honda,N-Box G,,,2021,US/EU (FASTSim),car,M1,,,,,,2,,ICE,,Gasoline,,43.0,,,,,,,,,,,1050.0,,,,,,,simulation-test-mass,single,0.0,0.0,,,,,,,,,,,,2520.0,,,0.53,0.61,,,0.27855,4.0,,,,,,0.95,0.38,2.19,0.0101,,,,,,,,,,,,,,0.8322,,40.95,fastsim,f2-vehicles/2021 Honda N-Box G.yaml,https://github.com/NREL/fastsim,2026-09-23T07:56:50.664101+00:00,FASTSim scenario '2021 Honda N-Box G'; mass resolved from f3 twin
vp-7cc062,Peugot,3008,,,2021,US/EU (FASTSim),car,M1,,,,,,2,,ICE,,Diesel,,96.0,,,,,,,,,,,1564.0,,,,,,,simulation-test-mass,single,1225.594,136.0,,,,,,,,,,,,2300.0,,,0.53,0.59,,,0.35,4.0,,,,,,0.95,0.33,2.8,0.007,,,,,,,,,,,,,,0.924,,61.38,fastsim,f2-vehicles/2021 Peugot 3008.yaml,https://github.com/NREL/fastsim,2026-09-23T07:56:50.664101+00:00,FASTSim scenario '2021 Peugot 3008'; mass resolved from f3 twin
vp-c23578,Ford,F-150 Lightning 4WD,,,2022,US/EU (FASTSim),truck,N1,,,4x4,,,2.0,2.0,BEV,BEV,Electric,,,,98.0,317.6686403,2.0,1-front+1-rear,,,,,,2592.4,,,,,,,simulation-test-mass,single,1009.648743,136.0,,,,,,,,,,,,2600.0,,,-0.53,0.59,,,0.4169,4.0,,,,,,0.98,0.44,3.435086194,0.0065,,,,,,,,,,,,,,1.5114,,122.54,fastsim,f2-vehicles/2022 Ford F-150 Lightning 4WD.yaml,https://github.com/NREL/fastsim,2026-09-23T07:56:50.664101+00:00,FASTSim scenario '2022 Ford F-150 Lightning 4WD'; mass resolved from f3 twin
vp-1e7c52,Mini,Cooper SE Hardtop 2 door,,,2022,US/EU (FASTSim),car,M1,,,,,,2,,BEV,BEV,Electric,,,,32.6,135.0,1.0,1-front,135.0,,,,,1451.6,,,,,,,simulation-test-mass,single,1359.166,136.0,,,,,,,,,,,,2495.0,,,0.45,0.59,,,0.30815,4.0,,,,,,0.98,0.3261816574680473,2.4,0.009,,,,,,,,,,,,,,0.7828,,93.0,fastsim,f2-vehicles/2022 MINI Cooper SE Hardtop 2 door.yaml,https://github.com/NREL/fastsim,2026-09-23T07:56:50.664101+00:00,FASTSim scenario '2022 MINI Cooper SE Hardtop 2 door'; mass resolved from f3 twin
vp-fc6e18,Renault,Megane E-Tech,,,2022,US/EU (FASTSim),car,M1,,,,,,2,,BEV,BEV,Electric,,,,60.0,164.0539718,1.0,1-front,160.0,,,,,1706.0,,,,,,,simulation-test-mass,single,0.0,0.0,,,,,,,,,,,,2685.0,,,0.53,0.61,,,0.37225,4.0,,,,,,0.98,0.305,2.21,0.0101,,,,,,,,,,,,,,0.674,,96.16,fastsim,f2-vehicles/2022 Renault Megane E-Tech.yaml,https://github.com/NREL/fastsim,2026-09-23T07:56:50.664101+00:00,FASTSim scenario '2022 Renault Megane E-Tech'; mass resolved from f3 twin
vp-35fe17,Renault,Zoe ZE50 R135,,,2022,US/EU (FASTSim),car,M1,,,,,,2,,BEV,BEV,Electric,,,,54.66,100.0,1.0,1-front,100.0,,,,,1463.2,,,,,,,simulation-test-mass,single,1502.0,136.8,,,,,,,,,,,,2588.0,,,0.53,0.61,,,0.31045,4.0,,,,,,0.92,0.33,2.5121646,0.009,,,,,,,,,,,,,,0.829,,68.34,fastsim,f2-vehicles/2022 Renault Zoe ZE50 R135.yaml,https://github.com/NREL/fastsim,2026-09-23T07:56:50.664101+00:00,FASTSim scenario '2022 Renault Zoe ZE50 R135'; mass resolved from f3 twin
vp-662c7e,Tesla,Model 3 RWD,,,2022,US/EU (FASTSim),car,M1,,,,,,2,,BEV,BEV,Electric,,192.0,,54.0,239.0,1.0,1-rear,,180.0,,9,,1616.0,,,,,,,simulation-test-mass,single,628.8332729551923,136.0,,,,,,,,,,,,2875.28,,,-0.53,0.59,,,0.33435,4.0,,,,,,0.98,0.23,2.22,0.007,,,,,,,15.2,16.6,15.8,438,8.5,0,,0.5106,,118.81,fastsim,f2-vehicles/2022 Tesla Model 3 RWD.yaml,https://github.com/NREL/fastsim,2026-09-23T07:56:50.664101+00:00,FASTSim scenario '2022 Tesla Model 3 RWD'; mass resolved from f3 twin
vp-ef0d12,Tesla,Model Y RWD,,,2022,US/EU (FASTSim),car,M1,,,,,,2,,BEV,BEV,Electric,,,,62.0,255.0,1.0,1-rear,,220.0,,,,1773.0,,,,,,,simulation-test-mass,single,628.8332729551923,136.0,,,,,,,,,,,,2890.0,,,-0.53,0.59,,,0.36295,4.0,,,,,,0.98,0.23,2.45,0.006,,,,,,,,,,,,,,0.5635,,143.82,fastsim,f2-vehicles/2022 Tesla Model Y RWD.yaml,https://github.com/NREL/fastsim,2026-09-23T07:56:50.664101+00:00,FASTSim scenario '2022 Tesla Model Y RWD'; mass resolved from f3 twin
vp-1b12e8,Toyota,RAV4 Hybrid LE,,,2022,US/EU (FASTSim),car,M1,,,,,,2,,Hybrid,HEV,Gasoline,,131.2431775,,1.6,128.0,2.0,1-front+1-rear,88.0,40.0,,,,1814.4,,,,,,,simulation-test-mass,single,0.0,0.0,,,,,,,,,,,,2689.86,,,-0.53,0.61,,,0.36215,4.0,,,,,,0.97,0.3701779179094492,2.6822,0.006827953,,,,,,,,,,,,,,0.9929,,72.33,fastsim,f2-vehicles/2022 Toyota RAV4 Hybrid LE.yaml,https://github.com/NREL/fastsim,2026-09-23T07:56:50.664101+00:00,FASTSim scenario '2022 Toyota RAV4 Hybrid LE'; mass resolved from f3 twin
vp-1607a0,Toyota,Yaris Hybrid Mid,,,2022,US/EU (FASTSim),car,M1,,,,,,2,,Hybrid,HEV,Gasoline,,68.0,,0.764,59.0,1.0,1-front,59.0,,,,,1534.0,,,,,,,simulation-test-mass,single,1085.0,136.0,,,,,,,,,,,,2560.0,,,0.53,0.61,,,0.311,4.0,,,,,,0.97,0.31,2.146,0.01,,,,,,,,,,,,,,0.6653,,44.33,fastsim,f2-vehicles/2022 Toyota Yaris Hybrid Mid.yaml,https://github.com/NREL/fastsim,2026-09-23T07:56:50.664101+00:00,FASTSim scenario '2022 Toyota Yaris Hybrid Mid'; mass resolved from f3 twin
vp-3b2367,Volvo,XC40 Recharge twin,,,2022,US/EU (FASTSim),car,M1,,,,,,2,,BEV,BEV,Electric,,300.0,,78.0,299.7718155,2.0,1-front+1-rear,150.0,150.0,,,,2132.0,,,,,,,simulation-test-mass,single,574.130656,136.0,,,,,,,,,,,,2702.0,,,0.53,0.61,,,0.357425,4.0,,,,,,0.98,0.381485332,2.56,0.007595813,,,,,,,22.8,26.6,24.5,359,8,0,,0.9766,,140.71,fastsim,f2-vehicles/2022 Volvo XC40 Recharge twin.yaml,https://github.com/NREL/fastsim,2026-09-23T07:56:50.664101+00:00,FASTSim scenario '2022 Volvo XC40 Recharge twin'; mass resolved from f3 twin
vp-427487,Mitsubishi,Pajero Sport,,,2023,US/EU (FASTSim),car,M1,,,,,,2,,ICE,,Diesel,,133.0,,,,,,,,,,,2080.0,,,,,,,simulation-test-mass,single,0.0,0.0,,,,,,,,,,,,2800.0,,,0.53,0.61,,,0.3876,4.0,,,,,,0.9,0.4,2.83094625,0.0101,,,,,,,,,,,,,,1.1324,,63.94,fastsim,f2-vehicles/2023 Mitsubishi Pajero Sport.yaml,https://github.com/NREL/fastsim,2026-09-23T07:56:50.664101+00:00,FASTSim scenario '2023 Mitsubishi Pajero Sport'; mass resolved from f3 twin
vp-ad3e77,Polestar,2 Long range Dual motor,,,2023,US/EU (FASTSim),car,M1,,,,,,2,,BEV,BEV,Electric,,,,78.0,310.0,2.0,1-front+1-rear,150.0,150.0,,,,2173.0,,,,,,,simulation-test-mass,single,0.0,0.0,,,,,,,,,,,,2735.58,,,0.53,0.61,,,0.35155,4.0,,,,,,0.98,0.3173785276661135,2.21,0.007818523,,,,,,,,,,,,,,0.7014,,142.66,fastsim,f2-vehicles/2023 Polestar 2 Long range Dual motor.yaml,https://github.com/NREL/fastsim,2026-09-23T07:56:50.664101+00:00,"FASTSim scenario '2023 Polestar 2 Long range Dual motor'; mass resolved from f3 twin. Per-axle motor power (150.0+150.0=300.0 kW) is researched hardware; motor_power_kw 310.0 kW is a lumped fastsim model figure, not a system total. They are not expected to agree."
vp-4b8ae9,Volvo,C40 Recharge,,,2023,US/EU (FASTSim),car,M1,,,,,,2,,BEV,BEV,Electric,,,,78.0,299.771,2.0,1-front+1-rear,150.0,150.0,,,,2237.0,,,,,,,simulation-test-mass,single,0.0,0.0,,,,,,,,,,,,2702.0,,,0.53,0.61,,,0.356,4.0,,,,,,0.98,0.371319384,2.54,0.007699288,,,,,,,,,,,,,,0.9432,,134.01,fastsim,f2-vehicles/2023 Volvo C40 Recharge.yaml,https://github.com/NREL/fastsim,2026-09-23T07:56:50.664101+00:00,FASTSim scenario '2023 Volvo C40 Recharge'; mass resolved from f3 twin
vp-d16b2b,BYD,Dolphin Active,,,2024,US/EU (FASTSim),car,M1,,,,,,2,,BEV,BEV,Electric,,,,44.9,70.0,1.0,1-front,70.0,,,,,1405.0,,,,,,,simulation-test-mass,single,0.0,0.0,,,,,,,,,,,,2700.0,,,0.53,0.61,195/60R16,,0.3202,4.0,,,,,,0.98,0.301,2.50101,0.009,,,,,,,,,,,,,,0.7528,,49.82,fastsim,f2-vehicles/2024 BYD Dolphin Active.yaml,https://github.com/NREL/fastsim,2026-09-22T14:44:07+00:00,The lower-output/base DOLPHIN configuration uses the 16-inch 195/60R16 fitment; the higher Long Range configuration uses the larger 17-inch fitment. Tyre evidence: manufacturer-base-grade; BYD DOLPHIN Japanese-market specification / dealer technical material; locator: DOLPHIN Standard/base model wheel and tyre specification; secondary: https://dealer.bydauto.co.jp/hp/koshigaya/bdhk4mkdnblc/?c=0&p=6
vp-44bbae,Toyota,Vios 1.5 G,,,2024,US/EU (FASTSim),car,M1,,,,,,2,,ICE,,Gasoline,,78.6984,,,,,,,,,,,1105.0,,,,,,,simulation-test-mass,single,0.0,0.0,,,,,,,,,,,,2620.0,,,0.53,0.61,,,0.3007,4.0,,,,,,0.95,0.28,2.1689875,0.0101,,,,,,,,,,,,,,0.6073,,71.22,fastsim,f2-vehicles/2024 Toyota Vios 1.5 G.yaml,https://github.com/NREL/fastsim,2026-09-23T07:56:50.664101+00:00,FASTSim scenario '2024 Toyota Vios 1.5 G'; mass resolved from f3 twin
vp-1c9c27,VinFast,VF e34,,,2024,US/EU (FASTSim),car,M1,,,,,,2,,BEV,BEV,Electric,,,,41.9,110.0,1.0,1-front,110.0,,,,,1606.0,,,,,,,simulation-test-mass,single,0.0,0.0,,,,,,,,,,,,2610.7999999999997,,,0.58,0.61,,,0.32535,4.0,,,,,,0.98,0.32,2.424,0.0101,,,,,,,,,,,,,,0.7757,,68.49,fastsim,f2-vehicles/2024 VinFast VF e34.yaml,https://github.com/NREL/fastsim,2026-09-23T07:56:50.664101+00:00,FASTSim scenario '2024 VinFast VF e34'; mass resolved from f3 twin
vp-f39d81,Volkswagen,Polo 1.0 MPI,,,2024,US/EU (FASTSim),car,M1,,,,,,2,,ICE,,Gasoline,,59.0,,,,,,,,,,,1202.0,,,,,,,simulation-test-mass,single,0.0,0.0,,,,,,,,,,,,2552.0,,,0.53,0.61,,,0.31075,4.0,,,,,,0.95,0.306,2.318,0.015,,,,,,,,,,,,,,0.7093,,49.08,fastsim,f2-vehicles/2024 Volkswagen Polo 1.0 MPI.yaml,https://github.com/NREL/fastsim,2026-09-23T07:56:50.664101+00:00,FASTSim scenario '2024 Volkswagen Polo 1.0 MPI'; mass resolved from f3 twin
vp-777972,BYD,ATTO 3,,,2023.0,US/EU (FASTSim),car,M1,,,,,,2,,BEV,BEV,Electric,,,,62.0,150.0,1.0,1-front,150.0,,,,,1813.2,,,,,,,simulation-test-mass,single,1502.0,136.8,,,,,,,,,,,,2588.0,,,0.53,0.61,,,0.310388,4.0,,,,,,0.95,0.29,2.58,0.006,,,,,,,,,,,,,,0.7482,,82.73,fastsim,f2-vehicles/BYD ATTO 3.yaml,https://github.com/NREL/fastsim,2026-09-23T07:56:50.664101+00:00,FASTSim scenario 'BYD ATTO 3'; mass resolved from f3 twin
vp-750f81,Bajaj,Boxer 150,,,,US/EU (FASTSim),motorcycle,L3e,,,2x1,,,2,1,ICE,,Gasoline,,8.83,,,,,,,,,,,183.0,,,,,,,simulation-test-mass,single,0.0,0.0,,,,,,,,,,,,1236.0,,,0.53,0.61,,,0.3086,2.0,,,,,,0.92,0.78,0.68,0.01,,,,,,,,,,,,,,0.5304,,48.25,fastsim,f2-vehicles/Bajaj Boxer 150.yaml,https://github.com/NREL/fastsim,2026-09-23T07:56:50.664101+00:00,FASTSim scenario 'Bajaj Boxer 150'; mass resolved from f3 twin
vp-5c258e,Maruti,Swift 4cyl 2WD,,,2023.0,US/EU (FASTSim),car,M1,,,,,,2,,ICE,,Gasoline,,65.0,,,,,,,,,,,814.0,,,,,,,simulation-test-mass,single,647.51,136.0,,,,,,,,,,,,2450.0,,,0.44,0.7,,,0.304,4.0,,,,,,0.92,0.3,2.12,0.0061,,,,,,,,,,,,,,0.636,,79.85,fastsim,f2-vehicles/Maruti Swift 4cyl 2WD.yaml,https://github.com/NREL/fastsim,2026-09-23T07:56:50.664101+00:00,FASTSim scenario 'Maruti Swift 4cyl 2WD'; mass resolved from f3 twin
vp-7717a5,Nissan,Navara,,,2016.0,US/EU (FASTSim),truck,N1,,,4x4,,,2.0,2.0,ICE,,Diesel,,119.0,,,,,,,,,,,2064.0,,,,,,,simulation-test-mass,single,1225.594,136.0,,,,,,,,,,,,2300.0,,,0.53,0.59,,,0.35,4.0,,,,,,0.95,0.39,3.2,0.0085,,,,,,,,,,,,,,1.248,,57.66,fastsim,f2-vehicles/Nissan Navara.yaml,https://github.com/NREL/fastsim,2026-09-23T07:56:50.664101+00:00,FASTSim scenario 'Nissan Navara'; mass resolved from f3 twin
vp-33d67e,Renault,Clio IV diesel,,,2020.0,US/EU (FASTSim),car,M1,,,,,,2,,ICE,,Diesel,,66.0,,,,,,,,,,,1014.0,,,,,,,simulation-test-mass,single,1225.594,136.0,,,,,,,,,,,,2300.0,,,0.53,0.59,,,0.35,4.0,,,,,,0.95,0.33,2.0,0.007,,,,,,,,,,,,,,0.66,,65.09,fastsim,f2-vehicles/Renault Clio IV diesel.yaml,https://github.com/NREL/fastsim,2026-09-23T07:56:50.664101+00:00,FASTSim scenario 'Renault Clio IV diesel'; mass resolved from f3 twin
vp-91346f,Renault,Megane 1.5 dCi Authentique,,,2020.0,US/EU (FASTSim),car,M1,,,,,,2,,ICE,,Diesel,,86.0,,,,,,,,,,,1414.0,,,,,,,simulation-test-mass,single,1225.594,136.0,,,,,,,,,,,,2300.0,,,0.53,0.59,,,0.35,4.0,,,,,,0.95,0.35,2.3,0.007,,,,,,,,,,,,,,0.805,,60.82,fastsim,f2-vehicles/Renault Megane 1.5 dCi Authentique.yaml,https://github.com/NREL/fastsim,2026-09-23T07:56:50.664101+00:00,FASTSim scenario 'Renault Megane 1.5 dCi Authentique'; mass resolved from f3 twin
vp-9402d9,Toyota,Corolla Cross Hybrid,,,2022.0,US/EU (FASTSim),car,M1,,,,,,2,,Hybrid,HEV,Gasoline,,126.0,,4.1,20.0,1.0,1-front,71.0,,,,,1614.0,,,,,,,simulation-test-mass,single,1650.0,136.0,,,,,,,,,,,,2560.0,,,0.53,0.61,,,0.311,4.0,,,,,,0.97,0.33,2.7,0.01,,,,,,,,,,,,,,0.891,,78.07,fastsim,f2-vehicles/Toyota Corolla Cross Hybrid.yaml,https://github.com/NREL/fastsim,2026-09-23T07:56:50.664101+00:00,FASTSim scenario 'Toyota Corolla Cross Hybrid'; mass resolved from f3 twin
vp-307890,Toyota,Etios Liva diesel,,,2020.0,US/EU (FASTSim),car,M1,,,,,,2,,ICE,,Diesel,,50.0,,,,,,,,,,,964.0,,,,,,,simulation-test-mass,single,1225.594,136.0,,,,,,,,,,,,2300.0,,,0.53,0.59,,,0.316,4.0,,,,,,0.95,0.3,2.3,0.01,,,,,,,,,,,,,,0.69,,51.87,fastsim,f2-vehicles/Toyota Etios Liva diesel.yaml,https://github.com/NREL/fastsim,2026-09-23T07:56:50.664101+00:00,FASTSim scenario 'Toyota Etios Liva diesel'; mass resolved from f3 twin
vp-2b190f,Toyota,Hilux Double Cab 4WD,,,2021.0,US/EU (FASTSim),truck,N1,,,4x4,,,2.0,2.0,ICE,,Diesel,,110.0,,,,,,,,,,,2464.0,,,,,,,simulation-test-mass,single,1225.594,136.0,,,,,,,,,,,,2300.0,,,0.53,0.59,,,0.35,4.0,,,,,,0.95,0.4,2.86,0.01,,,,,,,,,,,,,,1.144,,44.64,fastsim,f2-vehicles/Toyota Hilux Double Cab 4WD.yaml,https://github.com/NREL/fastsim,2026-09-23T07:56:50.664101+00:00,FASTSim scenario 'Toyota Hilux Double Cab 4WD'; mass resolved from f3 twin
vp-76fd4e,Toyota,Mirai,,,,US/EU (FASTSim),car,M1,,,,,,2,,FCEV,FCEV,Hydrogen,,114.0,,1.6,113.0,1.0,1-front,113.0,,,,,1793.5,,,,,,,simulation-test-mass,single,1171.581,136.0,,,,,,,,,,,,2780.0,,,0.53,0.59,,,0.334,4.0,,,,,,0.98,0.3,2.786,0.0076,,,,,,,,,,,,,,0.8358,,63.56,fastsim,f2-vehicles/Toyota Mirai.yaml,https://github.com/NREL/fastsim,2026-09-23T07:56:50.664101+00:00,"FASTSim scenario 'Toyota Mirai'; mass resolved from f3 twin; FASTSim tagged HEV, corrected to FCEV"
vp-d43a98,Chevy,Volt,Unknown,,2017.0,US,car,M1,,,,,,2,,PHEV,PHEV,Gasoline,,,275.0,,115.2,2.0,2-front,135.0,,,,12.0,1425.0,,,1500.0,,,,implausible-payload,single,,,,,,,,,,,,,,,,,,,,,0.35,4.0,,,,,,0.7817,0.22,1.84,0.0111,,,,,,,,,,,,,,0.4048,,80.84,ev_sim,EV_sim-main.zip:EV_sim/data/EV/EV_dataset.csv,https://en.wikipedia.org/wiki/Chevrolet_Volt_(second_generation),2026-09-23T07:56:50.664101+00:00,"EV_sim dataset column 'Volt_2017'; motor_power_kw derived from rated torque x rated RPM (single reported motor value; AWD variants may have additional motors not separately modeled); drivetrain_ratio_lumped is EV_sim's single lumped-model equivalent ratio, not a per-axle hardware reduction"
vp-6b9a29,Tesla,Model 3,Long Range AWD,,2022.0,US,car,M1,,,,,,2,,BEV,BEV,Electric,,,330.0,,276.5,2.0,1-front+1-rear,137.0,194.0,,,9.0,1829.99878,,,2301.0,,,471.0,ok,single,,,,,,,,,,,,,,,,,,,,,0.4826,4.0,,,,,,0.8742,0.23,2.26,0.01,,,,,,,,,,,,,,0.5198,3.8853,151.09,ev_sim,EV_sim-main.zip:EV_sim/data/EV/EV_dataset.csv,https://www.evspecifications.com/en/model/df46299,2026-09-23T07:56:50.664101+00:00,"EV_sim dataset column 'Tesla_2022_Model3_LongRangeAWD'; motor_power_kw derived from rated torque x rated RPM (single reported motor value; AWD variants may have additional motors not separately modeled); drivetrain_ratio_lumped is EV_sim's single lumped-model equivalent ratio, not a per-axle hardware reduction. Per-axle motor power (137.0+194.0=331.0 kW) is researched hardware; motor_power_kw 276.5 kW is a lumped ev_sim model figure, not a system total. They are not expected to agree."
vp-fca624,Tesla,Model 3,Performance AWD,,2022.0,US,car,M1,,,,,,2,,BEV,BEV,Electric,,,450.0,,377.0,2.0,1-front+1-rear,137.0,220.0,,,9.0,1835.999802,,,2301.0,,,465.0,ok,single,,,,,,,,,,,,,,,,,,,,,0.508,4.0,,,,,,0.8928,0.23,2.26,0.01,,,,,,,,,,,,,,0.5198,3.9484,205.34,ev_sim,EV_sim-main.zip:EV_sim/data/EV/EV_dataset.csv,https://www.evspecifications.com/en/model/e28329a,2026-09-23T07:56:50.664101+00:00,"EV_sim dataset column 'Tesla_2022_Model3_PerformanceAWD'; motor_power_kw derived from rated torque x rated RPM (single reported motor value; AWD variants may have additional motors not separately modeled); drivetrain_ratio_lumped is EV_sim's single lumped-model equivalent ratio, not a per-axle hardware reduction. Per-axle motor power (137.0+220.0=357.0 kW) is researched hardware; motor_power_kw 377.0 kW is a lumped ev_sim model figure, not a system total. They are not expected to agree."
vp-816088,Tesla,Model S,Plaid Tri Motor,,2022.0,US,car,M1,,,,,,2,,BEV,BEV,Electric,,494.0,420.0,,205.0,3.0,1-front+2-rear,250.0,500.0,7.56,7.56,7.5,2240.998492,,,2720.0,,,479.0,ok,single,,,,,,,,,,,,,,,,,,,,,0.4826,4.0,,,,,,0.8928,0.208,2.38,0.01,,,,,,,16.9,18.3,17.5,652,15,0,,0.495,4.6785,220.44,ev_sim,EV_sim-main.zip:EV_sim/data/EV/EV_dataset.csv,https://www.evspecifications.com/en/model/34d0290,2026-09-23T07:56:50.664101+00:00,"EV_sim dataset column 'Tesla_2022_ModelS_PlaidTriMotorAWD'; motor_power_kw derived from rated torque x rated RPM (single reported motor value; AWD variants may have additional motors not separately modeled); drivetrain_ratio_lumped is EV_sim's single lumped-model equivalent ratio, not a per-axle hardware reduction. Per-axle motor power (250.0+500.0=750.0 kW) is researched hardware; motor_power_kw 205.0 kW is a lumped ev_sim model figure, not a system total. They are not expected to agree."
vp-e0a618,Tesla,ModelS,Long Range,,2022.0,US,car,M1,,,,,,2,,BEV,BEV,Electric,,,420.0,,205.0,2.0,1-front+1-rear,250.0,250.0,7.56,9.04,9.01,2214.998598,,,2408.0,,,,implausible-payload,single,,,,,,,,,,,,,,,,,,,,,0.2667,4.0,,,,,,0.8928,0.208,2.386570388,0.01,,,,,,,,,,,,,,0.4964,,92.55,ev_sim,EV_sim-main.zip:EV_sim/data/EV/EV_dataset.csv,https://www.evspecifications.com/en/model/6042291,2026-09-23T07:56:50.664101+00:00,"EV_sim dataset column 'Tesla_2022_ModelS_LongRange'; motor_power_kw derived from rated torque x rated RPM (single reported motor value; AWD variants may have additional motors not separately modeled); drivetrain_ratio_lumped is EV_sim's single lumped-model equivalent ratio, not a per-axle hardware reduction. Per-axle motor power (250.0+250.0=500.0 kW) is researched hardware; motor_power_kw 205.0 kW is a lumped ev_sim model figure, not a system total. They are not expected to agree."
vp-a70ec4,Tesla,ModelX,,,2022.0,US,car,M1,,,,,,2,,BEV,BEV,Electric,,,420.0,,499.6,2.0,1-front+1-rear,250.0,250.0,7.56,9.04,9.04,2553.999651,,,3086.0,,,531.999651,ok,single,,,,,,,,,,,,,,,,,,,,,0.2794,4.0,,,,,,0.8928,0.24,2.848426561,0.01,,,,,,,,,,,,,,0.6836,4.8008,195.61,ev_sim,EV_sim-main.zip:EV_sim/data/EV/EV_dataset.csv,https://www.evspecifications.com/en/model/cc3c292,2026-09-23T07:56:50.664101+00:00,"EV_sim dataset column 'Tesla_2022_ModelX'; motor_power_kw derived from rated torque x rated RPM (single reported motor value; AWD variants may have additional motors not separately modeled); drivetrain_ratio_lumped is EV_sim's single lumped-model equivalent ratio, not a per-axle hardware reduction"
vp-d09390,Tesla,ModelX,Plaid,,2022.0,US,car,M1,,,,,,2,,BEV,BEV,Electric,,,720.0,,894.8,3.0,1-front+2-rear,250.0,500.0,7.56,7.56,7.56,2603.999097,,,3186.0,,,581.999097,ok,single,,,,,,,,,,,,,,,,,,,,,0.254,4.0,,,,,,0.8928,0.24,2.848426561,0.01,,,,,,,,,,,,,,0.6836,4.4742,343.63,ev_sim,EV_sim-main.zip:EV_sim/data/EV/EV_dataset.csv,https://www.evspecifications.com/en/model/ada1293,2026-09-23T07:56:50.664101+00:00,"EV_sim dataset column 'Tesla_2022_ModelX_Plaid'; motor_power_kw derived from rated torque x rated RPM (single reported motor value; AWD variants may have additional motors not separately modeled); drivetrain_ratio_lumped is EV_sim's single lumped-model equivalent ratio, not a per-axle hardware reduction. Per-axle motor power (250.0+500.0=750.0 kW) is researched hardware; motor_power_kw 894.8 kW is a lumped ev_sim model figure, not a system total. They are not expected to agree."
vp-9deca4,Tesla,ModelY,Long Range AWD,,2022.0,US,car,M1,,,,,,2,,BEV,BEV,Electric,,,475.0,,220.0,2.0,1-front+1-rear,137.0,180.0,,,9.1,1978.999216,,,2591.0,,,611.999935,ok,single,,,,,,,,,,,,,,,,,,,,,0.2413,4.0,,,,,,0.8928,0.23,2.649165024,0.01,,,,,,,,,,,,,,0.6093,3.2337,111.17,ev_sim,EV_sim-main.zip:EV_sim/data/EV/EV_dataset.csv,https://www.evspecifications.com/en/model/b5be112,2026-09-23T07:56:50.664101+00:00,"EV_sim dataset column 'Tesla_2022_ModelY_LongRangeAWD'; motor_power_kw derived from rated torque x rated RPM (single reported motor value; AWD variants may have additional motors not separately modeled); drivetrain_ratio_lumped is EV_sim's single lumped-model equivalent ratio, not a per-axle hardware reduction. Per-axle motor power (137.0+180.0=317.0 kW) is researched hardware; motor_power_kw 220.0 kW is a lumped ev_sim model figure, not a system total. They are not expected to agree."
vp-aeb7d4,Tesla,ModelY,Performance AWD,,2022.0,US,car,M1,,,,,,2,,BEV,BEV,Electric,,,420.0,,235.0,2.0,1-front+1-rear,137.0,202.0,,,9.1,1994.997406,,,2591.0,,,596.001745,ok,single,,,,,,,,,,,,,,,,,,,,,0.2667,4.0,,,,,,0.8928,0.23,2.649165024,0.01,,,,,,,,,,,,,,0.6093,3.3473,117.79,ev_sim,EV_sim-main.zip:EV_sim/data/EV/EV_dataset.csv,https://www.evspecifications.com/en/model/c06b113,2026-09-23T07:56:50.664101+00:00,"EV_sim dataset column 'Tesla_2022_ModelY_PerformanceAWD'; motor_power_kw derived from rated torque x rated RPM (single reported motor value; AWD variants may have additional motors not separately modeled); drivetrain_ratio_lumped is EV_sim's single lumped-model equivalent ratio, not a per-axle hardware reduction. Per-axle motor power (137.0+202.0=339.0 kW) is researched hardware; motor_power_kw 235.0 kW is a lumped ev_sim model figure, not a system total. They are not expected to agree."
vp-0da141,Audi,e-tron 55 quattro,,,2021.0,EU,car,M1,,,,,,2,,BEV,BEV,Electric,,300.0,314.0,,140.0,2.0,1-front+1-rear,125.0,140.0,9.205,9.205,9.205,2489.99782,,,3130.0,,,640.0001683,ok,single,,,,,,,,,,,,,,,,,,,,,0.2413,4.0,,,,,,0.8928,0.28,2.678547546,0.01,,,,,,,26.9,27.0,27.0,357,10,0,,0.75,3.8906,120.48,ev_sim,EV_sim-main.zip:EV_sim/data/EV/EV_dataset.csv,https://www.evspecifications.com/en/model/fd3c198,2026-09-23T07:56:50.664101+00:00,"EV_sim dataset column 'Audi_2021_e-tron 55 quattro'; motor_power_kw derived from rated torque x rated RPM (single reported motor value; AWD variants may have additional motors not separately modeled); drivetrain_ratio_lumped is EV_sim's single lumped-model equivalent ratio, not a per-axle hardware reduction. Per-axle motor power (125.0+140.0=265.0 kW) is researched hardware; motor_power_kw 140.0 kW is a lumped ev_sim model figure, not a system total. They are not expected to agree."
vp-0b1be0,Porsche,Taycan,4S,,2020.0,EU,car,M1,,,,,,2,,BEV,BEV,Electric,,,300.0,,160.0,2.0,1-front+1-rear,160.0,160.0,8.05,16;8.05,8.05,2140.0,,,2880.0,,,740.0,ok,single,,,,,,,,,,,,,,,,,,,,,0.36425,4.0,,,,,,0.9114,0.22,2.33,0.01,,,,,,,,,,,,,,0.5126,2.8919,74.77,ev_sim,EV_sim-main.zip:EV_sim/data/EV/EV_dataset.csv,https://www.evspecifications.com/en/model/0c44ce,2026-09-23T07:56:50.664101+00:00,"EV_sim dataset column 'Porsche_2020_Taycan4S'; motor_power_kw derived from rated torque x rated RPM (single reported motor value; AWD variants may have additional motors not separately modeled); drivetrain_ratio_lumped is EV_sim's single lumped-model equivalent ratio, not a per-axle hardware reduction. Per-axle motor power (160.0+160.0=320.0 kW) is researched hardware; motor_power_kw 160.0 kW is a lumped ev_sim model figure, not a system total. They are not expected to agree."
vp-3d66be,Porsche,Taycan,4S Plus,,2020.0,EU,car,M1,,,,,,2,,BEV,BEV,Electric,,,350.0,,200.0,2.0,1-front+1-rear,160.0,200.0,8.05,16;8.05,8.05,2220.0,,,2780.0,,,560.0,ok,single,,,,,,,,,,,,,,,,,,,,,0.36425,4.0,,,,,,0.9114,0.22,2.33,0.01,,,,,,,,,,,,,,0.5126,3.9643,90.09,ev_sim,EV_sim-main.zip:EV_sim/data/EV/EV_dataset.csv,https://www.evspecifications.com/en/model/0047cd,2026-09-23T07:56:50.664101+00:00,"EV_sim dataset column 'Porsche_2020_Taycan4SPlus'; motor_power_kw derived from rated torque x rated RPM (single reported motor value; AWD variants may have additional motors not separately modeled); drivetrain_ratio_lumped is EV_sim's single lumped-model equivalent ratio, not a per-axle hardware reduction. Per-axle motor power (160.0+200.0=360.0 kW) is researched hardware; motor_power_kw 200.0 kW is a lumped ev_sim model figure, not a system total. They are not expected to agree."
vp-e6709a,ВАЗ,ВАЗ-2329,,,,RU/CIS,truck,N1,,,4x4,,,2.0,2.0,ICE,,Gasoline,1690.0,58.0,130.0,,,,,,,,,,1320.0,,,1920.0,,,600.0,ok,single,,,,,4520.0,,,1680.0,,,1640.0,,,2700.0,,,,,175/80R16,,,,,3.667;2.1;1.361;1.0;0.818,5.0,,,,,,,,,,,,,,,,,,,,,2.2,43.94,niiat,kratkii_avtomobilnyi_spravochnik_tom_2_2006.pdf,,2026-09-22T14:44:07+00:00,Multiple factory-size references identify 175/80R16 as the base/recommended fitment for VAZ-2329. Tyre evidence: factory-size-corroborated; VAZ-2329 factory tyre-size references; locator: base/recommended tyre size
vp-26e573,ВАЗ,ВАЗ-2329. 2130,,,,RU/CIS,truck,N1,,,4x4,,,2.0,2.0,ICE,,Gasoline,1690.0,59.5,1.0,,,,,,,,,,1320.0,,,1920.0,,,600.0,ok,family,,,,,4520.0,,,1680.0,,,1640.0,,,2700.0,,,,,175/80R16,,,,,3.667;2.1;1.361;1.0;0.818,,,,,,,,,,,,,,,,,,,,,,2.2,45.08,niiat,kratkii_avtomobilnyi_spravochnik_tom_2_2006.pdf,,2026-09-23T07:56:50.664101+00:00,"НИИАТ Краткий автомобильный справочник, том 2 (2006), грузовые автомобили; parsed by parse_niiat.py"
vp-30f418,ВАЗинтерсервис,2346,,,,RU/CIS,truck,N1,,,4x4,,,2.0,2.0,ICE,,Gasoline,1690.0,58.0,130.0,,,,,,,,,,1230.0,,,1950.0,,,720.0,ok,single,,,,,4440.0,,,1660.0,,,1640.0,,,2850.0,,,,,175/80R16,,,,,3.667;2.1;1.361;1.0;0.819,,,,,,,,,,,,,,,,,,,,,,1.7083,47.15,niiat,kratkii_avtomobilnyi_spravochnik_tom_2_2006.pdf,,2026-09-23T07:56:50.664101+00:00,"НИИАТ Краткий автомобильный справочник, том 2 (2006), грузовые автомобили; parsed by parse_niiat.py"
vp-85b2b6,ВАЗинтерсервис,2345,,,,RU/CIS,truck,N1,,,4x2,,,2.0,1.0,ICE,,,1451.0,52.5,110.0,,,,,,,,,,1040.0,,,1790.0,,,750.0,ok,single,,,,,4308.0,,,1660.0,,,1600.0,,,2800.0,,,,,185/70R13,,,,,3.667;2.1;1.361;1.0;0.818,5.0,,,,,,,,,,,,,,,,,,,,,1.3867,50.48,niiat,kratkii_avtomobilnyi_spravochnik_tom_2_2006.pdf,,2026-09-23T07:56:50.664101+00:00,"НИИАТ Краткий автомобильный справочник, том 2 (2006), грузовые автомобили; parsed by parse_niiat.py"
vp-0db096,ВАЗ,ВАЗ-2329 (Лада-Тул),,,,RU/CIS,truck,N1,,,4x4,,,2.0,2.0,ICE,,,1690.0,58.0,130.0,,,,,,,,,,1320.0,,,1920.0,,,600.0,ok,single,,,,,4520.0,,,1680.0,,,1640.0,,,2700.0,,,,,175/80R16,,,,3.9,,5.0,,,,,,,,,,,,,,,,,,,,,2.2,43.94,niiat,kratkii_avtomobilnyi_spravochnik_tom_2_2006.pdf,,2026-09-23T07:56:50.664101+00:00,"НИИАТ Краткий автомобильный справочник, том 2 (2006), грузовые автомобили; parsed by parse_niiat.py"
vp-d0539b,ВАЗ,ВАЗ-1706,,,,RU/CIS,truck,N1,,,4x2,,,2.0,1.0,ICE,,Gasoline,1499.0,57.2,119.0,,,,,,,,,,955.0,,,1505.0,,,550.0,ok,single,,,,,4006.0,,,1620.0,,,1820.0,,,2460.0,,,,,,,,,3.9,3.636;1.95;1.357;0.941;0.784,5.0,,,,,,,,,,,,,,,,,,,,,1.7364,59.9,niiat,kratkii_avtomobilnyi_spravochnik_tom_2_2006.pdf,,2026-09-23T07:56:50.664101+00:00,"НИИАТ Краткий автомобильный справочник, том 2 (2006), грузовые автомобили; parsed by parse_niiat.py"
vp-71a9d9,ГАЗ,"ГАЗ-3302. 2707, 2310, 2752",,,,RU/CIS,truck,N1,,,4x2,,,2.0,1.0,ICE,,,2445.0,56.1,2445.0,,,,,,,,,,1750.0,,,2800.0,,,1050.0,ok,family,,,,,4840.0,,,2075.0,,,2070.0,,,2760.0,,,,,,,,,5.125,4.05;2.34;1.395;1.0;0.849,5.0,,,,,,,,,,,,,,,,,,,,,1.6667,32.06,niiat,kratkii_avtomobilnyi_spravochnik_tom_2_2006.pdf,,2026-09-23T07:56:50.664101+00:00,"НИИАТ Краткий автомобильный справочник, том 2 (2006), грузовые автомобили; parsed by parse_niiat.py"
vp-7dbe97,Арзамасский машиностроительный завод,33022,,,,RU/CIS,truck,N1,,,4x2,,,2.0,1.0,ICE,,Gasoline,2890.0,65.4,196.0,,,,,,,,,,2583.0,,,3500.0,,,917.0,ok,single,,,,,5700.0,,,2064.0,,,2835.0,,,2900.0,,,,,185/75R16,,,,5.125,4.05;2.34;1.395;1.0;0.849,5.0,,,,,,,,,,,,,,,,,,,,,2.8168,25.32,niiat,kratkii_avtomobilnyi_spravochnik_tom_2_2006.pdf,,2026-09-23T07:56:50.664101+00:00,"НИИАТ Краткий автомобильный справочник, том 2 (2006), грузовые автомобили; parsed by parse_niiat.py"
vp-00abcc,ГАЗ,ГАЗ 33022. 33028. 2779,,,,RU/CIS,truck,N1,,,4x4,,,2.0,2.0,ICE,,Gasoline,2890.0,65.4,196.0,,,,,,,,,,,,,3500.0,,,,,family,,,,,5440.0,,,2100.0,,,2770.0,,,2900.0,,,,,185/75R16,,,,5.125,4.05;2.34;1.395;1.0;0.849,5.0,,,,,,,,,,,,,,,,,,,,,,,niiat,kratkii_avtomobilnyi_spravochnik_tom_2_2006.pdf,,2026-09-23T07:56:50.664101+00:00,"НИИАТ Краткий автомобильный справочник, том 2 (2006), грузовые автомобили; parsed by parse_niiat.py"
vp-f38fb0,Автомеханический завод,2766,,,,RU/CIS,truck,N1,,,4x2,,,2.0,1.0,ICE,,Gasoline,2890.0,,,,,,,,,,,,2100.0,,,3500.0,,,1400.0,ok,single,,,,,5590.0,,,2090.0,,,2770.0,,,2900.0,,,,,185/75R16,,,,5.125,4.05;2.34;1.395;1.0;0.849,5.0,,,,,,,,,,,,,,,,,,,,,1.5,,niiat,kratkii_avtomobilnyi_spravochnik_tom_2_2006.pdf,,2026-09-23T07:56:50.664101+00:00,"НИИАТ Краткий автомобильный справочник, том 2 (2006), грузовые автомобили; parsed by parse_niiat.py"
vp-c3417b,Автосалон Юр Авто,2782,,,,RU/CIS,truck,N1,,,4x2,,,2.0,1.0,ICE,,Diesel,2300.0,,,,,,,,,,,,2050.0,,,3500.0,,,1450.0,ok,single,,,,,5470.0,,,2090.0,,,2770.0,,,2900.0,,,,,185/75R16,,,,4.556,4.05;2.34;1.395;1.0;0.849,5.0,,,,,,,,,,,,,,,,,,,,,1.4138,,niiat,kratkii_avtomobilnyi_spravochnik_tom_2_2006.pdf,,2026-09-23T07:56:50.664101+00:00,"НИИАТ Краткий автомобильный справочник, том 2 (2006), грузовые автомобили; parsed by parse_niiat.py"
vp-240359,Багем,27851,,,,RU/CIS,truck,N1,,,4x4,,,2.0,2.0,ICE,,Diesel,2300.0,72.2,172.0,,,,,,,,,,2000.0,,,3500.0,,,1500.0,ok,single,,,,,5470.0,,,2090.0,,,2770.0,,,2900.0,,,,,185/75R16,,,,4.556,4.05;2.34;1.395;1.0;0.849,5.0,,,,,,,,,,,,,,,,,,,,,1.3333,36.1,niiat,kratkii_avtomobilnyi_spravochnik_tom_2_2006.pdf,,2026-09-23T07:56:50.664101+00:00,"НИИАТ Краткий автомобильный справочник, том 2 (2006), грузовые автомобили; parsed by parse_niiat.py"
vp-808545,Спектр-Авто,2790,,,,RU/CIS,truck,N1,,,4x2,,,2.0,1.0,ICE,,Diesel,2300.0,72.2,172.0,,,,,,,,,,1910.0,,,3500.0,,,1590.0,ok,single,,,,,5470.0,,,2090.0,,,2770.0,,,2900.0,,,,,185/75R16,,,,4.556,4.05;2.34;1.395;1.0;0.849,5.0,,,,,,,,,,,,,,,,,,,,,1.2013,37.8,niiat,kratkii_avtomobilnyi_spravochnik_tom_2_2006.pdf,,2026-09-23T07:56:50.664101+00:00,"НИИАТ Краткий автомобильный справочник, том 2 (2006), грузовые автомобили; parsed by parse_niiat.py"
vp-16d9cb,Спектор-Моторс,3796,,,,RU/CIS,truck,N1,,,4x2,,,2.0,1.0,ICE,,Gasoline,2890.0,,,,,,,,,,,,2320.0,,,3500.0,,,1180.0,ok,single,,,,,5470.0,,,2098.0,,,2780.0,,,2900.0,,,,,185/75R16,,,,5.125,4.05;2.34;1.395;1.0;0.849,5.0,,,,,,,,,,,,,,,,,,,,,1.9661,,niiat,kratkii_avtomobilnyi_spravochnik_tom_2_2006.pdf,,2026-09-23T07:56:50.664101+00:00,"НИИАТ Краткий автомобильный справочник, том 2 (2006), грузовые автомобили; parsed by parse_niiat.py"
vp-324276,Рустехпрограмм,2797,,,,RU/CIS,truck,N1,,,4x2,,,2.0,1.0,ICE,,,2445.0,,,,,,,,,,,,2050.0,,,3500.0,,,1450.0,ok,single,,,,,5470.0,,,2100.0,,,,,,2900.0,,,,,,,,,5.125,4.05;2.34;1.395;1.0;0.849,5.0,,,,,,,,,,,,,,,,,,,,,1.4138,,niiat,kratkii_avtomobilnyi_spravochnik_tom_2_2006.pdf,,2026-09-23T07:56:50.664101+00:00,"НИИАТ Краткий автомобильный справочник, том 2 (2006), грузовые автомобили; parsed by parse_niiat.py"
vp-2e0b41,Тонар,27551,,,,RU/CIS,truck,N1,,,4x2,,,2.0,1.0,ICE,,,2445.0,56.1,164.6,,,,,,,,,,2200.0,,,3500.0,,,1300.0,ok,single,,,,,5440.0,,,2080.0,,,2770.0,,,2900.0,,,,,185/75R16,,,,5.125,4.05;2.34;1.395;1.0;0.849,5.0,,,,,,,,,,,,,,,,,,,,,1.6923,25.5,niiat,kratkii_avtomobilnyi_spravochnik_tom_2_2006.pdf,,2026-09-23T07:56:50.664101+00:00,"НИИАТ Краткий автомобильный справочник, том 2 (2006), грузовые автомобили; parsed by parse_niiat.py"
vp-d4399e,ИЖ,ИЖ-2717,,,,RU/CIS,truck,N1,,,4x2,,,2.0,1.0,ICE,,,1816.0,68.4,139.0,,,,,,,,,,1100.0,,,1750.0,,,650.0,ok,single,,,,,4400.0,,,1677.0,,,1740.0,,,2700.0,,,,,185/75R13,,,,4.22,3.19;1.864,5.0,,,,,,,,,,,,,,,,,,,,,1.6923,62.18,niiat,kratkii_avtomobilnyi_spravochnik_tom_2_2006.pdf,,2026-09-23T07:56:50.664101+00:00,"НИИАТ Краткий автомобильный справочник, том 2 (2006), грузовые автомобили; parsed by parse_niiat.py"
vp-e36e62,ИЖ,ИЖ-2717 (мод. 2717-220),,,,RU/CIS,truck,N1,,,4x2,,,2.0,1.0,ICE,,Gasoline,1568.0,54.8,120.0,,,,,,,,,,1100.0,,,1750.0,,,650.0,ok,family,,,,,4400.0,,,1677.0,,,1740.0,,,2700.0,,,,,,,,,4.22,3.677;2.1;1.361;1.0;0.819,5.0,,,,,,,,,,,,,,,,,,,,,1.6923,49.82,niiat,kratkii_avtomobilnyi_spravochnik_tom_2_2006.pdf,,2026-09-23T07:56:50.664101+00:00,"НИИАТ Краткий автомобильный справочник, том 2 (2006), грузовые автомобили; parsed by parse_niiat.py"
vp-c9dda7,УАЗ,"УАЗ 3303, 3741.3909",,,,RU/CIS,truck,N1,,,4x4,,,2.0,2.0,ICE,,Gasoline,2445.0,55.9,159.8,,,,,,,,,,1900.0,,,3050.0,,,1150.0,ok,family,,,,,4881.0,,,1974.0,,,2355.0,,,2550.0,,,,,225/75R16,,,,,3.78;2.6;1.55;1.0,4.0,,,,,,,,,,,,,,,,,,,,,1.6522,29.42,niiat,kratkii_avtomobilnyi_spravochnik_tom_2_2006.pdf,,2026-09-22T14:44:07+00:00,"The three UAZ models grouped in this prototype (3303, 3741 and 3909) are independently specified with 225/75R16, so the grouped row can safely carry the common tyre geometry. Tyre evidence: family-members-corroborated; UAZ-3741 / UAZ-3909 / UAZ-3303 technical specification references; locator: factory tyre size across all three named family members"
vp-7a4688,Citroen,Citroen Berlingo,,,,RU/CIS,truck,N1,,,4x2,,,2.0,1.0,ICE,,Diesel,1360.0,55.0,120.0,,,,,,,,,,,,,1947.0,,,,,single,,,,,4108.0,,,1719.0,,,1802.0,,,2690.0,,,,,,,,,4.538,3.417;1.81;1.276;0.975;0.767,5.0,,,,,,,,,,,,,,,,,,,,,,,niiat,kratkii_avtomobilnyi_spravochnik_tom_2_2006.pdf,,2026-09-23T07:56:50.664101+00:00,"НИИАТ Краткий автомобильный справочник, том 2 (2006), грузовые автомобили; parsed by parse_niiat.py"
vp-d9af9e,Ford,Ford Transit,,,,RU/CIS,truck,N1,,,4x2,,,2.0,1.0,ICE,,Diesel,2295.0,55.2,200.0,,,,,,,,,,1680.0,,,2920.0,,,1240.0,ok,single,,,,,4834.0,,,1974.0,,,,,,2933.0,,,,,,,,,,3.87;2.08;1.36;1.0;0.76,5.0,,,,,,,,,,,,,,,,,,,,,1.3548,32.86,niiat,kratkii_avtomobilnyi_spravochnik_tom_2_2006.pdf,,2026-09-23T07:56:50.664101+00:00,"НИИАТ Краткий автомобильный справочник, том 2 (2006), грузовые автомобили; parsed by parse_niiat.py"
vp-e1af08,Fiat,Fiat Риса1о,,,,RU/CIS,truck,N1,,,4x4,,,2.0,2.0,ICE,,Diesel,1998.0,80.0,168.0,,,,,,,,,,1760.0,,,2800.0,,,1040.0,ok,single,,,,,4521.0,,,1998.0,,,2150.0,,,2850.32,,,,,195/70R15,,,,5.615,3.727;1.944;1.37;0.969;0.767,5.0,,,,,,,,,,,,,,,,,,,,,1.6923,45.45,niiat,kratkii_avtomobilnyi_spravochnik_tom_2_2006.pdf,,2026-09-23T07:56:50.664101+00:00,"НИИАТ Краткий автомобильный справочник, том 2 (2006), грузовые автомобили; parsed by parse_niiat.py"
vp-747cae,Fiat,Fiat Зсиао Уап,,,,RU/CIS,truck,N1,,,4x2,,,2.0,1.0,ICE,,Diesel,1905.0,1.0,1.0,,,,,,,,,,1435.0,,,2335.0,,,900.0,ok,single,,,,,4440.0,,,1810.0,,,1927.0,,,,,,,,205/65R15,,,,5.214,3.25;1.783;1.121;0.795;0.608,5.0,,,,,,,,,,,,,,,,,,,,,1.5944,0.7,niiat,kratkii_avtomobilnyi_spravochnik_tom_2_2006.pdf,,2026-09-23T07:56:50.664101+00:00,"НИИАТ Краткий автомобильный справочник, том 2 (2006), грузовые автомобили; parsed by parse_niiat.py"
vp-defc48,Hyundai,Hyundai Н-1,,,,RU/CIS,truck,N1,,,4x2,,,2.0,1.0,ICE,,Diesel,2351.0,99.0,191.0,,,,,,,,,,,,,3050.0,,,,,single,,,,,4695.0,,,1820.0,,,1885.0,,,,,,,,205/70R15,,,,4.222,3.986;2.155;1.414;1.0;0.813,5.0,,,,,,,,,,,,,,,,,,,,,,,niiat,kratkii_avtomobilnyi_spravochnik_tom_2_2006.pdf,,2026-09-23T07:56:50.664101+00:00,"НИИАТ Краткий автомобильный справочник, том 2 (2006), грузовые автомобили; parsed by parse_niiat.py"
vp-a364ae,Iveco,Iveco Daily,,,,RU/CIS,truck,N1,,,4x2,,,2.0,1.0,ICE,,Diesel,2798.0,1.0,1.0,,,,,,,,,,1670.0,,,3200.0,,,1530.0,ok,single,,,,,5305.0,,,1996.0,,,2215.0,,,3000.0,,,,,,,,,,5.0;2.62;1.54;1.0;0.78;1.0,5.0,,,,,,,,,,,,,,,,,,,,,1.0915,0.6,niiat,kratkii_avtomobilnyi_spravochnik_tom_2_2006.pdf,,2026-09-23T07:56:50.664101+00:00,"НИИАТ Краткий автомобильный справочник, том 2 (2006), грузовые автомобили; parsed by parse_niiat.py"
vp-33dc0f,Mazda,Mazda В2500,,,,RU/CIS,truck,N1,,,4x2,,,2.0,1.0,ICE,,Diesel,2500.0,58.0,168.0,,,,,,,,,,,,,2650.0,,,,,single,,,,,5005.0,,,1695.0,,,1615.0,,,2985.0,,,,,265/70R15,,,,4.1,4.25;2.356;1.428;1.0;0.827,5.0,,,,,,,,,,,,,,,,,,,,,,,niiat,kratkii_avtomobilnyi_spravochnik_tom_2_2006.pdf,,2026-09-23T07:56:50.664101+00:00,"НИИАТ Краткий автомобильный справочник, том 2 (2006), грузовые автомобили; parsed by parse_niiat.py"
vp-8824df,Mercedes,Mercedes-Benz ТО - У,,,,RU/CIS,truck,N1,,,4x2,,,2.0,1.0,ICE,,Diesel,2151.0,6075.0,20025.0,,,,,,,,,,,,,2700.0,,,,,single,,,,,4660.0,,,1870.0,,,1889.0,,,3000.0,,,,,195/70R15,,,,,4.25;2.348;1.458;1.026;0.813,,,,,,,,,,,,,,,,,,,,,,,,niiat,kratkii_avtomobilnyi_spravochnik_tom_2_2006.pdf,,2026-09-23T07:56:50.664101+00:00,"НИИАТ Краткий автомобильный справочник, том 2 (2006), грузовые автомобили; parsed by parse_niiat.py"
vp-8a9528,Mercedes,"Mercedes-Benz Т1N ""8рпп!ег""",,,,RU/CIS,truck,N1,,,4x2,,,2.0,1.0,ICE,,Diesel,2148.0,60.0,200.0,,,,,,,,,,1870.0,,,2590.0,,,720.0,ok,single,,,,,4890.0,,,1933.0,,,2320.0,,,3000.0,,,,,195/70R15,,,,,4.89;2.53;1.48;1.0;0.78,5.0,,,,,,,,,,,,,,,,,,,,,2.5972,32.09,niiat,kratkii_avtomobilnyi_spravochnik_tom_2_2006.pdf,,2026-09-23T07:56:50.664101+00:00,"НИИАТ Краткий автомобильный справочник, том 2 (2006), грузовые автомобили; parsed by parse_niiat.py"
vp-917b94,Peugeot,Peugeot Boxer,,,,RU/CIS,truck,N1,,,4x2,,,2.0,1.0,ICE,,Diesel,2179.0,74.0,240.0,,,,,,,,,,,,,3500.0,,,,,single,,,,,4749.0,,,2024.0,,,2150.0,,,2850.0,,,,,195/70R15,,,,5.357,3.727;1.952;1.29;0.875;0.585,5.0,,,,,,,,,,,,,,,,,,,,,,,niiat,kratkii_avtomobilnyi_spravochnik_tom_2_2006.pdf,,2026-09-23T07:56:50.664101+00:00,"НИИАТ Краткий автомобильный справочник, том 2 (2006), грузовые автомобили; parsed by parse_niiat.py"
vp-2d5b2a,Peugeot,Peugeot Partner,,,,RU/CIS,truck,N1,,,4x2,,,2.0,1.0,ICE,,Gasoline,1769.0,55.0,111.0,,,,,,,,,,,,,1670.0,,,,,single,,,,,4108.0,,,1719.0,,,1802.0,,,2690.0,,,,,,,,,4.538,3.416;1.95;1.275;0.975;0.767,5.0,,,,,,,,,,,,,,,,,,,,,,,niiat,kratkii_avtomobilnyi_spravochnik_tom_2_2006.pdf,,2026-09-23T07:56:50.664101+00:00,"НИИАТ Краткий автомобильный справочник, том 2 (2006), грузовые автомобили; parsed by parse_niiat.py"
vp-a0dbef,Renault,Renault Kangoo Express,,,,RU/CIS,truck,N1,,,4x2,,,2.0,1.0,ICE,,Gasoline,1390.0,55.0,114.0,,,,,,,,,,,,,1640.0,,,,,single,,,,,3995.0,,,1663.0,,,1827.0,,,2600.0,,,,,,,,,4.214,3.727;2.048;1.393;1.029;0.821,5.0,,,,,,,,,,,,,,,,,,,,,,,niiat,kratkii_avtomobilnyi_spravochnik_tom_2_2006.pdf,,2026-09-23T07:56:50.664101+00:00,"НИИАТ Краткий автомобильный справочник, том 2 (2006), грузовые автомобили; parsed by parse_niiat.py"
vp-5c8a89,Volkswagen,Volkswagen Caddy,,,,RU/CIS,truck,N1,,,4x2,,,2.0,1.0,ICE,,Diesel,1390.0,44.0,116.0,,,,,,,,,,1110.0,,,1660.0,,,550.0,ok,single,,,,,4226.0,,,1696.0,,,1836.0,,,2601.0,,,,,,,,,4.267,3.455;2.095;1.448;1.098;0.851,5.0,,,,,,,,,,,,,,,,,,,,,2.0182,39.64,niiat,kratkii_avtomobilnyi_spravochnik_tom_2_2006.pdf,,2026-09-23T07:56:50.664101+00:00,"НИИАТ Краткий автомобильный справочник, том 2 (2006), грузовые автомобили; parsed by parse_niiat.py"
vp-14d185,Volkswagen,"Volkswagen LT28, LT35",,,,RU/CIS,truck,N1,,,4x2,,,2.0,1.0,ICE,,Diesel,2461.0,5580.0,16028.0,,,,,,,,,,,,,2800.0,,,,,family,,,,,4835.0,,,1933.0,,,2350.0,,,3000.0,,,,,225/70R15,,,,,4.898;2.533;1.486;1.0;0.738,5.0,,,,,,,,,,,,,,,,,,,,,,,niiat,kratkii_avtomobilnyi_spravochnik_tom_2_2006.pdf,,2026-09-23T07:56:50.664101+00:00,"НИИАТ Краткий автомобильный справочник, том 2 (2006), грузовые автомобили; parsed by parse_niiat.py"
vp-02e680,ЗИЛ,ЗИЛ-4331. 4333. 4421,,,,RU/CIS,truck,N2,,,4x2,,,2.0,1.0,ICE,,Gasoline,6000.0,110.0,402.0,,,,,,,,,,4980.0,,,12000.0,,,7020.0,ok,family,,,,,7610.0,,,2500.0,,,2700.0,,,4500.0,,,,,,,,,6.33,7.18;4.0,5.0,,,,,,,,,,,,,,,,,,,,,0.7094,22.09,niiat,kratkii_avtomobilnyi_spravochnik_tom_2_2006.pdf,,2026-09-23T07:56:50.664101+00:00,"НИИАТ Краткий автомобильный справочник, том 2 (2006), грузовые автомобили; parsed by parse_niiat.py"
vp-9723c6,ЗИЛ,ЗИЛ-5301 (двигатель Са1егрМ1аг),,,,RU/CIS,truck,N2,,,4x2,,,2.0,1.0,ICE,,Diesel,3990.0,100.0,456.0,,,,,,,,,,3725.0,,,6950.0,,,3225.0,ok,single,,,,,6195.0,,,2150.0,,,2365.0,,,3650.0,,,,,"215/75R17,5",,,,3.273,6.55;3.62;2.08;1.38;1.0,5.0,,,,,,,,,,,,,,,,,,,,,1.155,26.85,niiat,kratkii_avtomobilnyi_spravochnik_tom_2_2006.pdf,,2026-09-23T07:56:50.664101+00:00,"НИИАТ Краткий автомобильный справочник, том 2 (2006), грузовые автомобили; parsed by parse_niiat.py"
vp-c58d61,ЗИЛ,ЗИЛ-5301 (двигатель ММЗ),,,,RU/CIS,truck,N2,,,4x2,,,2.0,1.0,ICE,,Diesel,4750.0,77.0,346.0,,,,,,,,,,3725.0,,,6950.0,,,3225.0,ok,single,,,,,6195.0,,,2150.0,,,2365.0,,,3650.0,,,,,215/75R17.5,,,,3.273,6.45;3.56;1.98;1.275;1.0,5.0,,,,,,,,,,,,,,,,,,,,,1.155,20.67,niiat,kratkii_avtomobilnyi_spravochnik_tom_2_2006.pdf,,2026-09-23T07:56:50.664101+00:00,"НИИАТ Краткий автомобильный справочник, том 2 (2006), грузовые автомобили; parsed by parse_niiat.py"
vp-fdf8b7,КамАЗ,КамАЗ-43114-02. 43116. 43118-02. 44108-02,,,,RU/CIS,truck,N3,,,6x6,,,3.0,3.0,ICE,,Diesel,10850.0,169.0,814.0,,,,,,,,,,8940.0,,,15420.0,,,6480.0,ok,family,,,,,7960.0,,,2500.0,,,3200.0,,,3340.0,1320.0,,,,425/85R21,,,,5.94,7.82;4.03;2.5;1.53;1.0,5.0,,,,,,,,,,,,,,,,,,,,,1.3796,18.9,niiat,kratkii_avtomobilnyi_spravochnik_tom_2_2006.pdf,,2026-09-23T07:56:50.664101+00:00,"НИИАТ Краткий автомобильный справочник, том 2 (2006), грузовые автомобили; parsed by parse_niiat.py"
vp-ff2c6c,КамАЗ,КамАЗ-53215. 54115. 55111-02,,,,RU/CIS,truck,N3,,,6x4,,,3.0,2.0,ICE,,Diesel,10850.0,169.0,814.0,,,,,,,,,,8200.0,,,19355.0,,,11155.0,ok,family,,,,,8535.0,,,2500.0,,,3995.0,,,3690.0,1320.0,,,,10.00R20,,,,5.43,7.82;4.03;2.5;1.53;1.0,10.0,,,,,,,,,,,,,,,,,,,,,0.7351,20.61,niiat,kratkii_avtomobilnyi_spravochnik_tom_2_2006.pdf,,2026-09-23T07:56:50.664101+00:00,"НИИАТ Краткий автомобильный справочник, том 2 (2006), грузовые автомобили; parsed by parse_niiat.py"
vp-094670,КамАЗ,"КамАЗ-43114-13. 43116-13, 43118-13, 44108-13",,,,RU/CIS,truck,N3,,,6x6,,,3.0,3.0,ICE,,Diesel,10850.0,182.6,919.0,,,,,,,,,,9030.0,,,15420.0,,,6390.0,ok,family,,,,,7765.0,,,2500.0,,,3290.0,,,3340.0,1320.0,,,,425/85R21,,,,5.94,7.82;4.03;2.5;1.53;1.0,5.0,,,,,,,,,,,,,,,,,,,,,1.4131,20.22,niiat,kratkii_avtomobilnyi_spravochnik_tom_2_2006.pdf,,2026-09-23T07:56:50.664101+00:00,"НИИАТ Краткий автомобильный справочник, том 2 (2006), грузовые автомобили; parsed by parse_niiat.py"
vp-7068cc,КамАЗ,КамАЗ-4326,,,,RU/CIS,truck,N3,,,4x4,,,2.0,2.0,ICE,,Diesel,10850.0,169.0,814.0,,,,,,,,,,7300.0,,,12600.0,,,5300.0,ok,single,,,,,7730.0,,,2500.0,,,3290.0,,,4200.0,,,,,425/85R21,,,,,7.82;4.03;2.5;1.53;1.0,,,,,,,,,,,,,,,,,,,,,,1.3774,23.15,niiat,kratkii_avtomobilnyi_spravochnik_tom_2_2006.pdf,,2026-09-23T07:56:50.664101+00:00,"НИИАТ Краткий автомобильный справочник, том 2 (2006), грузовые автомобили; parsed by parse_niiat.py"
vp-f1424e,КамАЗ,"КамАЗ-53215-13. 54115-13, 55111-13",,,,RU/CIS,truck,N3,,,6x4,,,3.0,2.0,ICE,,Diesel,10850.0,182.6,919.0,,,,,,,,,,8030.0,,,19355.0,,,11325.0,ok,family,,,,,8535.0,,,2500.0,,,3995.0,,,3690.0,1320.0,,,,10.00R20,,,,5.43,7.82;4.03;2.5;1.53;1.0,10.0,,,,,,,,,,,,,,,,,,,,,0.7091,22.74,niiat,kratkii_avtomobilnyi_spravochnik_tom_2_2006.pdf,,2026-09-23T07:56:50.664101+00:00,"НИИАТ Краткий автомобильный справочник, том 2 (2006), грузовые автомобили; parsed by parse_niiat.py"
vp-880642,МАЗ,МАЗ-6422. 6430. 6301. 6303. 5516 (Евро-2),,,,RU/CIS,truck,N3,,,6x4,,,3.0,2.0,ICE,,Diesel,14860.0,233.0,1275.0,,,,,,,,,,9500.0,,,24500.0,,,15000.0,ok,family,,,,,6540.0,,,2500.0,,,3150.0,,,2900.0,1400.0,,,,11.00R20,,,,3.86,7.3;4.86;3.5;2.48;2.09;1.39;1.0;0.71,8.0,,,,,,,,,,,,,,,,,,,,,0.6333,24.53,niiat,kratkii_avtomobilnyi_spravochnik_tom_2_2006.pdf,,2026-09-23T07:56:50.664101+00:00,"НИИАТ Краткий автомобильный справочник, том 2 (2006), грузовые автомобили; parsed by parse_niiat.py"
vp-780a28,МАЗ,"МАЗ-5336. 5337. 5432, 5433. 5440. 555102 (Евро-2)",,,,RU/CIS,truck,N3,,,4x2,,,2.0,1.0,ICE,,Diesel,11150.0,159.0,864.0,,,,,,,,,,6700.0,,,16100.0,,,9400.0,ok,family,,,,,5600.0,,,2500.0,,,2925.0,,,3300.0,,,,,11.00R20,,,,,5.26;2.9;1.52;1.0;0.66,,,,,,,,,,,,,,,,,,,,,,0.7128,23.73,niiat,kratkii_avtomobilnyi_spravochnik_tom_2_2006.pdf,,2026-09-23T07:56:50.664101+00:00,"НИИАТ Краткий автомобильный справочник, том 2 (2006), грузовые автомобили; parsed by parse_niiat.py"
vp-1fc873,МАЗ,"МАЗ-6422, 6425, 6303, 5516 (Евро-0, Евро-1)",,,,RU/CIS,truck,N3,,,6x6,,,3.0,3.0,ICE,,Diesel,14860.0,176.0,883.0,,,,,,,,,,9050.0,,,24000.0,,,14950.0,ok,family,,,,,6540.0,,,2500.0,,,3150.0,,,2900.0,4950.0,,,,11.00R20,,,,3.97,7.3;4.86;3.5;2.48;2.09;1.39;1.0,8.0,,,,,,,,,,,,,,,,,,,,,0.6054,19.45,niiat,kratkii_avtomobilnyi_spravochnik_tom_2_2006.pdf,,2026-09-23T07:56:50.664101+00:00,"НИИАТ Краткий автомобильный справочник, том 2 (2006), грузовые автомобили; parsed by parse_niiat.py"
vp-05a2da,МАЗ,"МАЗ-5432. 5433. 5336. 5337, 5551 (Евро-0. Евро-1)",,,,RU/CIS,truck,N3,,,4x2,,,2.0,1.0,ICE,,Diesel,11150.0,13217.0,66788.0,,,,,,,,,,5980.0,,,15000.0,,,9020.0,ok,family,,,,,5535.0,,,2500.0,,,2920.0,,,3300.0,,,,,11.00R20,,,,5.49,5.26;2.9;1.52;1.0;0.66,5.0,,,,,,,,,,,,,,,,,,,,,0.663,2210.2,niiat,kratkii_avtomobilnyi_spravochnik_tom_2_2006.pdf,,2026-09-23T07:56:50.664101+00:00,"НИИАТ Краткий автомобильный справочник, том 2 (2006), грузовые автомобили; parsed by parse_niiat.py"
vp-58e375,МАЗ,МАЗ-Купава-5731 (Евро-0. Евро-1),,,,RU/CIS,truck,N3,,,4x2,,,2.0,1.0,ICE,,Diesel,11150.0,132.0,667.0,,,,,,,,,,8950.0,,,16500.0,,,7550.0,ok,family,,,,,8500.0,,,2500.0,,,3600.0,,,4900.0,,,,,11.00R20,,,,5.49,5.26;2.9;1.52;1.0;0.66,5.0,,,,,,,,,,,,,,,,,,,,,1.1854,14.75,niiat,kratkii_avtomobilnyi_spravochnik_tom_2_2006.pdf,,2026-09-23T07:56:50.664101+00:00,"НИИАТ Краткий автомобильный справочник, том 2 (2006), грузовые автомобили; parsed by parse_niiat.py"
vp-48e71c,МАЗ,МАЗ-Купава-5731 (Евро-2),,,,RU/CIS,truck,N3,,,4x2,,,2.0,1.0,ICE,,Diesel,11150.0,159.0,864.0,,,,,,,,,,8950.0,,,16500.0,,,7550.0,ok,single,,,,,8500.0,,,2500.0,,,4000.0,,,4900.0,,,,,11.00R20,,,,3.97,5.26;2.9;1.52;1.0;0.66,5.0,,,,,,,,,,,,,,,,,,,,,1.1854,17.77,niiat,kratkii_avtomobilnyi_spravochnik_tom_2_2006.pdf,,2026-09-23T07:56:50.664101+00:00,"НИИАТ Краткий автомобильный справочник, том 2 (2006), грузовые автомобили; parsed by parse_niiat.py"
vp-c65853,МАЗ,МАЗ-Купава-4788,,,,RU/CIS,truck,N2,,,4x2,,,2.0,1.0,ICE,,Diesel,4750.0,95.7,449.0,,,,,,,,,,5800.0,,,10100.0,,,4300.0,ok,single,,,,,8050.0,,,2600.0,,,3580.0,,,4200.0,1400.0,,,,235/75R17.5,,,,,6.45;3.56;1.98;1.275;1.0,5.0,,,,,,,,,,,,,,,,,,,,,1.3488,16.5,niiat,kratkii_avtomobilnyi_spravochnik_tom_2_2006.pdf,,2026-09-23T07:56:50.664101+00:00,"НИИАТ Краткий автомобильный справочник, том 2 (2006), грузовые автомобили; parsed by parse_niiat.py"
vp-aae0a5,КамАЗ,КамАЗ-Купава-5741,,,,RU/CIS,truck,N3,,,6x4,,,3.0,2.0,ICE,,Diesel,10850.0,169.0,818.9,,,,,,,,,,9150.0,,,19300.0,,,10150.0,ok,single,,,,,8600.0,,,2600.0,,,3950.0,,,3690.0,1320.0,,,,,,,,5.43,7.82;4.03;2.5;1.53;1.0,10.0,,,,,,,,,,,,,,,,,,,,,0.9015,18.47,niiat,kratkii_avtomobilnyi_spravochnik_tom_2_2006.pdf,,2026-09-23T07:56:50.664101+00:00,"НИИАТ Краткий автомобильный справочник, том 2 (2006), грузовые автомобили; parsed by parse_niiat.py"
vp-c56614,ЗИЛ,ЗИЛ-Купава-3729,,,,RU/CIS,truck,N2,,,4x2,,,2.0,1.0,ICE,,Diesel,4750.0,77.0,346.0,,,,,,,,,,3700.0,,,6950.0,,,3250.0,ok,single,,,,,6200.0,,,2200.0,,,2890.0,,,3650.0,,,,,215/75R17.5,,,,3.273,6.45;3.56;1.98;1.275;1.0,5.0,,,,,,,,,,,,,,,,,,,,,1.1385,20.81,niiat,kratkii_avtomobilnyi_spravochnik_tom_2_2006.pdf,,2026-09-23T07:56:50.664101+00:00,"НИИАТ Краткий автомобильный справочник, том 2 (2006), грузовые автомобили; parsed by parse_niiat.py"
vp-2f1932,ЗИЛ,ЗИЛ-Купава-3729 (Купава-Сервис),,,,RU/CIS,truck,N2,,,4x2,,,2.0,1.0,ICE,,Diesel,4750.0,77.0,346.0,,,,,,,,,,3700.0,,,6950.0,,,3250.0,ok,single,,,,,6200.0,,,2200.0,,,2890.0,,,3650.0,,,,,215/75R17.5,,,,3.273,6.45;3.56;1.98;1.275;1.0,5.0,,,,,,,,,,,,,,,,,,,,,1.1385,20.81,niiat,kratkii_avtomobilnyi_spravochnik_tom_2_2006.pdf,,2026-09-23T07:56:50.664101+00:00,"НИИАТ Краткий автомобильный справочник, том 2 (2006), грузовые автомобили; parsed by parse_niiat.py"
vp-7aa5e8,ЗИЛ,ЗИЛ-Купава~4729,,,,RU/CIS,truck,N2,,,4x2,,,2.0,1.0,ICE,,Gasoline,6000.0,110.0,402.0,,,,,,,,,,5900.0,,,12000.0,,,6100.0,ok,single,,,,,7927.0,,,2514.0,,,3430.0,,,4500.0,,,,,,,,,6.33,7.18;4.0;2.4;1.38,5.0,,,,,,,,,,,,,,,,,,,,,0.9672,18.64,niiat,kratkii_avtomobilnyi_spravochnik_tom_2_2006.pdf,,2026-09-23T07:56:50.664101+00:00,"НИИАТ Краткий автомобильный справочник, том 2 (2006), грузовые автомобили; parsed by parse_niiat.py"
vp-a93ae9,ГАЗ,ГАЗ-Купава-4738,,,,RU/CIS,truck,N2,,,4x2,,,2.0,1.0,ICE,,Diesel,4250.0,87.5,274.7,,,,,,,,,,4150.0,,,7850.0,,,3700.0,ok,single,,,,,6350.0,,,2230.0,,,3200.0,,,3770.0,,,,,,,,,6.17,6.555;3.933;2.376;1.442;1.0,5.0,,,,,,,,,,,,,,,,,,,,,1.1216,21.08,niiat,kratkii_avtomobilnyi_spravochnik_tom_2_2006.pdf,,2026-09-23T07:56:50.664101+00:00,"НИИАТ Краткий автомобильный справочник, том 2 (2006), грузовые автомобили; parsed by parse_niiat.py"
vp-15f52b,НЕФАЗ,НЕФАЗ-4208,,,,RU/CIS,truck,N3,,,6x6,,,3.0,3.0,ICE,,Diesel,10850.0,169.0,814.0,,,,,,,,,,10200.0,,,12700.0,,,2500.0,ok,single,,,,,7880.0,,,2500.0,,,3280.0,,,3340.0,3340.0,,,,425/85R21,,,,6.53,7.82;4.03;2.5;1.53;1.0,,,,,,,,,,,,,,,,,,,,,,4.08,16.57,niiat,kratkii_avtomobilnyi_spravochnik_tom_2_2006.pdf,,2026-09-23T07:56:50.664101+00:00,"НИИАТ Краткий автомобильный справочник, том 2 (2006), грузовые автомобили; parsed by parse_niiat.py"
vp-27a1af,КамАЗ,КамАЗ-55111,,,,RU/CIS,truck,N3,,,6x4,,,3.0,2.0,ICE,,Diesel,10850.0,169.0,814.0,,,,,,,,,,9050.0,,,22200.0,,,13150.0,ok,single,,,,,6680.0,,,2500.0,,,2710.0,,,2840.0,1320.0,,,,10.00R20,,,,,7.82;4.03;2.5;1.53;1.0,10.0,,,,,,,,,,,,,,,,,,,,,0.6882,18.67,niiat,kratkii_avtomobilnyi_spravochnik_tom_2_2006.pdf,,2026-09-23T07:56:50.664101+00:00,"НИИАТ Краткий автомобильный справочник, том 2 (2006), грузовые автомобили; parsed by parse_niiat.py"
vp-013b7b,НЕФАЗ,НЕФАЗ-6606,,,,RU/CIS,truck,N3,,,6x4,,,3.0,2.0,ICE,,Diesel,10850.0,169.0,814.0,,,,,,,,,,8960.0,,,18800.0,,,9840.0,ok,single,,,,,7430.0,,,2500.0,,,2980.0,,,3190.0,1320.0,,,,10.00R20,,,,,7.82;4.03;2.5;1.53;1.0,10.0,,,,,,,,,,,,,,,,,,,,,0.9106,18.86,niiat,kratkii_avtomobilnyi_spravochnik_tom_2_2006.pdf,,2026-09-23T07:56:50.664101+00:00,"НИИАТ Краткий автомобильный справочник, том 2 (2006), грузовые автомобили; parsed by parse_niiat.py"
vp-f20ed8,Автомеханический завод,4753,,,,RU/CIS,truck,N2,,,4x2,,,2.0,1.0,ICE,,Diesel,4250.0,87.5,274.7,,,,,,,,,,3500.0,,,7650.0,,,4150.0,ok,single,,,,,6607.0,,,2370.0,,,3305.0,,,3770.0,,,,,,,,,6.17,6.555;3.933;2.376;1.442;1.0,5.0,,,,,,,,,,,,,,,,,,,,,0.8434,25.0,niiat,kratkii_avtomobilnyi_spravochnik_tom_2_2006.pdf,,2026-09-23T07:56:50.664101+00:00,"НИИАТ Краткий автомобильный справочник, том 2 (2006), грузовые автомобили; parsed by parse_niiat.py"
vp-a0a9c0,111 Военный завод,4789,,,,RU/CIS,truck,N2,,,4x2,,,2.0,1.0,ICE,,Gasoline,4250.0,87.5,274.7,,,,,,,,,,4000.0,,,7400.0,,,3400.0,ok,single,,,,,6415.0,,,2440.0,,,3240.0,,,3770.0,,,,,,,,,6.17,6.555;3.933;2.376;1.442;1.0,5.0,,,,,,,,,,,,,,,,,,,,,1.1765,21.88,niiat,kratkii_avtomobilnyi_spravochnik_tom_2_2006.pdf,,2026-09-23T07:56:50.664101+00:00,"НИИАТ Краткий автомобильный справочник, том 2 (2006), грузовые автомобили; parsed by parse_niiat.py"
vp-c992fd,Техноспас-НН,3325,,,,RU/CIS,truck,N2,,,4x4,,,2.0,2.0,ICE,,Diesel,4250.0,85.5,270.7,,,,,,,,,,4000.0,,,5490.0,,,1490.0,ok,single,,,,,6250.0,,,2340.0,,,2640.0,,,3770.0,,,,,12.00R18,,,,6.17,6.555;3.933;2.376;1.442;1.0,5.0,,,,,,,,,,,,,,,,,,,,,2.6846,21.38,niiat,kratkii_avtomobilnyi_spravochnik_tom_2_2006.pdf,,2026-09-23T07:56:50.664101+00:00,"НИИАТ Краткий автомобильный справочник, том 2 (2006), грузовые автомобили; parsed by parse_niiat.py"
vp-cc781f,ГАЗ,ГАЗ 3307. 3309,,,,RU/CIS,truck,N2,,,4x2,,,2.0,1.0,ICE,,Diesel,4250.0,87.5,274.7,,,,,,,,,,3150.0,,,7800.0,,,4650.0,ok,family,,,,,6330.0,,,2380.0,,,2350.0,,,3770.0,,,,,8.25R20,,,,6.17,6.555;3.933;2.376;1.442;1.0,5.0,,,,,,,,,,,,,,,,,,,,,0.6774,27.78,niiat,kratkii_avtomobilnyi_spravochnik_tom_2_2006.pdf,,2026-09-22T14:44:07+00:00,Technical tyre-application references specify 8.25R20 for the GAZ-3307/3309 family. Tyre evidence: normative-technical-family-reference; historical tyre application / technical norm for GAZ-3307 and GAZ-3309; locator: GAZ-3307/3309 radial tyre applicability
vp-98f5b3,Арзамасский машиностроительный завод,27791,,,,RU/CIS,truck,N2,,,4x2,,,2.0,1.0,ICE,,Gasoline,4250.0,87.5,274.7,,,,,,,,,,3408.0,,,7500.0,,,4092.0,ok,single,,,,,6512.0,,,2364.0,,,3125.0,,,3770.0,,,,,,,,,6.17,6.555;3.933;2.376;1.442;1.0,5.0,,,,,,,,,,,,,,,,,,,,,0.8328,25.67,niiat,kratkii_avtomobilnyi_spravochnik_tom_2_2006.pdf,,2026-09-23T07:56:50.664101+00:00,"НИИАТ Краткий автомобильный справочник, том 2 (2006), грузовые автомобили; parsed by parse_niiat.py"
vp-39414f,Арзамасский машиностроительный завод,4748,,,,RU/CIS,truck,N2,,,4x2,,,2.0,1.0,ICE,,Diesel,4750.0,77.0,346.0,,,,,,,,,,4400.0,,,6950.0,,,2550.0,ok,single,,,,,6440.0,,,2220.0,,,2950.0,,,3650.0,,,,,215/75R17.5,,,,3.273,6.45;3.56;1.98;1.275;1.0,5.0,,,,,,,,,,,,,,,,,,,,,1.7255,17.5,niiat,kratkii_avtomobilnyi_spravochnik_tom_2_2006.pdf,,2026-09-23T07:56:50.664101+00:00,"НИИАТ Краткий автомобильный справочник, том 2 (2006), грузовые автомобили; parsed by parse_niiat.py"
vp-01602c,Сельхозпромлес,4795,,,,RU/CIS,truck,N2,,,4x2,,,2.0,1.0,ICE,,Diesel,4250.0,85.5,270.7,,,,,,,,,,3480.0,,,7850.0,,,4370.0,ok,single,,,,,6500.0,,,2380.0,,,3300.0,,,3370.0,,,,,,,,,,,5.0,,,,,,,,,,,,,,,,,,,,,0.7963,24.57,niiat,kratkii_avtomobilnyi_spravochnik_tom_2_2006.pdf,,2026-09-23T07:56:50.664101+00:00,"НИИАТ Краткий автомобильный справочник, том 2 (2006), грузовые автомобили; parsed by parse_niiat.py"
vp-75ca9f,ГАЗ,ГАЗ-САЗ-3507,,,,RU/CIS,truck,N2,,,4x2,,,2.0,1.0,ICE,,Diesel,4250.0,87.5,274.7,,,,,,,,,,3600.0,,,8000.0,,,4400.0,ok,single,,,,,6471.0,,,2461.0,,,2320.0,,,3770.0,,,,,8.25R20,,,,,6.555;3.933;2.376;1.442;1.0,5.0,,,,,,,,,,,,,,,,,,,,,0.8182,24.31,niiat,kratkii_avtomobilnyi_spravochnik_tom_2_2006.pdf,,2026-09-22T14:44:07+00:00,Historical technical norms list 8.25R20 as a radial fitment for GAZ-SAZ-3507. Some historical tables also list an 8.25-20 bias-ply alternative; this row records the radial fitment. Tyre evidence: normative-technical-model-reference; historical tyre resource norm for GAZ-SAZ-3507; locator: GAZ-SAZ-3507 tyre-size table
vp-779c9f,Тонар,2948,,,,RU/CIS,truck,N2,,,4x2,,,2.0,1.0,ICE,,Diesel,4750.0,77.0,346.0,,,,,,,,,,5800.0,,,6950.0,,,1150.0,ok,single,,,,,7030.0,,,2330.0,,,3150.0,,,4250.0,,,,,,,,,3.273,6.45;3.56;1.98;1.275;1.0,5.0,,,,,,,,,,,,,,,,,,,,,5.0435,13.28,niiat,kratkii_avtomobilnyi_spravochnik_tom_2_2006.pdf,,2026-09-23T07:56:50.664101+00:00,"НИИАТ Краткий автомобильный справочник, том 2 (2006), грузовые автомобили; parsed by parse_niiat.py"
vp-bf984c,Меткомплекс,27951,,,,RU/CIS,truck,N2,,,4x2,,,2.0,1.0,ICE,,Diesel,4750.0,77.0,346.0,,,,,,,,,,3625.0,,,6950.0,,,3325.0,ok,single,,,,,6325.0,,,2250.0,,,3125.0,,,3650.0,,,,,225/75R16,,,,3.273,6.45;3.56;1.98;1.275;1.0,5.0,,,,,,,,,,,,,,,,,,,,,1.0902,21.24,niiat,kratkii_avtomobilnyi_spravochnik_tom_2_2006.pdf,,2026-09-23T07:56:50.664101+00:00,"НИИАТ Краткий автомобильный справочник, том 2 (2006), грузовые автомобили; parsed by parse_niiat.py"
vp-11c8dc,Урал,Урал 4320 (двигатель ЯМЗ-236М2),,,,RU/CIS,truck,N3,,,6x6,,,3.0,3.0,ICE,,Diesel,11150.0,132.0,667.0,,,,,,,,,,8745.0,,,14095.0,,,5350.0,ok,single,,,,,7381.0,,,2500.0,,,2715.0,,,3525.0,1400.0,,,,12.00R20,,,,,5.22;2.9;1.52;1.0;0.66,5.0,,,,,,,,,,,,,,,,,,,,,1.6346,15.09,niiat,kratkii_avtomobilnyi_spravochnik_tom_2_2006.pdf,,2026-09-23T07:56:50.664101+00:00,"НИИАТ Краткий автомобильный справочник, том 2 (2006), грузовые автомобили; parsed by parse_niiat.py"
vp-791097,Урал,Урал 4320 (двигатель ЯМЗ-238М2),,,,RU/CIS,truck,N3,,,6x6,,,3.0,3.0,ICE,,Diesel,14860.0,176.0,883.0,,,,,,,,,,8750.0,,,15050.0,,,6300.0,ok,single,,,,,7588.0,,,2500.0,,,2805.0,,,3525.0,1400.0,,,,12.00R20,,,,,5.22;2.9;1.52;1.0;0.66,5.0,,,,,,,,,,,,,,,,,,,,,1.3889,20.11,niiat,kratkii_avtomobilnyi_spravochnik_tom_2_2006.pdf,,2026-09-23T07:56:50.664101+00:00,"НИИАТ Краткий автомобильный справочник, том 2 (2006), грузовые автомобили; parsed by parse_niiat.py"
vp-6027b4,Урал,Урал 44202,,,,RU/CIS,truck,N3,,,6x6,,,3.0,3.0,ICE,,Diesel,14860.0,176.0,883.0,,,,,,,,,,8320.0,,,16720.0,,,8400.0,ok,single,,,,,7017.0,,,2500.0,,,2735.0,,,3525.0,1400.0,,,,12.00R20,,,,,5.22;2.9;1.52;1.0;0.66,5.0,,,,,,,,,,,,,,,,,,,,,0.9905,21.15,niiat,kratkii_avtomobilnyi_spravochnik_tom_2_2006.pdf,,2026-09-23T07:56:50.664101+00:00,"НИИАТ Краткий автомобильный справочник, том 2 (2006), грузовые автомобили; parsed by parse_niiat.py"
vp-3ec9ff,Iveco,Iveco Daily 50,,,,RU/CIS,truck,N2,,,4x2,,,2.0,1.0,ICE,,Diesel,2798.0,78.0,250.0,,,,,,,,,,1960.0,,,5200.0,,,3240.0,ok,single,,,,,5958.0,,,1996.0,,,2270.0,,,3000.0,,,,,225/70R15,,,,3.917,6.766;4.018;2.549;1.745;1.286;1.0,6.0,,,,,,,,,,,,,,,,,,,,,0.6049,39.8,niiat,kratkii_avtomobilnyi_spravochnik_tom_2_2006.pdf,,2026-09-23T07:56:50.664101+00:00,"НИИАТ Краткий автомобильный справочник, том 2 (2006), грузовые автомобили; parsed by parse_niiat.py"
vp-3f16a0,Iveco,Iveco Daily 65,,,,RU/CIS,truck,N2,,,4x2,,,2.0,1.0,ICE,,Diesel,2800.0,107.0,320.0,,,,,,,,,,2185.0,,,6500.0,,,4315.0,ok,single,,,,,5803.0,,,2060.0,,,2340.0,,,3450.0,,,,,,,,,3.615,6.77;4.02;2.55;1.75;1.29;1.0,6.0,,,,,,,,,,,,,,,,,,,,,0.5064,48.97,niiat,kratkii_avtomobilnyi_spravochnik_tom_2_2006.pdf,,2026-09-23T07:56:50.664101+00:00,"НИИАТ Краткий автомобильный справочник, том 2 (2006), грузовые автомобили; parsed by parse_niiat.py"
vp-e217f1,MAN,MAN Р2000 / Е2000,,,,RU/CIS,truck,N3,,,6x4,,,3.0,2.0,ICE,,Diesel,11967.0,228.0,1500.0,,,,,,,,,,7300.0,,,21000.0,,,13700.0,ok,family,,,,,6350.0,,,2500.0,,,2900.0,,,2900.0,,,,,"285/60R22,5",,,,,1.055,16.0,,,,,,,,,,,,,,,,,,,,,0.5328,31.23,niiat,kratkii_avtomobilnyi_spravochnik_tom_2_2006.pdf,,2026-09-23T07:56:50.664101+00:00,"НИИАТ Краткий автомобильный справочник, том 2 (2006), грузовые автомобили; parsed by parse_niiat.py"
vp-05d787,Mercedes,"Mercedes-Benz Т1N ""Зргт1ег""",,,,RU/CIS,truck,N2,,,4x4,,,2.0,2.0,ICE,,Diesel,2148.0,60.0,200.0,,,,,,,,,,2185.0,,,4600.0,,,2415.0,ok,single,,,,,5640.0,,,1933.0,,,2320.0,,,3550.0,,,,,,,,,,4.89;2.53;1.48;1.0;0.78,5.0,,,,,,,,,,,,,,,,,,,,,0.9048,27.46,niiat,kratkii_avtomobilnyi_spravochnik_tom_2_2006.pdf,,2026-09-23T07:56:50.664101+00:00,"НИИАТ Краткий автомобильный справочник, том 2 (2006), грузовые автомобили; parsed by parse_niiat.py"
vp-48431b,Mercedes,Mercedes-Benz 1-КМ Atego,,,,RU/CIS,truck,N2,,,4x4,,,2.0,2.0,ICE,,Diesel,4249.0,1121.0,580.0,,,,,,,,,,3730.0,,,8000.0,,,4270.0,ok,single,,,,,6020.0,,,2550.0,,,2520.0,,,3020.0,,,,,12.00R20,,,,,5.72;2.94;1.61;1.0;0.76,5.0,,,,,,,,,,,,,,,,,,,,,0.8735,300.54,niiat,kratkii_avtomobilnyi_spravochnik_tom_2_2006.pdf,,2026-09-23T07:56:50.664101+00:00,"НИИАТ Краткий автомобильный справочник, том 2 (2006), грузовые автомобили; parsed by parse_niiat.py"
vp-659248,Mercedes,Mercedes-Benz 8КМ Ас!гоз/А!едо 8 (2-осные),,,,RU/CIS,truck,N3,,,4x4,,,2.0,2.0,ICE,,Diesel,11946.0,230.0,1530.0,,,,,,,,,,5525.0,,,18000.0,,,12475.0,ok,family,,,,,6775.0,,,2437.0,,,2938.0,,,3900.0,,,,,315/60R22.5,,,,,,,,,,,,,,,,,,,,,,,,,,,,41.63,niiat,kratkii_avtomobilnyi_spravochnik_tom_2_2006.pdf,,2026-09-23T07:56:50.664101+00:00,"НИИАТ Краткий автомобильный справочник, том 2 (2006), грузовые автомобили; parsed by parse_niiat.py"
vp-82d525,Mercedes,Mercedes-Benz 8КМ Actros/ АТЕСО 3 (3-осные),,,,RU/CIS,truck,N3,,,6x4,,,3.0,2.0,ICE,,Diesel,6374.0,1.0,810.0,,,,,,,,,,7500.0,,,25000.0,,,17500.0,ok,family,,,,,8213.0,,,2490.0,,,4000.0,,,3450.0,,,,,315/60R22.5,,,,,,12.0,,,,,,,,,,,,,,,,,,,,,,0.13,niiat,kratkii_avtomobilnyi_spravochnik_tom_2_2006.pdf,,2026-09-23T07:56:50.664101+00:00,"НИИАТ Краткий автомобильный справочник, том 2 (2006), грузовые автомобили; parsed by parse_niiat.py"
vp-738396,Mercedes,"Mercedes-Benz ЗКМ Ас*гоз (4140. 4148, 4157)",,,,RU/CIS,truck,N3,,,8x8,,,4.0,4.0,ICE,,Diesel,11946.0,290.0,1850.0,,,,,,,,,,10120.0,,,41000.0,,,30880.0,ok,family,,,,,7897.0,,,2475.0,,,3123.0,,,4200.0,,,,,,,,,,,16.0,,,,,,,,,,,,,,,,,,,,,,28.66,niiat,kratkii_avtomobilnyi_spravochnik_tom_2_2006.pdf,,2026-09-23T07:56:50.664101+00:00,"НИИАТ Краткий автомобильный справочник, том 2 (2006), грузовые автомобили; parsed by parse_niiat.py"
vp-c613f8,Mercedes,Mercedes-Benz 8КМ Actros 48538,,,,RU/CIS,truck,N3,,,8x4,,,4.0,2.0,ICE,,Diesel,15928.0,390.0,2400.0,,,,,,,,,,13630.0,,,48000.0,,,34370.0,ok,single,,,,,7610.0,,,2500.0,,,3700.0,,,1630.0,,,,,12.00R24,,,,,11.72;9.75;7.92;6.58;5.29;4.4;3.64;3.02;2.66;2.22;1.8;1.5;1.2;1.0;0.83;0.69,16.0,,,,,,,,,,,,,,,,,,,,,,28.61,niiat,kratkii_avtomobilnyi_spravochnik_tom_2_2006.pdf,,2026-09-23T07:56:50.664101+00:00,"НИИАТ Краткий автомобильный справочник, том 2 (2006), грузовые автомобили; parsed by parse_niiat.py"
vp-c0ee91,Mercedes,Mercedes-Benz Axor,,,,RU/CIS,truck,N3,,,4x2,,,2.0,1.0,ICE,,Diesel,11967.0,260.0,1850.0,,,,,,,,,,6435.0,,,18000.0,,,11565.0,ok,single,,,,,5815.0,,,2490.0,,,3194.0,,,3600.0,,,,,295/80R22.5,,,,,16.15;10.18;7.15;5.12;3.83;2.65;1.86;1.33;1.0,9.0,,,,,,,,,,,,,,,,,,,,,0.5564,40.4,niiat,kratkii_avtomobilnyi_spravochnik_tom_2_2006.pdf,,2026-09-23T07:56:50.664101+00:00,"НИИАТ Краткий автомобильный справочник, том 2 (2006), грузовые автомобили; parsed by parse_niiat.py"
vp-d6e3a7,Mercedes,Mercedes-Benz Atego,,,,RU/CIS,truck,N3,,,4x2,,,2.0,1.0,ICE,,Diesel,4249.0,125.0,660.0,,,,,,,,,,4750.0,,,13500.0,,,8750.0,ok,single,,,,,7020.0,,,2550.0,,,2655.0,,,3560.0,,,,,12.00R20,,,,,9.2;5.23;3.14;2.03;1.37;1.0,6.0,,,,,,,,,,,,,,,,,,,,,0.5429,26.32,niiat,kratkii_avtomobilnyi_spravochnik_tom_2_2006.pdf,,2026-09-23T07:56:50.664101+00:00,"НИИАТ Краткий автомобильный справочник, том 2 (2006), грузовые автомобили; parsed by parse_niiat.py"
vp-4a6856,Mercedes,Mercedes-Benz 5КЗ,,,,RU/CIS,truck,N3,,,6x6,,,3.0,3.0,ICE,,Diesel,14618.0,280.0,1850.0,,,,,,,,,,9365.0,,,26000.0,,,16635.0,ok,single,,,,,7115.0,,,2489.0,,,3100.0,,,4100.0,,,,,,,,,,11.88;10.09;8.24;6.99;5.83;4.95;4.2;3.57;2.83,16.0,,,,,,,,,,,,,,,,,,,,,0.563,29.9,niiat,kratkii_avtomobilnyi_spravochnik_tom_2_2006.pdf,,2026-09-23T07:56:50.664101+00:00,"НИИАТ Краткий автомобильный справочник, том 2 (2006), грузовые автомобили; parsed by parse_niiat.py"
vp-e1b3fc,Scania,Scania 94.114.124.164,,,,RU/CIS,truck,N3,,,4x4,,,2.0,2.0,ICE,,Diesel,8970.0,228.0,1355.0,,,,,,,,,,5880.0,,,18200.0,,,12320.0,ok,family,,,,,5540.0,,,2500.0,,,2705.0,,,3300.0,,,,,"275/80R22,5",,,,,9.15;6.32;4.69;3.75;2.44;1.68;1.25;1.0,8.0,,,,,,,,,,,,,,,,,,,,,,38.78,niiat,kratkii_avtomobilnyi_spravochnik_tom_2_2006.pdf,,2026-09-23T07:56:50.664101+00:00,"НИИАТ Краткий автомобильный справочник, том 2 (2006), грузовые автомобили; parsed by parse_niiat.py"
vp-72742f,Scania,Scania 114. 124. 164,,,,RU/CIS,truck,N3,,,,,,,,ICE,,,,,,,,,,,,,,,,,,,,,,,family,,,,,,,,,,,,,,,,,,,,,,,,,,,,,,,,,,,,,,,,,,,,,,,,niiat,kratkii_avtomobilnyi_spravochnik_tom_2_2006.pdf,,2026-09-23T07:56:50.664101+00:00,"НИИАТ Краткий автомобильный справочник, том 2 (2006), грузовые автомобили; parsed by parse_niiat.py"
vp-860e1c,Scania,Scania 114. 124. 164 (cont.),,,,RU/CIS,truck,N3,,,6x6,,,3.0,3.0,ICE,,Diesel,10640.0,250.0,1600.0,,,,,,,,,,6800.0,,,24300.0,,,17500.0,ok,family,,,,,5865.0,,,2500.0,,,2720.0,,,2745.0,,,,,"275/80R22,5",,,,,10.1;7.1;5.09;3.75;2.69;1.89;1.36;1.0,8.0,,,,,,,,,,,,,,,,,,,,,,36.76,niiat,kratkii_avtomobilnyi_spravochnik_tom_2_2006.pdf,,2026-09-23T07:56:50.664101+00:00,"НИИАТ Краткий автомобильный справочник, том 2 (2006), грузовые автомобили; parsed by parse_niiat.py"
vp-e1ea02,Tatra,Tatra Т815,,,,RU/CIS,truck,N3,,,6x6,,,3.0,3.0,ICE,,Diesel,12667.0,230.0,1400.0,,,,,,,,,,12100.0,,,28500.0,,,16400.0,ok,single,,,,,7200.0,,,2500.0,,,3020.0,,,3440.0,,,,,815-260R24,,,,3.385,9.359;5.233;2.949;1.675;0.952,5.0,,,,,,,,,,,,,,,,,,,,,0.7378,19.01,niiat,kratkii_avtomobilnyi_spravochnik_tom_2_2006.pdf,,2026-09-23T07:56:50.664101+00:00,"НИИАТ Краткий автомобильный справочник, том 2 (2006), грузовые автомобили; parsed by parse_niiat.py"
vp-8ae5df,Tatra,Tatra Т163,,,,RU/CIS,truck,N3,,,6x6,,,3.0,3.0,ICE,,Diesel,12667.0,255.0,1570.0,,,,,,,,,,13200.0,,,30000.0,,,16800.0,ok,single,,,,,7830.0,,,2500.0,,,3320.0,,,3700.0,1320.0,,,,12.00R24,,,,3.385,7.988;4.133;2.445;1.53;0.956,5.0,,,,,,,,,,,,,,,,,,,,,0.7857,19.32,niiat,kratkii_avtomobilnyi_spravochnik_tom_2_2006.pdf,,2026-09-23T07:56:50.664101+00:00,"НИИАТ Краткий автомобильный справочник, том 2 (2006), грузовые автомобили; parsed by parse_niiat.py"
vp-6e0b40,Tatra,Tatra Т815 (мод. 25А801),,,,RU/CIS,truck,N3,,,6x6,,,3.0,3.0,ICE,,Diesel,12667.0,230.0,1400.0,,,,,,,,,,13000.0,,,30000.0,,,17000.0,ok,family,,,,,7395.0,,,2500.0,,,3020.0,,,3550.0,1320.0,,,,815-270R24,,,,3.385,,5.0,,,,,,,,,,,,,,,,,,,,,0.7647,17.69,niiat,kratkii_avtomobilnyi_spravochnik_tom_2_2006.pdf,,2026-09-23T07:56:50.664101+00:00,"НИИАТ Краткий автомобильный справочник, том 2 (2006), грузовые автомобили; parsed by parse_niiat.py"
vp-21957b,Tatra,Tatra Т163 (мод. 36А8К4),,,,RU/CIS,truck,N3,,,6x6,,,3.0,3.0,ICE,,Diesel,12667.0,255.0,1570.0,,,,,,,,,,13200.0,,,30000.0,,,16800.0,ok,family,,,,,7830.0,,,2500.0,,,3320.0,,,3700.0,1320.0,,,,12.00R24,,,,3.385,,5.0,,,,,,,,,,,,,,,,,,,,,0.7857,19.32,niiat,kratkii_avtomobilnyi_spravochnik_tom_2_2006.pdf,,2026-09-23T07:56:50.664101+00:00,"НИИАТ Краткий автомобильный справочник, том 2 (2006), грузовые автомобили; parsed by parse_niiat.py"
vp-3c84f6,Mitsubishi,Outlander PHEV,GX4h,,2014.0,UK,car,M1,SUV,SUV,,AWD,,2,2,PHEV,PHEV,Gasoline,1998.0,89.0,190.0,12.0,120.0,2.0,1-front+1-rear,60.0,60.0,9.663,7.065,,1810.0,,,2310.0,,,500.0,ok,single,,,,1500.0,4655.0,,,1800.0,,,1680.0,,,2670.0,,1540.0,,,225/55R18,0.352,0.352,4.0,3.425,,,,"series/parallel hybrid, single-speed",,0.33,2.65,0.012,170.0,11.0,,,,1.9,,,,,,44.0,52.0,0.8745,3.62,49.17,brochure,Mitsubishi-Outlander-PHEV-2014-UK.pdf,,2026-09-23T07:56:50.664101+00:00,"unbraked towing 750kg; wheel radius computed from tyre code (0.352m) and cross-checked against the user's own fitted Vehicle_simulation/My_PHEV/config/outlander_2014.yaml (0.352m, matches); drag_coef/frontal_area_m2/rolling_resistance_coef are from that same fitted yaml, not the brochure, since the brochure doesn't state them; acceleration_0_100_s is the brochure's 0-62mph figure used as-is (standard approximation); range_km is EV-only range, total hybrid range is 824km. motor_power_kw 120 kW is the ARITHMETIC SUM of the two installed motor ratings (60 kW front + 60 kW rear), per this dataset's definition of the column as a system total. The brochure states the two motors separately and gives NO combined output figure; a PHEV's real simultaneous electric output is battery-limited and is likely lower than 120 kW. Do not cite 120 kW as a manufacturer combined-output figure."
vp-96b4c6,ГАЗ,ГАЗ-3259-0000010,,,,RU/CIS,bus,M2,,,,,,,,ICE,,Gasoline,,,,,,,,,,,,,2440,2400.0,2480.0,3375,3250.0,3500.0,935,ok,single,,,13.0,,5500.0,,,2075.0,,,2200.0,,,2900.0,,,,,,,,,,,,,,,,,,,,,,,,,,,,,,,,2.6096,,niiat,kratkii_avtomobilnyi_spravochnik_niiat_tom_1_2002.pdf,,2026-09-23T07:56:50.664101+00:00,"OCR lines 928-1058. Body built by OOO Avtolik on GAZ-2705 chassis (make recorded as GAZ per chassis/family convention used in source heading 'TRANSPORTNYE SREDSTVA, PROIZVODIMYE NA SHASSI AVTOMOBILEY OAO GAZ'). Dimensions/mass table not split per body sub-variant (0000010 vs 0000010-01), applied to both. Engine (added): source states no single engine specific to mod. 3259-0000010/-01 -- the final-drive-ratio line confirms only petrol engines are fitted to this body ('5,125 (дв. ЗМЗ) или 4,556 (дв. УМЗ)', OCR line ~1258), ruling out the ГАЗ-560 diesel offered for other GAZ-2705-based bodies in this catalog. Five alternative factory petrol engines are listed without indicating which is standard for this VIN suffix: ЗМЗ-4026.10 2445cc, 63.4 kW (4500 rpm); ЗМЗ-4061.10 2300cc, 64.8 kW (4500 rpm); ЗМЗ-4063.10 2300cc, 72.2 kW (4500 rpm); УМЗ-4215.10-10 2890cc, 65.4 kW (4000 rpm); УМЗ-4215.10 2890cc, 65.4/70.5 kW (4000 rpm) (OCR lines 1059-1211). power_kw and engine_displacement_cc left blank -- no modification-specific engine stated, so no single value can be picked without guessing; powertrain=ICE and energy_carrier=Gasoline are confirmed because no diesel is offered for this body. Power figures already given in kW in the source, no л.с. conversion needed."
vp-69b64b,ГАЗ,ГАЗ-3259-0000010-01,,,,RU/CIS,bus,M2,,,,,,,,ICE,,Gasoline,,,,,,,,,,,,,2440,2400.0,2480.0,3375,3250.0,3500.0,935,ok,single,,,13.0,,5500.0,,,2075.0,,,2200.0,,,2900.0,,,,,,,,,,,,,,,,,,,,,,,,,,,,,,,,2.6096,,niiat,kratkii_avtomobilnyi_spravochnik_niiat_tom_1_2002.pdf,,2026-09-23T07:56:50.664101+00:00,"OCR lines 928-1058. Route-bus (marshrutnoye) variant of the 3259-0000010, same body shell/dims as the base variant per the source table (not split per sub-variant). curb_mass_kg/gross_mass_kg are given as ranges 2400-2480 and 3250-3500. Engine (added): source states no single engine specific to mod. 3259-0000010/-01 -- the final-drive-ratio line confirms only petrol engines are fitted to this body ('5,125 (дв. ЗМЗ) или 4,556 (дв. УМЗ)', OCR line ~1258), ruling out the ГАЗ-560 diesel offered for other GAZ-2705-based bodies in this catalog. Five alternative factory petrol engines are listed without indicating which is standard for this VIN suffix: ЗМЗ-4026.10 2445cc, 63.4 kW (4500 rpm); ЗМЗ-4061.10 2300cc, 64.8 kW (4500 rpm); ЗМЗ-4063.10 2300cc, 72.2 kW (4500 rpm); УМЗ-4215.10-10 2890cc, 65.4 kW (4000 rpm); УМЗ-4215.10 2890cc, 65.4/70.5 kW (4000 rpm) (OCR lines 1059-1211). power_kw and engine_displacement_cc left blank -- no modification-specific engine stated, so no single value can be picked without guessing; powertrain=ICE and energy_carrier=Gasoline are confirmed because no diesel is offered for this body. Power figures already given in kW in the source, no л.с. conversion needed."
vp-123b7a,ГАЗ,ГАЗ-322132,,,,RU/CIS,bus,M2,,,,,,,,ICE,,,,,,,,,,,,,,,2440,2400.0,2480.0,3375,3250.0,3500.0,935,ok,single,,,13.0,,5500.0,,,2075.0,,,2200.0,,,2900.0,,,,,185/75R16C,,,,,,,,,,,,,,,,,,,,,,,,,,,2.6096,,niiat,kratkii_avtomobilnyi_spravochnik_niiat_tom_1_2002.pdf,,2026-09-22T14:17:09+00:00,Exact GAZ-322132 specification lists 185/75R16C; a vehicle-sale record for the same model also records 185/75R16C tyres. Tyre evidence: exact-model-specification; https://komsmash.ru/katalog/gazel-biznes-mikroavtobus/gazel-biznes-mikroavtobus-gaz-322132.html; locator: Specifications: Шины; secondary: https://b2b.house/activepurchase/s8c138820-92eb-4c13-9d79-8b0fc3d30289_0b28cf39/
vp-a84fd3,ГАЗ,ГАЗ-322130,,,,RU/CIS,bus,M2,,,,,,,,ICE,,,,,,,,,,,,,,,2440,2400.0,2480.0,3375,3250.0,3500.0,935,ok,single,,,,,5500.0,,,2075.0,,,2200.0,,,2900.0,,,,,,,,,,,,,,,,,,,,,,,,,,,,,,,,2.6096,,niiat,kratkii_avtomobilnyi_spravochnik_niiat_tom_1_2002.pdf,,2026-09-23T07:56:50.664101+00:00,"OCR lines 1896-1981. seats left blank: source gives an either/or passenger-capacity value (12 or 13), not a numeric range with a clean midpoint, so per the no-fabrication rule it is skipped. curb_mass_kg/gross_mass_kg are the shared 2400-2480 / 3250-3500 ranges. Engine (added): source offers both petrol and diesel alternatives for this body -- mod. 322132/322130/322100 share one engine table (OCR lines 1950-2135) listing five petrol variants (ЗМЗ-4026.10 2445cc 63.4 kW@4500rpm; ЗМЗ-4061.10 2300cc 64.8 kW@4500rpm; ЗМЗ-4063.10 2300cc 72.2 kW@4500rpm; УМЗ-4215.10-10 2890cc 65.4 kW@4000rpm; УМЗ-4215.10 2890cc 70.5 kW@4000rpm) plus a turbodiesel ГАЗ-560 2135cc (70 kW@3800rpm without intercooler / 81 kW@3800rpm with intercooler), confirmed as a genuine option by the final-drive-ratio note '5,125 (с двигателями ЗМЗ, ГАЗ-560 без промежуточного охлаждения) или 4,556 (с двигателями УМЗ, ГАЗ-560 с промежуточным охлаждением)' (OCR lines 2180-2184). No modification-specific engine is stated, so energy_carrier and power_kw are left blank as genuinely ambiguous between petrol and diesel; powertrain=ICE is filled since every option listed is a combustion engine."
vp-b75e4e,ГАЗ,ГАЗ-322100,,,,RU/CIS,bus,M2,,,,,,,,ICE,,,,,,,,,,,,,,,2440,2400.0,2480.0,3375,3250.0,3500.0,935,ok,single,,,,,5500.0,,,2075.0,,,2200.0,,,2900.0,,,,,185/75R16,,,,,,,,,,,,,,,,,,,,,,,,,,,2.6096,,niiat,kratkii_avtomobilnyi_spravochnik_niiat_tom_1_2002.pdf,,2026-09-22T14:44:07+00:00,Exact GAZ-322100 specifications list 185/75R16 at both axles. Tyre evidence: exact-model-specification; GAZ-322100 vehicle specification; locator: front/rear tyre size
vp-a80d4f,ГАЗ,ГАЗ-3269-0000010,,,,RU/CIS,bus,M2,,,,,,,,ICE,,Gasoline,,,,,,,,,,,,,2440,2400.0,2480.0,3375,3250.0,3500.0,935,ok,single,,,13.0,,5500.0,,,2075.0,,,2200.0,,,2900.0,,,,,,,,,,,,,,,,,,,,,,,,,,,,,,,,2.6096,,niiat,kratkii_avtomobilnyi_spravochnik_niiat_tom_1_2002.pdf,,2026-09-23T07:56:50.664101+00:00,"OCR lines 2256-2389. curb_mass_kg/gross_mass_kg are given as ranges 2400-2480 / 3250-3500. Engine (added): source states no single engine specific to mod. 3269-0000010/-02 -- the final-drive-ratio line confirms only petrol engines are fitted to this body ('5,125 (дв. ЗМЗ) или 4,556 (дв. УМЗ)', OCR line ~2578), ruling out the ГАЗ-560 diesel offered for other GAZ-2705-based bodies in this catalog. Five alternative factory petrol engines are listed without indicating which is standard for this VIN suffix: ЗМЗ-4026.10 2445cc, 63.4 kW (4500 rpm); ЗМЗ-4061.10 2300cc, 64.8 kW (4500 rpm); ЗМЗ-4063.10 2300cc, 72.2 kW (4500 rpm); УМЗ-4215.10-10 2890cc, 65.4 kW (4000 rpm); УМЗ-4215.10 2890cc, 70.5 kW (4000 rpm) (OCR lines 2393-2523). power_kw and engine_displacement_cc left blank -- no modification-specific engine stated, so no single value can be picked without guessing; powertrain=ICE and energy_carrier=Gasoline are confirmed because no diesel is offered for this body. Power figures already given in kW in the source, no л.с. conversion needed."
vp-b07252,ГАЗ,ГАЗ-3269-0000010-02,,,,RU/CIS,bus,M2,,,,,,,,ICE,,Gasoline,,,,,,,,,,,,,2440,2400.0,2480.0,3375,3250.0,3500.0,935,ok,single,,,8.0,,5500.0,,,2075.0,,,2200.0,,,2900.0,,,,,,,,,,,,,,,,,,,,,,,,,,,,,,,,2.6096,,niiat,kratkii_avtomobilnyi_spravochnik_niiat_tom_1_2002.pdf,,2026-09-23T07:56:50.664101+00:00,"OCR lines 2256-2389. curb_mass_kg/gross_mass_kg are given as ranges 2400-2480 / 3250-3500, shared with the other 3269 body sub-variants in this table. Engine (added): source states no single engine specific to mod. 3269-0000010/-02 -- the final-drive-ratio line confirms only petrol engines are fitted to this body ('5,125 (дв. ЗМЗ) или 4,556 (дв. УМЗ)', OCR line ~2578), ruling out the ГАЗ-560 diesel offered for other GAZ-2705-based bodies in this catalog. Five alternative factory petrol engines are listed without indicating which is standard for this VIN suffix: ЗМЗ-4026.10 2445cc, 63.4 kW (4500 rpm); ЗМЗ-4061.10 2300cc, 64.8 kW (4500 rpm); ЗМЗ-4063.10 2300cc, 72.2 kW (4500 rpm); УМЗ-4215.10-10 2890cc, 65.4 kW (4000 rpm); УМЗ-4215.10 2890cc, 70.5 kW (4000 rpm) (OCR lines 2393-2523). power_kw and engine_displacement_cc left blank -- no modification-specific engine stated, so no single value can be picked without guessing; powertrain=ICE and energy_carrier=Gasoline are confirmed because no diesel is offered for this body. Power figures already given in kW in the source, no л.с. conversion needed."
vp-06d121,ПАЗ,ПАЗ-3205-110,,,,RU/CIS,bus,M3,,,4x2,,,2.0,1.0,ICE,,Gasoline,4670.0,96.0,,,,,,,,,,,4720.0,,,7705.0,,,2985.0,ok,single,,,41.0,,7000.0,,,2500.0,,,2960.0,,,3600.0,,,,,8.25R20,,,,,,,,,,,,,,,,,,,,,,,,,,,1.5812,20.34,niiat,kratkii_avtomobilnyi_spravochnik_niiat_tom_1_2002.pdf,,2026-09-22T14:17:09+00:00,"The project tyre catalogue already transcribes NIIAT printed p.230 as the radial 8.25 R20 PAZ-3205 family table. This records the source-backed family size, not a claim that every modification used one unique tyre brand. Tyre evidence: same-source-family-table; kratkii_avtomobilnyi_spravochnik_niiat_tom_1_2002.pdf; locator: printed p. 230; PAZ-3205 tyre-service table; secondary: https://www.autoopt.ru/auto/encyclopedia/bus/paz/mark/paz-3205-110"
vp-85cdee,ПАЗ,ПАЗ-32051-110,,,,RU/CIS,bus,M3,,,4x2,,,2.0,1.0,ICE,,Gasoline,4670.0,96.0,,,,,,,,,,,4680.0,,,7735.0,,,3055.0,ok,single,,,42.0,,7000.0,,,2500.0,,,2960.0,,,3600.0,,,,,8.25R20,,,,,,,,,,,,,,,,,,,,,,,,,,,1.5319,20.51,niiat,kratkii_avtomobilnyi_spravochnik_niiat_tom_1_2002.pdf,,2026-09-22T14:17:09+00:00,"The project tyre catalogue already transcribes NIIAT printed p.230 as the radial 8.25 R20 PAZ-3205 family table. This records the source-backed family size, not a claim that every modification used one unique tyre brand. Tyre evidence: same-source-family-table; kratkii_avtomobilnyi_spravochnik_niiat_tom_1_2002.pdf; locator: printed p. 230; PAZ-3205 tyre-service table; secondary: https://www.autoopt.ru/auto/encyclopedia/bus/paz/mark/paz-3205-110"
vp-92b243,ПАЗ,ПАЗ-3205-110-50,,,,RU/CIS,bus,M3,,,4x2,,,2.0,1.0,ICE,,Gasoline,4670.0,96.0,,,,,,,,,,,4890.0,,,7610.0,,,2720.0,ok,single,,,36.0,,7000.0,,,2500.0,,,2960.0,,,3600.0,,,,,8.25R20,,,,,,,,,,,,,,,,,,,,,,,,,,,1.7978,19.63,niiat,kratkii_avtomobilnyi_spravochnik_niiat_tom_1_2002.pdf,,2026-09-22T14:17:09+00:00,"The project tyre catalogue already transcribes NIIAT printed p.230 as the radial 8.25 R20 PAZ-3205 family table. This records the source-backed family size, not a claim that every modification used one unique tyre brand. Tyre evidence: same-source-family-table; kratkii_avtomobilnyi_spravochnik_niiat_tom_1_2002.pdf; locator: printed p. 230; PAZ-3205 tyre-service table; secondary: https://www.autoopt.ru/auto/encyclopedia/bus/paz/mark/paz-3205-110"
vp-77b4e8,ПАЗ,ПАЗ-32051-110-50,,,,RU/CIS,bus,M3,,,4x2,,,2.0,1.0,ICE,,Gasoline,4670.0,96.0,,,,,,,,,,,4890.0,,,7610.0,,,2720.0,ok,single,,,36.0,,7000.0,,,2500.0,,,2960.0,,,3600.0,,,,,8.25R20,,,,,,,,,,,,,,,,,,,,,,,,,,,1.7978,19.63,niiat,kratkii_avtomobilnyi_spravochnik_niiat_tom_1_2002.pdf,,2026-09-22T14:17:09+00:00,"The project tyre catalogue already transcribes NIIAT printed p.230 as the radial 8.25 R20 PAZ-3205 family table. This records the source-backed family size, not a claim that every modification used one unique tyre brand. Tyre evidence: same-source-family-table; kratkii_avtomobilnyi_spravochnik_niiat_tom_1_2002.pdf; locator: printed p. 230; PAZ-3205 tyre-service table; secondary: https://www.autoopt.ru/auto/encyclopedia/bus/paz/mark/paz-3205-110"
vp-d39498,ПАЗ,ПАЗ-3205-110-60,,,,RU/CIS,bus,M3,,,4x2,,,2.0,1.0,ICE,,Gasoline,4670.0,96.0,,,,,,,,,,,4950.0,,,7940.0,,,2990.0,ok,single,,,41.0,,7000.0,,,2500.0,,,2960.0,,,3600.0,,,,,8.25R20,,,,,,,,,,,,,,,,,,,,,,,,,,,1.6555,19.39,niiat,kratkii_avtomobilnyi_spravochnik_niiat_tom_1_2002.pdf,,2026-09-22T14:17:09+00:00,"The project tyre catalogue already transcribes NIIAT printed p.230 as the radial 8.25 R20 PAZ-3205 family table. This records the source-backed family size, not a claim that every modification used one unique tyre brand. Tyre evidence: same-source-family-table; kratkii_avtomobilnyi_spravochnik_niiat_tom_1_2002.pdf; locator: printed p. 230; PAZ-3205 tyre-service table; secondary: https://www.autoopt.ru/auto/encyclopedia/bus/paz/mark/paz-3205-110"
vp-99d001,ПАЗ,ПАЗ-32051-110-60,,,,RU/CIS,bus,M3,,,4x2,,,2.0,1.0,ICE,,Gasoline,4670.0,96.0,,,,,,,,,,,4910.0,,,7965.0,,,3055.0,ok,single,,,42.0,,7000.0,,,2500.0,,,2960.0,,,3600.0,,,,,8.25R20,,,,,,,,,,,,,,,,,,,,,,,,,,,1.6072,19.55,niiat,kratkii_avtomobilnyi_spravochnik_niiat_tom_1_2002.pdf,,2026-09-22T14:17:09+00:00,"The project tyre catalogue already transcribes NIIAT printed p.230 as the radial 8.25 R20 PAZ-3205 family table. This records the source-backed family size, not a claim that every modification used one unique tyre brand. Tyre evidence: same-source-family-table; kratkii_avtomobilnyi_spravochnik_niiat_tom_1_2002.pdf; locator: printed p. 230; PAZ-3205 tyre-service table; secondary: https://www.autoopt.ru/auto/encyclopedia/bus/paz/mark/paz-3205-110"
vp-012023,ПАЗ,ПАЗ-320507-110,,,,RU/CIS,bus,M3,,,4x2,,,2.0,1.0,ICE,,Gasoline,4670.0,96.0,,,,,,,,,,,4720.0,,,7705.0,,,2985.0,ok,single,,,41.0,,7000.0,,,2500.0,,,2960.0,,,3600.0,,,,,8.25R20,,,,,,,,,,,,,,,,,,,,,,,,,,,1.5812,20.34,niiat,kratkii_avtomobilnyi_spravochnik_niiat_tom_1_2002.pdf,,2026-09-22T14:17:09+00:00,"The project tyre catalogue already transcribes NIIAT printed p.230 as the radial 8.25 R20 PAZ-3205 family table. This records the source-backed family size, not a claim that every modification used one unique tyre brand. Tyre evidence: same-source-family-table; kratkii_avtomobilnyi_spravochnik_niiat_tom_1_2002.pdf; locator: printed p. 230; PAZ-3205 tyre-service table; secondary: https://www.autoopt.ru/auto/encyclopedia/bus/paz/mark/paz-3205-110"
vp-9cdf81,ПАЗ,ПАЗ-320517-110,,,,RU/CIS,bus,M3,,,4x2,,,2.0,1.0,ICE,,Gasoline,4670.0,96.0,,,,,,,,,,,4680.0,,,7735.0,,,3055.0,ok,single,,,42.0,,7000.0,,,2500.0,,,2960.0,,,3600.0,,,,,8.25R20,,,,,,,,,,,,,,,,,,,,,,,,,,,1.5319,20.51,niiat,kratkii_avtomobilnyi_spravochnik_niiat_tom_1_2002.pdf,,2026-09-22T14:17:09+00:00,"The project tyre catalogue already transcribes NIIAT printed p.230 as the radial 8.25 R20 PAZ-3205 family table. This records the source-backed family size, not a claim that every modification used one unique tyre brand. Tyre evidence: same-source-family-table; kratkii_avtomobilnyi_spravochnik_niiat_tom_1_2002.pdf; locator: printed p. 230; PAZ-3205 tyre-service table; secondary: https://www.autoopt.ru/auto/encyclopedia/bus/paz/mark/paz-3205-110"
vp-79cc80,ПАЗ,ПАЗ-3205-110-20,,,,RU/CIS,bus,M3,,,4x2,,,2.0,1.0,ICE,,Gasoline,4670.0,96.0,,,,,,,,,,,5110.0,,,7740.0,,,2630.0,ok,single,,,11.0,,7000.0,,,2500.0,,,2960.0,,,3600.0,,,,,8.25R20,,,,,,,,,,,,,,,,,,,,,,,,,,,1.943,18.79,niiat,kratkii_avtomobilnyi_spravochnik_niiat_tom_1_2002.pdf,,2026-09-22T14:17:09+00:00,"The project tyre catalogue already transcribes NIIAT printed p.230 as the radial 8.25 R20 PAZ-3205 family table. This records the source-backed family size, not a claim that every modification used one unique tyre brand. Tyre evidence: same-source-family-table; kratkii_avtomobilnyi_spravochnik_niiat_tom_1_2002.pdf; locator: printed p. 230; PAZ-3205 tyre-service table; secondary: https://www.autoopt.ru/auto/encyclopedia/bus/paz/mark/paz-3205-110"
vp-e9659c,ПАЗ,ПАЗ-3205-110-21,,,,RU/CIS,bus,M3,,,4x2,,,2.0,1.0,ICE,,Gasoline,4670.0,96.0,,,,,,,,,,,5015.0,,,8015.0,,,3000.0,ok,single,,,11.0,,7000.0,,,2500.0,,,2960.0,,,3600.0,,,,,8.25R20,,,,,,,,,,,,,,,,,,,,,,,,,,,1.6717,19.14,niiat,kratkii_avtomobilnyi_spravochnik_niiat_tom_1_2002.pdf,,2026-09-22T14:17:09+00:00,"The project tyre catalogue already transcribes NIIAT printed p.230 as the radial 8.25 R20 PAZ-3205 family table. This records the source-backed family size, not a claim that every modification used one unique tyre brand. Tyre evidence: same-source-family-table; kratkii_avtomobilnyi_spravochnik_niiat_tom_1_2002.pdf; locator: printed p. 230; PAZ-3205 tyre-service table; secondary: https://www.autoopt.ru/auto/encyclopedia/bus/paz/mark/paz-3205-110"
vp-b36ec6,ПАЗ,ПАЗ-3205-110-22,,,,RU/CIS,bus,M3,,,4x2,,,2.0,1.0,ICE,,Gasoline,4670.0,96.0,,,,,,,,,,,5080.0,,,8015.0,,,2935.0,ok,single,,,6.0,,7000.0,,,2500.0,,,2960.0,,,3600.0,,,,,8.25R20,,,,,,,,,,,,,,,,,,,,,,,,,,,1.7308,18.9,niiat,kratkii_avtomobilnyi_spravochnik_niiat_tom_1_2002.pdf,,2026-09-22T14:17:09+00:00,"The project tyre catalogue already transcribes NIIAT printed p.230 as the radial 8.25 R20 PAZ-3205 family table. This records the source-backed family size, not a claim that every modification used one unique tyre brand. Tyre evidence: same-source-family-table; kratkii_avtomobilnyi_spravochnik_niiat_tom_1_2002.pdf; locator: printed p. 230; PAZ-3205 tyre-service table; secondary: https://www.autoopt.ru/auto/encyclopedia/bus/paz/mark/paz-3205-110"
vp-1ffb60,ПАЗ,ПАЗ-3205-110-80,,,,RU/CIS,bus,M3,,,4x2,,,2.0,1.0,ICE,,Gasoline,4670.0,96.0,,,,,,,,,,,4623.0,,,,,,,,single,,,16.0,,7000.0,,,2500.0,,,2960.0,,,3600.0,,,,,8.25R20,,,,,,,,,,,,,,,,,,,,,,,,,,,,20.77,niiat,kratkii_avtomobilnyi_spravochnik_niiat_tom_1_2002.pdf,,2026-09-22T14:17:09+00:00,"The project tyre catalogue already transcribes NIIAT printed p.230 as the radial 8.25 R20 PAZ-3205 family table. This records the source-backed family size, not a claim that every modification used one unique tyre brand. Tyre evidence: same-source-family-table; kratkii_avtomobilnyi_spravochnik_niiat_tom_1_2002.pdf; locator: printed p. 230; PAZ-3205 tyre-service table; secondary: https://www.autoopt.ru/auto/encyclopedia/bus/paz/mark/paz-3205-110"
vp-f0ebfe,Volkswagen,Beetle (Type 1),"1600, US spec sedan",,1974.0,US,car,M1,,,,,,2,,ICE,,Gasoline,1641.0,34.0,129.0,,,,,,,,,,816.0,,,,,,,,single,,,,,4150.0,,,1549.0,,,,,,2400.0,,,,,,,,,,,,,,,,,,,,,,,,,,,,,,,,,41.67,web-cited,manual_vehicles.csv,https://www.conceptcarz.com/s7068/volkswagen-beetle.aspx,2026-09-23T07:56:50.664101+00:00,"US-market 1974 Beetle (Type 1) sedan, 1.6L air-cooled flat-4. Dimensions converted from inches (in*25.4=mm). Height, top speed and 0-100 not published on this source page."
vp-d8ce2d,Volkswagen,Golf,"Mk1, 1.1L 50PS, 5-door hatchback",Mk1,1974.0,Germany/Europe,car,M1,,,,,,2,,ICE,,Gasoline,1093.0,36.5,79.0,,,,,,,,,,750.0,,,,,,,,single,,,,,3708.0,,,1613.0,,,,,,2400.0,,,,,,,,,,,,,,,,,,140.0,16.5,,,,,,,,,,,,,,48.67,web-cited,manual_vehicles.csv,https://www.carfolio.com/volkswagen-golf-1.1-l-42262,2026-09-23T07:56:50.664101+00:00,"Base 1.1L 50PS trim, launch year 1974 (Italdesign-penned Mk1). Height not stated on this page."
vp-4ae922,Lada (VAZ),2101 Zhiguli,1.2L base,,1970.0,USSR,car,M1,,,,,,2,,ICE,,Gasoline,1198.0,44.0,87.0,,,,,,,,,,945.0,,,,,,,,single,,,,,4075.0,,,1610.0,,,1382.0,,,2424.0,,,,,,,,,,,,,,,,,,140.0,20.0,,,,,,,,,,,,,,46.56,web-cited,manual_vehicles.csv,https://en.wikipedia.org/wiki/VAZ-2101,2026-09-23T07:56:50.664101+00:00,"DIN power figure (44kW/60PS) used for power_kw; GOST rating was 46kW/62PS, noted as alternate."
vp-795fec,Fiat,126,base 594cc,,1972.0,Italy,car,M1,,,,,,2,,ICE,,Gasoline,594.0,17.2,39.0,,,,,,,,,,580.0,,,920.0,,,340.0,ok,single,,,5.0,,3054.0,,,1378.0,,,1302.0,,,1840.0,,,,,,,,,,,,,,,,,,109.0,,,,,,,,,,,,,,1.7059,29.66,web-cited,manual_vehicles.csv,https://www.carfolio.com/fiat-126-38016,2026-09-23T07:56:50.664101+00:00,"Launch trim, introduced October 1972 (page dated to 1973 model year). Top speed/acceleration not stated on this page."
vp-09a7e4,Citroen,2CV,"2CV6 (602cc), pre-1975 emissions rating",,1970.0,France/Europe,car,M1,,,,,,2,,ICE,,Gasoline,602.0,21.0,,,,,,,,,,,600.0,,,,,,,,single,,,,,3860.0,,,1480.0,,,1600.0,,,2400.0,,,,,,,,,,,,,,,,,,,,,,,,,,,,,,,,,35.0,web-cited,manual_vehicles.csv,https://en.wikipedia.org/wiki/Citro%C3%ABn_2CV,2026-09-23T07:56:50.664101+00:00,"Dimensions/weight are from the article's general specification table applying across most 2CV production, not a single model-year figure. Power (21kW) is the pre-1975 2CV6 rating implied by the article. No torque, top speed or 0-100 found for this variant on this page."
vp-b100e8,Ford,Escort,"Mk1, 1100 Saloon",Mk1,1968.0,UK,car,M1,,,,,,2,,ICE,,Gasoline,1098.0,41.0,81.0,,,,,,,,,,805.0,,,,,,,,single,,,,,3978.0,,,1570.0,,,1346.0,,,2400.0,,,,,,,,,,,,,,,,,,132.0,,,,,,,,,,,,,,,50.93,web-cited,manual_vehicles.csv,https://www.carfolio.com/ford-escort-1100-saloon-66143,2026-09-23T07:56:50.664101+00:00,Base 1100 Saloon trim. Page gives 0-80 km/h (13.1s) rather than 0-100; acceleration_0_100_s left blank rather than convert/estimate.
vp-179447,Renault,4,GTL,,1984.0,France/Europe,car,M1,,,,,,2,,ICE,,Gasoline,1108.0,25.4,74.0,,,,,,,,,,720.0,,,,,,,,single,,,,,3670.0,,,1480.0,,,1550.0,,,2450.0,,,,,,,,,,,,,,,,,,121.0,,,,,,,,,,,,,,,35.28,web-cited,manual_vehicles.csv,https://www.carfolio.com/renault-4-gtl-71885,2026-09-23T07:56:50.664101+00:00,"Sourced page is a 1984 GTL example; the R4's mechanical spec was essentially unchanged through most of its 1961-1992 production run, and GTL was the best-selling late trim. 0-100 not stated (only quarter-mile 22.4s given)."
vp-ee2b5d,Renault,5,956cc launch engine (e.g. TL),,1972.0,France/Europe,car,M1,,,,,,2,,ICE,,Gasoline,956.0,,,,,,,,,,,,770,730.0,810.0,,,,,,single,,,,,3521.0,,,1525.0,,,1410.0,,,2419.0,,,,,,,,,,,,,,,0.37,,,,,,,,,,,,,,,,,,,web-cited,manual_vehicles.csv,https://en.wikipedia.org/wiki/Renault_5,2026-09-23T07:56:50.664101+00:00,curb_mass_kg is the article's stated 730-810kg range for launch-era models (not tied to one specific trim). Power/torque/top speed not found on this page for the base 1972 models; larger 956cc launch engine chosen over the 782cc option as more representative (roughly the TL trim).
vp-f73037,Austin/Morris,Mini,Mini 1000,,1978.0,UK,car,M1,,,,,,2,,ICE,,Gasoline,998.0,29.1,69.0,,,,,,,,,,616.0,,,,,,,,single,,,,,3056.0,,,1410.0,,,1346.0,,,2037.0,,,,,,,,,,,,,,,,,,,,,,,,,,,,,,,,,47.24,web-cited,manual_vehicles.csv,https://www.carfolio.com/mini-1000-63723,2026-09-23T07:56:50.664101+00:00,"1978 model year Mini 1000, 2-door saloon. Top speed and 0-100 not stated on this page."
vp-d1b9e0,Trabant,601,saloon,,1964.0,East Germany,car,M1,,,,,,2,,ICE,,Gasoline,594.0,19.1,54.0,,,,,,,,,,615.0,,,,,,,,single,,,,,3555.0,,,1505.0,,,1440.0,,,2020.0,,,,,,,,,,,,,,,,,,100.0,,,,,,,,,,,,,,,31.06,web-cited,manual_vehicles.csv,https://en.wikipedia.org/wiki/Trabant_601,2026-09-23T07:56:50.664101+00:00,Year recorded as production start (1964); spec was largely static across the model's long run. 0-100 acceleration not stated on this page.
vp-86dbde,Toyota,Corolla,"E30, 1.3L 4K-C (KE55/KE70)",E30,1979.0,Australia,car,M1,,,,,,2,,ICE,,Gasoline,1290.0,45.0,,,,,,,,,,,870,785.0,955.0,,,,,,single,,,,,3995.0,,,1570.0,,,1383,1375.0,1390.0,2370.0,,,,,,,,,,,,,,,,,,,,,,,,,,,,,,,,,51.72,web-cited,manual_vehicles.csv,https://en.wikipedia.org/wiki/Toyota_Corolla_(E30),2026-09-23T07:56:50.664101+00:00,"Australian-market 4K-C 1.3L engine, introduced Nov 1978, within the requested ~1979 E30 generation window. Height and curb weight given only as wide ranges (15mm / 170kg spread) across trims/body styles on this page -- recorded as ranges (height 1375-1390mm, curb weight 785-955kg) rather than a fabricated midpoint. No torque, top speed, or 0-100 found on this page."
vp-d25ace,Datsun/Nissan,Sunny,"B310, 1.4L A14 (JDM)",B310,1977.0,Japan,car,M1,,,,,,2,,ICE,,Gasoline,1397.0,59.0,,,,,,,,,,,907.0,,,,,,,,single,,,,,3940.0,,,1590.0,,,1365.0,,,2340.0,,,,,,,,,,,,,,,,,,,,,,,,,,,,,,,,,65.05,web-cited,manual_vehicles.csv,https://en.wikipedia.org/wiki/Datsun_Sunny,2026-09-23T07:56:50.664101+00:00,"B310 generation (1977-1981), JDM A14 1.4L engine, JIS gross power rating used (59kW); DIN/Europe rating was lower (46kW). Curb weight is a general B310 figure on this page, not stated as specific to the A14 engine trim. No torque, top speed, or 0-100 found on this page."
vp-1620b0,Honda,Civic,"1st generation, EB1 1169cc, 3-door hatchback",SB1,1972.0,Japan,car,M1,,,,,,2,,ICE,,Gasoline,1169.0,37.0,,,,,,,,,,,695,600.0,790.0,,,,,,single,,,,,,,,1505.0,,,1328,1325.0,1330.0,2200.0,,,,,,,,,,,,,,,,,,,,,,,5.9,,,,,,,,,,53.24,web-cited,manual_vehicles.csv,https://en.wikipedia.org/wiki/Honda_Civic_(first_generation),2026-09-23T07:56:50.664101+00:00,"Launch trim, base EB1 1169cc engine (~50hp/37kW, approximate per source). Length given only as a wide range across body styles/years with no specific figure in this quote -- left blank. Curb weight (600-790kg) and height (1325-1330mm) recorded as the quote's stated ranges. fuel_consumption_combined value (5.9 l/100km) is actually a highway rating, not a combined-cycle figure -- recorded with this caveat since no combined figure was found. Chassis code SB1 designates the 1st-generation (1972-1979) Civic 3-door hatchback body style, per Wikipedia: ""First generation (SB1/SG/SH/SE/VB)"" and ""3/5-door hatchback (SB1/SG)"" (https://en.wikipedia.org/wiki/Honda_Civic_(first_generation))."
vp-ee27ff,Opel,Kadett,"Kadett C, 1.2 (52 Hp)",Kadett C,1973.0,Germany/Europe,car,M1,,,,,,2,,ICE,,Gasoline,1196.0,39.0,80.0,,,,,,,,,,785.0,,,,,,,,single,,,,,4124.0,,,1580.0,,,1375.0,,,2395.0,,,,,,,,,,,,,,,,,,130.0,21.5,,,,8.5,,,,,,,,,,49.68,web-cited,manual_vehicles.csv,https://www.auto-data.net/en/opel-kadett-c-1.2-52hp-1938,2026-09-23T07:56:50.664101+00:00,"Base 1.2L 52hp sedan trim, launch year 1973. Power converted from 52hp to kW (52*0.7457=38.8, rounded 39)."
vp-534f66,Chevrolet,Chevette,"1.6L OHC, North America",,1976.0,US,car,M1,,,,,,2,,ICE,,Gasoline,1599.0,45.0,,,,,,,,,,,880,836.0,923.0,,,,,,single,,,,,4161.0,,,1570.0,,,1325.0,,,2420.0,,,,,,,,,,,,,,,,,,,,,,,,,,,,,,,,,51.14,web-cited,manual_vehicles.csv,https://en.wikipedia.org/wiki/Chevrolet_Chevette,2026-09-23T07:56:50.664101+00:00,"North American 1976 model year, optional 1.6L OHC engine (used upper 60hp/45kW figure of the stated 52-60hp range). curb_mass_kg is the article's 836-923kg range across trims. Wheelbase is the 2-door figure. No torque, top speed, or 0-100 found on this page."
vp-9fae94,Toyota,RAV4,LE FWD,XA50,2022.0,USA,car,M1,,,,,,2,,ICE,,Gasoline,2487.0,151.0,250.0,,,,,,,,,,1529.0,,,,,,,,single,,,,,4595.0,,,1854.0,,,1702.0,,,2690.0,,,,,225/65R17,,,,,,,,,,,,,,,,8.8,6.8,7.8,,,,,,184,,,,98.76,web-cited,manual_vehicles.csv,https://www.carfolio.com/toyota-rav4-le-776468,2026-09-23T07:56:50.664101+00:00,"2022 model year US LE FWD trim, current-gen (XA50) ICE (non-hybrid) RAV4 -- distinct from existing 'RAV4 Hybrid LE' 2022 row in dataset. GVWR, drag_coef, CO2 g/km not found in fetched source."
vp-c8872f,Toyota,Camry Hybrid,Active (EU spec),XV70,2021.0,UK/EU,car,M1,,,,,,2,,Hybrid,HEV,Gasoline,2487.0,131.0,221.0,1.6,88.3,,,,,,,,1595.0,,,2100.0,,,505.0,ok,single,,,,,4885.0,,,1840.0,,,1445.0,,,2825.0,,,,,215/55R17,,,,,,,,,,,,,180.0,8.3,,,,4.3,,,,,,98.0,,,3.1584,82.13,web-cited,manual_vehicles.csv,https://www.carfolio.com/toyota-camry-2.5-hybrid-745932,2026-09-23T07:56:50.664101+00:00,"2021 EU-spec Camry Hybrid (XV70). Engine max power/torque and hybrid motor max power reported separately (not summed) since source gives no combined system figure -- same non-fabrication principle as the Outlander PHEV row. Battery capacity 1.6kWh NiMH is the global spec per Wikipedia (US LE model reportedly uses 1.0kWh Li-ion instead, not confirmed for this exact EU trim)."
vp-0166fb,Honda,Civic,Sedan Sport (2.0L non-turbo),FE2,2023.0,USA,car,M1,,,,,,2,,ICE,,Gasoline,1996.0,118.0,187.0,,,,,,,,,,1331.0,,,,,,,,single,,,,,4674.0,,,1801.0,,,1415.0,,,2736.0,,,,,235/40R18,,,,,,,,,,,,,,,,,,7.6,,,,,,,,,,88.66,web-cited,manual_vehicles.csv,https://www.carfolio.com/honda-civic-sedan-sport-791373,2026-09-23T07:56:50.664101+00:00,"2023 11th-generation Civic Sedan Sport, base 2.0L non-turbo engine (shared with LX). Distinct from the only existing Civic row (1st-gen, 1972). Curb weight for LX trim independently found at 2877 lb (1305 kg) via a Honda dealer research page (headquarterhonda.com), close to but not identical to this carfolio figure -- trim-dependent. Drag coefficient and CO2 g/km not found in fetched sources. Chassis code FE2 designates the 11th-gen Civic sedan fitted with the 2.0L naturally aspirated K20C2 engine (158 hp/118 kW), matching this trim's non-turbo powertrain, per Wikipedia's 11th-gen Civic engine table listing the K20C2 (158 hp/118 kW) under chassis code FE2 vs. the turbo L15B7 under FE1 (https://en.wikipedia.org/wiki/Honda_Civic_(eleventh_generation))."
vp-265046,Honda,CR-V,EX-L FWD,RS3,2023.0,USA,car,M1,,,,,,2,,ICE,,Gasoline,1498.0,142.0,243.0,,,,,,,,,,1599.0,,,,,,,,single,,,,,4694.0,,,1867.0,,,1681.0,,,2700.0,,,,,235/60R18,,,,,,,,,,,,,,,,8.4,7.1,7.8,,,,,,181,,,,88.81,web-cited,manual_vehicles.csv,https://www.carfolio.com/honda-cr-v-ex-l-791274,2026-09-23T07:56:50.664101+00:00,"2023 sixth-generation CR-V, EX-L FWD trim, 1.5L turbo gasoline (non-hybrid). Drag coefficient and CO2 g/km not found in fetched sources. Chassis code RS3 is the 6th-gen CR-V's 1.5L L15BE turbo-petrol variant. INFERRED: the source lists codes RS3/RS4 together for this engine without stating which is FWD; RS3 is taken as the FWD car to match this row's EX-L FWD trim. The generation (6th) is certain; the RS3-vs-RS4 split is not directly cited, per Wikipedia: ""1.5 L L15BE I4 turbo petrol"" listed under codes RS3/RS4 (https://en.wikipedia.org/wiki/Honda_CR-V_(sixth_generation))."
vp-1f02fe,Honda,Accord,LX,CY1,2023.0,USA,car,M1,,,,,,2,,ICE,,Gasoline,1498.0,143.0,260.0,,,,,,,,,,1469.0,,,,,,,,single,,,,,4971.0,,,1862.0,,,1450.0,,,2830.0,,,,,225/50R17,,,,,,,,,,,,,,,,8.1,6.4,7.4,,,,,,171,,,,97.35,web-cited,manual_vehicles.csv,https://www.carfolio.com/honda-accord-lx-792066,2026-09-23T07:56:50.664101+00:00,"2023 11th-generation Accord LX, 1.5L turbo (only gas engine offered on LX/EX; 2.0T retired for this generation). Drag coefficient and CO2 g/km not found in fetched source. Chassis code CY1 designates the 11th-gen Accord, per Dimensions.com: ""Honda Accord (CY1 - 11th Gen)"" (https://www.dimensions.com/element/honda-accord-cy1-11th-gen); INFERRED: CY2 is understood to be the e:HEV hybrid code, so CY1 is used here for the non-hybrid LX, but the page carrying that hybrid/non-hybrid split returned HTTP 403 and could not be fetched. The generation (11th, CY) is cited; the CY1-vs-CY2 split is not."
vp-81336c,Ford,F-150,XLT SuperCrew 5.5ft box 2WD (3.3L V6),P702,2021.0,USA,truck,N1,,,,,,,,ICE,,Gasoline,3300.0,216.0,359.0,,,,,,,,,,2025.0,,,2835.0,,,810.0,ok,single,,,,,5893.0,,,2032.0,,,1930.0,,,3683.0,,,,,P245/70R17,,,,,,,,,,,,,,,,13.1,10,11.7,,,,,,274,,,2.5,106.67,web-cited,manual_vehicles.csv,https://www.cars.com/research/ford-f_150-2021/specs/416690/,2026-09-23T07:56:50.664101+00:00,"Engine displacement 3300cc is the nominal 3.3L figure (exact cc not stated in either fetched source). Two sources used: cars.com (weights/dims/tyre, this row's source_url) and https://en.wikipedia.org/wiki/Ford_F-Series_(fourteenth_generation) (engine output, cited in quote). Regular gasoline F-150, distinct from existing 'F-150 Lightning 4WD' EV row; classified truck/N1 to match that existing row's convention. Drag coefficient, top speed, 0-100 time, fuel consumption, CO2 not found. Platform code P702 designates the 14th-generation F-150 (2021-present), per Wikipedia infobox: ""Fourteenth-generation Ford F-Series (P702)"" (https://en.wikipedia.org/wiki/Ford_F-Series_(fourteenth_generation))."
vp-ae64b8,Ford,Ranger,Double Cab High Rider XLT 4x4 3.2 TDCi,,2019.0,South Africa,truck,N1,,,4x4,,,2.0,2.0,ICE,,Diesel,3198.0,147.0,470.0,,,,,,,,,,2159.0,,,3200.0,,,1041.0,ok,single,,,,,5354.0,,,1860.0,,,1851.0,,,3220.0,,,,,265/65R17 112T,,,,,,,,,,,,,,,,,,,,,,,,225.0,,,2.074,68.09,web-cited,manual_vehicles.csv,https://www.carfolio.com/ford-ranger-double-cab-high-rider-3.2-tdci-xlt-4x4-645227,2026-09-22T14:17:09+00:00,Ford owner data includes 265/65R17 112T; an exact 3.2 TDCi XLT 4x4 listing corroborates 265/65R17 front/rear. Tyre evidence: manufacturer-spec-plus-exact-trim-corroboration; https://www.fordservicecontent.com/Ford_Content/vdirsnet/OwnerManual/Home/Content?ProcUid=G1970540&Uid=G1970539&buildtype=web&countryCode=USA&div=f&languageCode=en&vFilteringEnabled=False&variantid=6124; locator: Wheels and Tires → Technical Specifications; secondary: https://www.changecars.co.za/new-or-used-cars-for-sale/gauteng/vanderbijlpark/extended-cab/ford/ranger/3-2-tdci-xlt/1209489
vp-30d053,Chevrolet,Silverado 1500,"Crew Cab 6'6"" box, base 5.3L V8",T1XX,2019.0,USA,truck,N1,,,,,,,,ICE,,Gasoline,,265.0,519.0,,,,,,,,,,2224,2176.0,2272.0,,,,,,single,,,,,6126.0,,,2062.0,,,1925,1920.0,1930.0,3988.0,,,,,,,,,,,,,,,,,,,,,,,,,,,,,,,,,119.15,web-cited,manual_vehicles.csv,https://en.wikipedia.org/wiki/Chevrolet_Silverado,2026-09-23T07:56:50.664101+00:00,"2019 (T1XX fourth-generation) Silverado 1500 Crew Cab 6'6"" box, base 5.3L V8 EcoTec3. Curb weight and height are ranges in the source (vary by drivetrain/trim); GVWR, tyre size, drag coefficient, fuel consumption, CO2 not found."
vp-cda378,Nissan,Sentra,SV,B18,2020.0,USA,car,M1,,,,,,2,,ICE,,Gasoline,1997.0,111.0,198.0,,,,,,,,,,1381.0,,,1795.0,,,414.0,ok,single,,,5.0,,4641.0,,,1816.0,,,1445.0,,,2713.0,,,,,205/55R16,,,,,,,,Continuously variable transmission (CVT),,0.27,,,,,,9.4,6.4,7.4,,,,,,188,,,3.3357,80.38,web-cited,manual_vehicles.csv,https://www.carfolio.com/nissan-sentra-sv-622017,2026-09-23T07:56:50.664101+00:00,"2020 model year (current B18-generation, launched for MY2020), SV trim, US market. CO2 g/km not found."
vp-490c61,Hyundai,Tucson,SE AWD,NX4,2022.0,USA,car,M1,,,,,,2,,ICE,,Gasoline,2497.0,139.0,242.0,,,,,,,,,,1568.0,,,,,,,,single,,,,,4630.0,,,1864.0,,,1684.0,,,2756.0,,,,,235/65R17,,,,,,,,,,0.33,,,,,,9.1,7.1,9.0,,,,,,194,,,,88.65,web-cited,manual_vehicles.csv,https://www.carfolio.com/hyundai-tucson-se-awd-776688,2026-09-23T07:56:50.664101+00:00,"2022 model year, current-gen (NX4) Tucson, SE AWD trim, ICE non-hybrid, US market -- distinct from the existing 'Tucson Fuel Cell' row. CO2 g/km not found in source."
vp-d4eaa2,Hyundai,Santa Fe,SE FWD,MX5,2024.0,USA,car,M1,,,,,,2,,ICE,,Gasoline,,206.6,422.0,,,,,,,,,,1970.0,,,,,,,,single,,,,,,,,1900.0,,,1720.0,,,,,,,,,,,,,,,,,,,,,,,,,,9.8,,,,,,,,,,104.87,web-cited,manual_vehicles.csv,https://carbuzz.com/cars/hyundai/santa-fe/2024/,2026-09-23T07:56:50.664101+00:00,"2024 Santa Fe (fifth-generation, MX5), SE base FWD trim, 2.5L turbo gasoline. hp/lb-ft converted to kW/Nm; mpg converted to L/100km. Engine displacement (cc), length, wheelbase, tyre size, GVWR, CO2, drag coefficient not confirmed via a fetched source in this session -- left blank."
vp-f1ac50,Kia,Sportage,1.6 T-GDI EcoDynamics+ Vision Automatic,NQ5,2024.0,EU,car,M1,,,,,,2,,ICE,,Gasoline,1598.0,118.0,265.0,,,,,,,,,,1580.0,,,,,,,,single,,,,,4515.0,,,1865.0,,,1650.0,,,2680.0,,,,,215/65R17,,,,,,,,,,,,,192.0,9.4,,9.3,7.1,6.6,,,,,,148.0,,,,74.68,web-cited,manual_vehicles.csv,https://www.carfolio.com/kia-sportage-1.6-t-gdi-ecodynamics+-vision-automatic-812020,2026-09-23T07:56:50.664101+00:00,"2024 current-generation (NQ5) Sportage, EU-spec 1.6 T-GDI petrol automatic. Drag coefficient not found."
vp-37ede4,Volkswagen,Golf,"1.5 eTSI (Mk8 launch, mild hybrid)",Mk8,2019.0,EU,car,M1,,,,,,2,,Hybrid,MHEV,Gasoline,1498.0,110.0,250.0,,,,,,,,,,1380.0,,,1880.0,,,500.0,ok,single,,,,,4284.0,,,1789.0,,,1456.0,,,2636.0,,,,,205/55R16,,,,,,,,,,0.275,,,224.0,8.5,,8.2,6.3,7.4,,,,,,172,,,2.76,79.71,web-cited,manual_vehicles.csv,https://www.carfolio.com/volkswagen-golf-1.5-etsi-618552,2026-09-22T14:44:07+00:00,Volkswagen's Golf hybrid technical table lists 205/55R16 as the standard tyre for eTSI equipment versions. Tyre evidence: manufacturer-exact-powertrain-family; https://www.volkswagen-newsroom.com/en/golf-etsi-golf-ehybrid-and-golf-gte-international-media-drive-6336/the-technical-data-of-the-new-golf-hybrid-models-6344; locator: Technical data: Golf eTSI standard tyre
vp-6cb0c8,Volkswagen,Tiguan,1.5 TSI Comfortline,AD,2019.0,EU,car,M1,,,,,,2,,ICE,,Gasoline,1498.0,96.0,220.0,,,,,,,,,,1520.0,,,,,,,,single,,,,,4486.0,,,1839.0,,,1654.0,,,2677.0,,,,,215/65R17,,,,,,,,,,,,,192.0,10.2,,10.7,8,5.7,,,,,,130.0,,,,63.16,web-cited,manual_vehicles.csv,https://www.carfolio.com/volkswagen-tiguan-1.5-tsi-comfortline-593835,2026-09-23T07:56:50.664101+00:00,"2019 second-generation Tiguan (Typ AD), 1.5 TSI Comfortline, EU spec. Drag coefficient not found."
vp-b65958,Skoda,Octavia,1.5 TSI,NX,2020.0,EU,car,M1,,,,,,2,,ICE,,Gasoline,1498.0,110.0,250.0,,,,,,,,,,1338.0,,,1888.0,,,550.0,ok,single,,,,,4689.0,,,1829.0,,,1470.0,,,2686.0,,,,,,,,,,,,,,,0.249,,,230.0,8.2,,,,4.7,,,,,,109.0,,,2.4327,82.21,web-cited,manual_vehicles.csv,https://www.carfolio.com/skoda-octavia-1.5-tsi-703945,2026-09-23T07:56:50.664101+00:00,"2020 current-generation (4th gen, NX) Octavia, EU-spec 1.5 TSI manual sedan. Tyre size not found."
vp-195eec,Toyota,Hilux,Single Cab 2.8 GD-6 4x4 Legend 50,AN120/130,2019.0,South Africa,truck,N1,,,4x4,,,2.0,2.0,ICE,,Diesel,2755.0,130.0,420.0,,,,,,,,,,,,,,,,,,single,,,,,5330.0,,,1855.0,,,1795.0,,,3085.0,,,,,265/60R18,,,,,,,,,,,,,180.0,11.2,,,,,,,,,,,,,,,web-cited,manual_vehicles.csv,https://www.carfolio.com/toyota-hilux-single-cab-2.8-gd-6-4x4-legend-50-643720,2026-09-23T07:56:50.664101+00:00,"2019 AN120/130-generation Hilux, South African-market Single Cab 4x4 manual, 2.8 GD-6 diesel -- distinct cab configuration, market and drivetrain from the existing 'Hilux Double Cab 4WD' 2021 fastsim row. Kerb weight, gross weight, fuel consumption, CO2 not found in source."
vp-c1ab7e,Renault,Clio,TCe 90 (Clio V),Clio V,2021.0,EU,car,M1,,,,,,2,,ICE,,Gasoline,999.0,67.0,160.0,,,,,,,,,,1165.0,,,,,,,,single,,,,,4050.0,,,1798.0,,,1440.0,,,2583.0,,,,,185/65R15,,,,,,,,,,,,,180.0,12.2,,,,4.9,,,,,,112.0,,,,57.51,web-cited,manual_vehicles.csv,https://www.carfolio.com/renault-clio-tce-90-720841,2026-09-23T07:56:50.664101+00:00,"2021 fifth-generation Clio (Clio V), TCe 90 petrol, EU spec -- genuinely different generation from the existing 'Clio IV diesel' 2020 row. Drag coefficient not found in source."
vp-ff0452,Peugeot,208,1.2 PureTech 100 Stop&Start,P21,2019.0,EU,car,M1,,,,,,2,,ICE,,Gasoline,1199.0,75.0,205.0,,,,,,,,,,1165.0,,,,,,,,single,,,,,4055.0,,,1745.0,,,1430.0,,,2540.0,,,,,195/55R16,,,,,,,,,,,,,188.0,9.9,,,,4.2,,,,,,97.0,,,,64.38,web-cited,manual_vehicles.csv,https://www.carfolio.com/peugeot-208-1.2-puretech-stop--start-608740,2026-09-23T07:56:50.664101+00:00,"2019 second-generation (P21) 208 -- the current generation at its launch -- 1.2 PureTech 100 manual, EU spec. Drag coefficient not found in source."
vp-5bbd64,Dacia,Sandero,1.0 TCe 90 (Sandero III facelift),Sandero III,2022.0,EU,car,M1,,,,,,2,,ICE,,Gasoline,999.0,67.0,160.0,,,,,,,,,,1061,1050.0,1072.0,1561.0,,,500.0,ok,single,,,,,4088.0,,,1848.0,,,1499.0,,,2604.0,,,,,185/65R15,,,,,,,,,,,,,175.0,12.2,,,,,,,,,,,,,2.122,63.15,web-cited,manual_vehicles.csv,https://www.auto-data.net/en/dacia-sandero-iii-facelift-2022-1.0-tce-90-91hp-46769,2026-09-23T07:56:50.664101+00:00,"2022 Sandero III facelift, current generation, 1.0 TCe 90 petrol, EU spec. Curb weight given as a range (1050-1072kg depending on equipment); Fuel consumption, CO2, drag coefficient not found in source."
vp-3ce82c,Toyota,Land Cruiser 300,"3.3d V6 Twin-Turbo Diesel, Direct Shift, 5-seat",J300,2021.0,unspecified RHD/LHD export (ME/Australia spec sheet),car,M1,,,,,,2,,ICE,,Diesel,3345.0,227.0,700.0,,,,,,,,,,2555,2550.0,2560.0,,,,,,single,,,,,4975,4965.0,4985.0,1985,1980.0,1990.0,1925.0,,,2850.0,,,,,265/65R18,,,,,,,,,,,,,,,,,,,,,,,,,,,,88.85,web-cited,manual_vehicles.csv,https://www.auto-data.net/en/toyota-land-cruiser-j300-3.3d-v6-309hp-4wd-direct-shift-5-seat-45154,2026-09-23T07:56:50.664101+00:00,"2021 J300-generation Land Cruiser 300, 3.3d V6 twin-turbo diesel 'Direct Shift' 5-seat variant. Length/width given as ranges in source (trim-dependent); Combined fuel consumption and CO2 not stated in source (only urban/extra-urban given -- not averaged here to avoid fabricating a combined figure). GVWR, top speed, 0-100 time, drag coefficient not found. Classified car/M1 (wagon-bodied SUV, not a pickup) consistent with other SUV rows in the dataset."
vp-3363f3,Solaris,Urbino 12 electric,ZF CeTrax 220 kW / Solaris High Energy 420 kWh (UITP 2023 spec),,2023.0,EU (Poland),bus,M3,,"low-floor rigid city bus, 12 m",4x2,RWD,cetrax-220,2.0,1.0,BEV,"central motor driving rear (drive) axle via portal/inverted axle; front axle independent, non-driven",Electric,,,,420.0,220.0,1.0,1-rear,,220.0,,,,,,,20000.0,,,,,single,,,21.0,,12000.0,,,2550.0,,,3300.0,,,5900.0,,,,,,,,,,,,,,,,,,,,,,,,,,,,,,,,,,web-cited,manual_vehicles.csv,https://www.solarisbus.com/public/assets/Biuro_prasowe/2023_05_11_UITP_zapro/Technical_details_Solaris_Urbino_12_electric.pdf,2026-09-23T07:56:50.664101+00:00,"CONTROLLER CORRECTION: height recorded as 3300 mm (body height, without pantograph). The source's 3300/3480 pair is WITHOUT vs WITH pantograph — two distinct configurations, not a trim spread — so it was moved out of the _min/_max range columns: their computed mean (3390 mm) would describe no real bus. Pantograph-equipped height is 3480 mm. Official Solaris UITP 2023 press spec sheet (PDF fetched and parsed with pdftotext) for the 420 kWh battery / ZF CeTrax 220 kW single-motor configuration; other drivetrain configurations for this model are in drivetrain_configs.csv. Single rear drive axle (ZF AV 133, inverted portal type) driven by one central CeTrax motor; front axle (ZF RL 82 EC) is independent and non-driven, hence motor_layout=1-rear. 'No. of seats 21' plus 'Pedestal free seats 7' from the source is ambiguous whether these sum to 28 seated or are alternative counts; seats=21 uses the primary 'No. of seats' figure. 'Passenger capacity up to 77' includes standees (total capacity), not seated-only. Wikipedia separately states a curb weight of 19,000 kg for an unspecified generation/battery config, inconsistent with this source's 20,000 kg GVW (would leave under 1 t payload), so curb_mass_kg is left blank rather than mixing sources. Motor reduction ratio and range/top speed not given in this source."
vp-eaba4e,Škoda,32Tr SOR,"low-entry, 3-door",,2018.0,Czech Republic / EU,bus,M3,,"low-entry rigid trolleybus, 12 m",4x2,RWD,,2.0,1.0,Trolley-electric,"single asynchronous traction motor (Škoda 4ML 3444 K/4) at rear, powered from 600/750 V DC overhead line; onboard traction battery allows off-wire travel",Electric,,,,,160.0,1.0,1-rear,,160.0,,,,10180.0,,,,,,,,single,,,32.0,,12000.0,,,2550.0,,,3370.0,,,,,,,,275/70R22.5,,,,,,,,,,,,,,,,,,,,,,,,,,,,15.72,web-cited,manual_vehicles.csv,https://en.wikipedia.org/wiki/%C5%A0koda_32Tr_SOR,2026-09-22T14:17:09+00:00,Official 32Tr technical description specifies radial low-profile 275/70 R22.5 tyres with M+S marking. Tyre evidence: official-exact-model-technical-description; https://smlouvy.gov.cz/smlouva/soubor/34983211/p%C5%99%C3%ADloha%20%C4%8D.%202.2%20technick%C3%BD%20popis%20-%20parci%C3%A1ln%C3%AD%20trolejbus.pdf?backlink=cnadr; locator: §4.2 KOLA A PNEUMATIKY
vp-d62ca0,Mercedes-Benz,eActros,"300, 4x2 rigid, 3-battery-pack (19 t GVW config)",,2021.0,EU,truck,N3,,"rigid urban/regional distribution truck, 4x2",4x2,RWD,,2.0,1.0,BEV,dual-motor electric rigid rear axle (two integrated electric motors) with 2-speed transmission,Electric,,,,336.0,330.0,2.0,2-rear,,330.0,,,,,,,19000.0,,,,,single,,,,,,,,,,,,,,,,,,,,,,,,,2.0,,2-speed,,,,,,,,,,,,,,,,,300.0,,,,web-cited,manual_vehicles.csv,https://www.electrive.com/2021/06/30/mercedes-reveals-serial-eactros-with-400km-range/,2026-09-23T07:56:50.664101+00:00,"CONTROLLER CORRECTIONS. (1) Power columns now hold the CONTINUOUS rating 330 kW, not the 400 kW peak, matching the convention applied to the Audi e-tron and both Taycans (continuous in columns, peak/overboost in notes). Peak output is 400 kW. (2) top_speed_kmh 89 was REMOVED: it came from a search summary, not a fetched page, and this dataset admits only fetched-page values. This row documents the eActros 300 in its 4x2 rigid, three-battery-pack configuration (336 kWh total / ~315 kWh usable nameplate, per batterydesign.net), gross_mass_kg=19000 kg for that 4x2 config; a 6x2 three-axle variant exists at 27,000 kg GVW (not this row) with a longer wheelbase and different payload. motor_power_kw=400 kW is PEAK system output (dual-motor eAxle, both motors combined, hence motor_count=2, motor_layout=2-rear, motor_power_rear_kw=400); continuous rated output is 330 kW system total (not entered in a dedicated column). motor_reduction_front/rear left blank: source states a 2-speed transmission on the rear e-axle but gives no numeric ratios, only 'from 4-5.5m' wheelbase range and no per-gear ratio figures, so gear_count=2/transmission_type='2-speed' were filled but motor_reduction_rear was not. range_km=300 corresponds specifically to the 3-pack (336 kWh) config used throughout this row; the 4-pack eActros 400 (420 kWh, up to 400 km) is a DIFFERENT trim, not entered here. top_speed_kmh (89 km/h) came from a WebSearch result summary of fleetnews.co.uk rather than a page fetched directly this session; flagged as lower-confidence per the quote field. curb_mass_kg, payload_kg, and vehicle dimensions were not found in the fetched sources and are left blank rather than estimated."
vp-3f2855,BMW,i3 REx,REx 60 Ah (RDW type-approval variant 1Z41),I01,2015.0,EU,car,M1,,,,,,2,,PHEV,REx,Gasoline,647.0,125.0,,,,,,,,,,,1290.0,,,1730.0,,,440.0,ok,single,,,4.0,,,,,,,,,,,,,,,,,,,4.0,,,,,,,,,,,,,5.7,6.3,6.0,,,,,4,22,,,2.9318,96.9,web-cited,manual_vehicles.csv,https://opendata.rdw.nl/resource/m9d7-ebf2.json?merk=BMW+I&handelsbenaming=I3&cilinderinhoud=647&variant=1Z41&massa_ledig_voertuig=1290&%24select=merk%2Chandelsbenaming%2Cvariant%2Cuitvoering%2Ctypegoedkeuringsnummer%2Ccilinderinhoud%2Cmassa_ledig_voertuig%2Ctoegestane_maximum_massa_voertuig%2Ctechnische_max_massa_voertuig%2Cdatum_eerste_toelating&%24limit=1000,2026-09-23T07:56:50.664101+00:00,"Pre-facelift 60 Ah i3 with the 647 cc 2-cylinder range extender. Variant 1Z41 is separated from the 94 Ah car (variants 1Z81/7Z41, unladen 1340 kg) by RDW first-admission date: 1Z41 registrations end 2017-05 and 1Z81 begin 2016-08, matching the 94 Ah launch in July 2016. The 647 cc / 2-cylinder filter separates the REx from the battery-only i3, which carries no cilinderinhoud at all. Implied useful load 1730-1290 = 440 kg. RDW massa_ledig_voertuig is the Dutch register's unladen mass (vehicle with fluids, WITHOUT the 75 kg driver); technische_max_massa_voertuig is the EU type-approval technically permissible maximum laden mass. Both figures come from the same registration record, so curb and gross are on one basis. RDW massa_rijklaar = massa_ledig + 100 kg is the Dutch running-order convention and is NOT used here."
vp-ac277c,BMW,i3 REx,REx 94 Ah (RDW type-approval variant 1Z81),I01,2017.0,EU,car,M1,,,,RWD,,2,1,PHEV,REx,Gasoline,647.0,125.0,250.0,33.2,125.0,1.0,1-rear,,,,,,1340.0,,,1760.0,,,420.0,ok,single,,,4.0,,3999.0,,,1775.0,,,1578.0,,,2570.0,,,,,175/60R19,,,4.0,,,,,,,0.3,2.38,,150.0,8.1,,,,,,,,,,,,0.714,3.1905,93.28,web-cited,manual_vehicles.csv,https://opendata.rdw.nl/resource/m9d7-ebf2.json?merk=BMW+I&handelsbenaming=I3&cilinderinhoud=647&variant=1Z81&massa_ledig_voertuig=1340&%24select=merk%2Chandelsbenaming%2Cvariant%2Cuitvoering%2Ctypegoedkeuringsnummer%2Ccilinderinhoud%2Cmassa_ledig_voertuig%2Ctoegestane_maximum_massa_voertuig%2Ctechnische_max_massa_voertuig%2Cdatum_eerste_toelating&%24limit=1000,2026-09-23T07:56:50.664101+00:00,"94 Ah (33 kWh) i3 REx. Sibling variant 7Z41 carries the identical 1340/1760 pair (24 further registrations, first admissions 2017-11 to 2020-08), so the figure is not variant-specific within the 94 Ah car. 50 kg heavier unladen than the 60 Ah car (1290 kg) and 30 kg higher gross, consistent with the larger battery. Implied useful load 1760-1340 = 420 kg. RDW massa_ledig_voertuig is the Dutch register's unladen mass (vehicle with fluids, WITHOUT the 75 kg driver); technische_max_massa_voertuig is the EU type-approval technically permissible maximum laden mass. Both figures come from the same registration record, so curb and gross are on one basis. RDW massa_rijklaar = massa_ledig + 100 kg is the Dutch running-order convention and is NOT used here. Enriched from the BMW press specification «BMW i3 94 Ah», valid from 07/2016, column «BMW i3 (94 Ah) with Range Extender»: length 3999, width 1775, height 1578 (1597 with roof fin), wheelbase 2570 mm; Cd x A = 0,30 x 2,38; electric motor 125 kW peak / 250 Nm; range extender 647 cc, 28 kW; battery 33,2 kWh gross (27,2 net); top speed 150 km/h; 0-100 km/h 8,1 s; tyres 155/70 R19 front and 175/60 R19 rear -- tyre_code records the rear, which is the driven and more heavily loaded axle. MASS BASIS: the datasheet states unladen 1365 kg (DIN) / 1440 kg (EU) and max permissible 1760 kg with a 395 kg load. Its gross figure agrees exactly with the 1760 kg held here, which corroborates the row. Its unladen figure is 25 kg above the RDW massa_ledig of 1340 kg, so the two are NOT interchangeable: DIN includes 90 % fuel, and the registered cars differ in equipment from the press car. The RDW pair is kept because curb and gross must come from one basis; on the BMW DIN basis q would be 1365/395 = 3,46 rather than the 3,19 recorded here."
vp-8dd857,Opel,Ampera,Voltec (RDW type-approval e13*2007/46*1159*01),1 generation,2012.0,EU,car,M1,,Hatchback,,,,2,,PHEV,REx,Gasoline,1398.0,111.0,370.0,16.0,111.0,1.0,,,,,,,1632.0,,,2000.0,,,368.0,ok,single,,,4.0,,4514.0,,,1787.0,,,1439.0,,,2685.0,,,,,,,,4.0,,,,,Continuously variable transmission (CVT),,0.275,,,161.0,9.0,,,,1.6,,,,,,,,,4.4348,68.01,web-cited,manual_vehicles.csv,https://opendata.rdw.nl/resource/m9d7-ebf2.json?merk=OPEL&handelsbenaming=AMPERA&typegoedkeuringsnummer=e13%2A2007%2F46%2A1159%2A01&massa_ledig_voertuig=1632&%24select=merk%2Chandelsbenaming%2Cvariant%2Cuitvoering%2Ctypegoedkeuringsnummer%2Ccilinderinhoud%2Cmassa_ledig_voertuig%2Ctoegestane_maximum_massa_voertuig%2Ctechnische_max_massa_voertuig%2Cdatum_eerste_toelating&%24limit=1000,2026-09-23T07:56:50.664101+00:00,"The Ampera is pinned to type-approval extension *01, not merely to a model year, because RDW shows the SAME unladen mass (1632 kg) carried under a later extension of the same approval, *02/*04, with a HIGHER permissible maximum of 2135 kg (398 registrations, first admissions 2012-10 to 2015-12). The two windows overlap, so year alone cannot pick between them; the approval number can. The *01 figure is the launch approval and the larger cluster. Independently corroborated by the sibling Chevrolet Volt, registered in NL under its own handelsbenaming with the identical 1632 kg / 2000 kg pair. Implied useful load 2000-1632 = 368 kg -- low for a 4.5 m car, but the Ampera/Volt is a documented 4-seat, payload-limited design. A future pass could decide whether the *02 revision deserves its own row. RDW massa_ledig_voertuig is the Dutch register's unladen mass (vehicle with fluids, WITHOUT the 75 kg driver); technische_max_massa_voertuig is the EU type-approval technically permissible maximum laden mass. Both figures come from the same registration record, so curb and gross are on one basis. RDW massa_rijklaar = massa_ledig + 100 kg is the Dutch running-order convention and is NOT used here. payload_kg is stated explicitly as 2000-1632 = 368 kg -- the build's own derivation from a source that gives both masses -- because the Kaggle spec dataset otherwise grafts a payload of 268 kg onto this row. That 268 kg is on a DIFFERENT basis: Kaggle pairs it with a curb mass of 1732 kg, which is RDW massa_rijklaar (massa_ledig + 100 kg, the Dutch running-order convention). 1732 + 268 = 2000 kg is self-consistent on the running-order basis, exactly as 1632 + 368 = 2000 kg is on the unladen basis used throughout this file. Mixing the two flagged the row inconsistent-triple and cost it its q point. Enriched from the Vauxhall Ampera Price/Specification Guide, effective 17 December 2013: length 4514, width 1787 excluding mirrors (2126 including), height 1439, wheelbase 2685 mm -- the wheelbase already held here is confirmed unchanged. Cd 0,275. Electric drive unit 111 kW (150 PS) / 370 Nm; range-extending 1.4 petrol engine 63 kW / 126 Nm driving a 54 kW generator; 16 kWh lithium-ion pack. Maximum speed 100 mph = 161 km/h, which matches the 161 km/h already held. The guide's 0-60 mph figure of 8,7 s is NOT the 0-100 km/h figure of 9,0 s recorded here and does not replace it. The guide states no kerb or gross mass at all, so the RDW masses stand unchanged and this datasheet neither confirms nor contradicts them."
vp-ef25ec,Mazda,MX-30 R-EV,e-Skyactiv R-EV (RDW type-approval variant 6WJ),DR,2023.0,EU,car,M1,,,,,,2,,PHEV,REx,Gasoline,,,,,,,,,,,,,1753.0,,,2251.0,,,498.0,ok,single,,,5.0,,,,,,,,,,,,,,,,,,,4.0,,,,,,,,,,,,,,,,,,,,,,,,3.5201,,web-cited,manual_vehicles.csv,https://opendata.rdw.nl/resource/m9d7-ebf2.json?merk=MAZDA&handelsbenaming=MAZDA+MX-30&variant=6WJ&massa_ledig_voertuig=1753&%24select=merk%2Chandelsbenaming%2Cvariant%2Cuitvoering%2Ctypegoedkeuringsnummer%2Ccilinderinhoud%2Cmassa_ledig_voertuig%2Ctoegestane_maximum_massa_voertuig%2Ctechnische_max_massa_voertuig%2Cdatum_eerste_toelating&%24limit=1000,2026-09-23T07:56:50.664101+00:00,"The rotary range-extender MX-30. Separated from the battery-only MX-30 (variant 1WB, unladen 1620 kg, maximum 2119 kg, 2687 registrations) by the presence of an engine capacity on the record. engine_displacement_cc is deliberately LEFT EMPTY: RDW states 1660 cc with aantal_cilinders 1, which is the homologation convention of twice the chamber volume for a Wankel; Mazda names the 8C engine 830 cc. Rather than write either number under an ambiguous definition, the field is left blank. It plays no part in the tare calculation. Implied useful load 2251-1753 = 498 kg. A second, smaller cluster (unladen 1749 kg, 55 registrations from 2025-02) states the same 2251 kg gross. RDW massa_ledig_voertuig is the Dutch register's unladen mass (vehicle with fluids, WITHOUT the 75 kg driver); technische_max_massa_voertuig is the EU type-approval technically permissible maximum laden mass. Both figures come from the same registration record, so curb and gross are on one basis. RDW massa_rijklaar = massa_ledig + 100 kg is the Dutch running-order convention and is NOT used here."
vp-2bf8a6,LEVC,TX,"eCity range-extended taxi (RDW type-approval variant A1, e11*2007/46*4190)",,2018.0,EU,car,M1,,,,,,2,,PHEV,REx,Gasoline,1477.0,,,,,,,,,,,,2205.0,,,2900.0,,,695.0,ok,single,,,7.0,,,,,,,,,,,,,,,,,,,4.0,,,,,,,,,,,,,,,,,,,,,,,,3.1727,,web-cited,manual_vehicles.csv,https://opendata.rdw.nl/resource/m9d7-ebf2.json?merk=LEVC&handelsbenaming=TX&variant=A1&massa_ledig_voertuig=2205&%24select=merk%2Chandelsbenaming%2Cvariant%2Cuitvoering%2Ctypegoedkeuringsnummer%2Ccilinderinhoud%2Cmassa_ledig_voertuig%2Ctoegestane_maximum_massa_voertuig%2Ctechnische_max_massa_voertuig%2Cdatum_eerste_toelating&%24limit=1000,2026-09-23T07:56:50.664101+00:00,"The London black cab as a series range-extender. Registered M1, not M2, despite 7 seats. Only 7 NL registrations carry this pair -- a small sample -- but every one of them is identical on both masses and both sit under one type-approval family. Restricted to the 2018 e11*...*4190 approval: a later homologation (e5*2007/46*1068, registrations from 2021) states a different unladen mass, 2133 kg, against the same 2900 kg maximum, and is NOT mixed in here. Implied useful load 2900-2205 = 695 kg, appropriate for a vehicle homologated to carry six passengers plus driver and luggage, and the highest of the five REEV rows. RDW massa_ledig_voertuig is the Dutch register's unladen mass (vehicle with fluids, WITHOUT the 75 kg driver); technische_max_massa_voertuig is the EU type-approval technically permissible maximum laden mass. Both figures come from the same registration record, so curb and gross are on one basis. RDW massa_rijklaar = massa_ledig + 100 kg is the Dutch running-order convention and is NOT used here."
vp-53491b,Mercedes-Benz,Sprinter Passenger Van,"2500 144 in wheelbase, 12-passenger, standard-output diesel",,2025.0,US,bus,M2,,passenger van,4x2,RWD,,2.0,1.0,ICE,,Diesel,2000.0,125.0,400.0,,,,,,,,,,2605.0,,,4105.0,,,1500.0,ok,single,,,12.0,2268.0,5944.0,,,2019.0,,,2611.0,,,3658.0,,,,,LT245/75R16,,,4.0,,,9.0,,9-speed automatic,,,,,,,,,,,,,,,,,,,1.7367,47.98,brochure,Sprinter_Brochure_VAN_GEN_MPNY-P00108358.pdf,https://www.mbcollegestation.com/auto/new-2025-mercedes-benz-sprinter-passenger-144-wb-college-station-tx/111124619/,2026-09-23T07:56:50.664101+00:00,"Power converted using 0.7457 kW/hp; torque converted using 1.35582 Nm/lb-ft; payload converted using 0.453592 kg/lb; length 234 in and wheelbase 144 in converted using 25.4 mm/in. Gross and curb masses are not stated in this brochure and remain blank.; Supplementary 2025 specification gives 5,743 lb curb mass, 9,050 lb GVWR, 79.5 in body width, 102.8 in height and LT245/75R16 tyres; converted values are recorded above. Treat the web specification as corroborating data for this exact 144 in RWD passenger-van configuration."
vp-11b2e1,MAN,TGE Intercity,"Extra-long minibus, 19 passengers, 130 kW BiTurbo diesel",,2020.0,EU,bus,M2,,minibus,4x2,RWD,,2.0,1.0,ICE,,Diesel,2000.0,130.0,410.0,,,,,,,,,,,,,5000.0,,,,,single,,,19.0,,7391.0,,,2069.0,,,2625.0,,,4490.0,,,,,205/75R16 C 113/111,,,6.0,,,8.0,,8-speed automatic,,,,,,,,,,,,,,,,,,,,,brochure,man_tge_product_catalogue.pdf,https://www.man.eu/content/dam/man/countries/doc/bw-master/bus/broschueren/tge-minibus/man-bus-tge-coach-en.pdf/_jcr_content/renditions/original./man-bus-tge-coach-en.pdf,2026-09-23T07:56:50.664101+00:00,"The catalogue gives weight variants for the family but no variant-specific curb/gross pair for this minibus; masses remain blank.; Official MAN Intercity data: long high-roof = 16 passengers, extra-long high-roof = 19 passengers; both are 5,000 kg GVW with twin rear tyres. The 19-passenger row is therefore corrected to extra-long (7,391 mm). Permissible axle loads are 2,200 kg front and 3,500 kg rear."
vp-fd36ad,Volkswagen,Multivan,Life standard 2.0 TDI 150PS DSG,,2025.0,UK,car,M1,,MPV,4x2,FWD,,2.0,1.0,ICE,,Diesel,1968.0,110.0,360.0,,,,,,,,,,2133.0,,,2850.0,,,717.0,ok,single,,,7.0,2000.0,4976.0,,,1941.0,,,1907.0,,,3124.0,,,,,215/65R16 102H,,,,,,7.0,,7-speed DSG,,,,,190.0,11.6,,,,,,,,,,,,,2.9749,51.57,brochure,multivan-brochure.pdf,https://www.volkswagen-vans.co.uk/en/new-vehicles/multivan.html,2026-09-23T07:56:50.664101+00:00,"Unladen mass includes approximately 90% fuel and 75 kg driver as stated by the brochure.; Official VW specification for Multivan Life standard 2.0 TDI 150PS DSG gives 1,941 mm width without mirrors, 2,000 kg max trailer weight, 118 mph maximum speed and 11.6 s 0–62 mph. The current VW page lists 4,973 mm length, while the local brochure row has 4,976 mm; the local source value was retained rather than silently overwritten."
vp-adb830,Vauxhall,Vivaro,Prime Panel Van 1.5 Turbo D 120PS,,2025.0,UK,van,N1,,panel van,4x2,FWD,,2.0,1.0,ICE,,Diesel,1499.0,88.0,300.0,,,,,,,,,,1648.0,1648.0,,2830.0,,,1182.0,ok,single,,,,2000.0,4981.0,,,,,,1904.0,,,3275.0,,,,,215/65R16,,,,,,,,,,,,,,,,,,6.8,,,,,,,,,1.3942,53.4,brochure,Vivaro.pdf,https://www.vauxhall.co.uk/content/dam/vauxhall/Home/PDFs/Vans/vivaro/price-guides/New_Vivaro_MY25_PSG_1_December_Library.pdf,2026-09-23T07:56:50.664101+00:00,"The supplied document describes this row as a panel van, so it is N1 rather than an M2 bus. Fuel value is the midpoint of the published low/high combined range.; Official MY2025A guide states 1,648 kg minimum mass, 1,182 kg maximum indicative payload and 2,830 kg GVW. These are configuration-bound published values, not a measured curb/payload pair. The published WLTP combined fuel range is 6.3–7.3 L/100 km and CO2 is 164–191 g/km; the existing 6.8 L/100 km remains an explicit midpoint adoption."
vp-babada,Mercedes-Benz,Vito Crew Van,114 CDI RWD L1 Progressive,,2022.0,UK,van,N1,,crew van,4x2,RWD,,2.0,1.0,ICE,,Diesel,1950.0,100.0,330.0,,,,,,,,,,2098.0,,,3050.0,,,952.0,ok,single,,,,,4895.0,,,1928.0,,,1910.0,,,3200.0,,,,,,,,,,,6.0,,6-speed manual,,,,,,,,,,7.4,,,,,,195.0,,,2.2038,47.66,brochure,2022-Mercedes-Benz-Vito-Panel-Crew-UK.pdf,https://tax.mercedes-benz.co.uk/companycar/tax/history/Mercedes-Benz/Vito%20Crew/22,2026-09-23T07:56:50.664101+00:00,"The supplied document describes a crew van rather than a passenger Tourer; recorded as N1 without inventing a bus classification.; The 2022 brochure gives Crew Van L1 dimensions 4,895 x 1,928 x 1,910 mm with 3,200 mm wheelbase and combined WLTP fuel use 7.4 L/100 km. Standard 16-inch steel-wheel tyre fitment spans 195/65 R16 to 225/60 R16 depending configuration, so an exact tyre_code was deliberately not invented."
vp-f0edd1,Fiat,Palio 1.7 TD Weekend 70,,,,International,car,M1,,Station wagon,,FWD,,2,1,ICE,,Diesel,1698.0,51.0,134.0,,,,,,,,,,1025.0,,,1620.0,,,595.0,ok,single,,,5.0,,4130.0,,,1625.0,,,1520.0,,,2425.0,,1387.5,,,,,,,3.77,3.91;2.24;1.44;1.03;0.8,5.0,,manual,,,,,164.0,14.9,,8.6,5.1,,,,,,,,,,1.7227,49.76,bosch,1Авто справочник Bosch 2е рус издание.md,,2026-09-23T07:56:50.664101+00:00,"Table scope: representative passenger-car specifications current at 1999-03-01; source cited by the book as Automobil Revue Katalog 1999. Year is blank because the table date is not a model year. Payload is gross minus curb mass where both are reported; track width is the mean of the reported front/rear tracks. Fuel pairs are stored as highway/city in the source's extra-urban/city order; for DIN triples, highway stores the 90 km/h observation and city the third value. Source body code: 5 Ko 5."
vp-a43515,Volkswagen,Gol 1.0,,,,International,car,M1,,Sedan,,FWD,,2,1,ICE,,Gasoline,998.0,51.0,92.0,,,,,,,,,,915.0,,,1315.0,,,400.0,ok,single,,,5.0,,3810.0,,,1650.0,,,1410.0,,,2470.0,,1385.0,,,,,,,4.78,3.9;2.12;1.37;1.03;0.83,5.0,,manual,,,,,161.0,14.3,,7.8,6.6,,,,,,,,,,2.2875,55.74,bosch,1Авто справочник Bosch 2е рус издание.md,,2026-09-23T07:56:50.664101+00:00,"Table scope: representative passenger-car specifications current at 1999-03-01; source cited by the book as Automobil Revue Katalog 1999. Year is blank because the table date is not a model year. Payload is gross minus curb mass where both are reported; track width is the mean of the reported front/rear tracks. Fuel pairs are stored as highway/city in the source's extra-urban/city order; for DIN triples, highway stores the 90 km/h observation and city the third value. Source body code: 5/3 Li 5."
vp-8ec118,Audi,A3 1.6,,,,International,car,M1,,Sedan,,FWD,,2,1,ICE,,Gasoline,1595.0,74.0,145.0,,,,,,,,,,1090.0,,,1650.0,,,560.0,ok,single,,,5.0,,4150.0,,,1735.0,,,1425.0,,,2515.0,,1505.0,,,,,,,4.25,3.46;1.94;1.37;1.03;0.85,5.0,,manual/automatic,,,,,188.0,11.0,,10.5,5.9,,,,,,,,,,1.9464,67.89,bosch,1Авто справочник Bosch 2е рус издание.md,,2026-09-23T07:56:50.664101+00:00,"Table scope: representative passenger-car specifications current at 1999-03-01; source cited by the book as Automobil Revue Katalog 1999. Year is blank because the table date is not a model year. Payload is gross minus curb mass where both are reported; track width is the mean of the reported front/rear tracks. Fuel pairs are stored as highway/city in the source's extra-urban/city order; for DIN triples, highway stores the 90 km/h observation and city the third value. Source body code: 3/5 Li 5."
vp-a66a2e,Audi,A3 1.9 TDi,,,,International,car,M1,,Sedan,,FWD,,2,1,ICE,,Diesel,1896.0,66.0,210.0,,,,,,,,,,1185.0,,,1745.0,,,560.0,ok,single,,,5.0,,4150.0,,,1735.0,,,1425.0,,,2515.0,,1505.0,,,,,,,3.39,3.78;2.12;1.36;0.97;0.76,5.0,,manual/automatic,,,,,181.0,12.4,,6.5,4.1,,,,,,,,,,2.1161,55.7,bosch,1Авто справочник Bosch 2е рус издание.md,,2026-09-23T07:56:50.664101+00:00,"Table scope: representative passenger-car specifications current at 1999-03-01; source cited by the book as Automobil Revue Katalog 1999. Year is blank because the table date is not a model year. Payload is gross minus curb mass where both are reported; track width is the mean of the reported front/rear tracks. Fuel pairs are stored as highway/city in the source's extra-urban/city order; for DIN triples, highway stores the 90 km/h observation and city the third value. Source body code: 5/3 Li 5."
vp-def712,Audi,TT 1.8,,,,International,car,M1,,Coupe,,AWD,,2,2,ICE,,Gasoline,1781.0,165.0,280.0,,,,,,,,,,1395.0,,,1765.0,,,370.0,ok,single,,,4.0,,4040.0,,,1765.0,,,1350.0,,,2430.0,,1517.5,,,,,,,4.2,3.42;2.11;1.43;1.09;0.87;0.72,6.0,,manual,,,,,243.0,6.4,,12.3,7.3,,,,,,,,,,3.7703,118.28,bosch,1Авто справочник Bosch 2е рус издание.md,,2026-09-23T07:56:50.664101+00:00,"Table scope: representative passenger-car specifications current at 1999-03-01; source cited by the book as Automobil Revue Katalog 1999. Year is blank because the table date is not a model year. Payload is gross minus curb mass where both are reported; track width is the mean of the reported front/rear tracks. Fuel pairs are stored as highway/city in the source's extra-urban/city order; for DIN triples, highway stores the 90 km/h observation and city the third value. Source body code: 3 Co 2+2."
vp-3ca573,Audi,A4 Avant 2.4,,,,International,car,M1,,Station wagon,,FWD,,2,1,ICE,,Gasoline,2393.0,121.0,230.0,,,,,,,,,,1360.0,,,1930.0,,,570.0,ok,single,,,5.0,,4480.0,,,1735.0,,,1410.0,,,2620.0,,1490.0,,,195/65R154Sb-ABS-EBV,,,,3.89,3.5;1.94;1.3;0.94;0.79,5.0,,manual/automatic,,,,,222.0,8.6,,14.9,7.5,,,,,,,,,,2.386,88.97,bosch,1Авто справочник Bosch 2е рус издание.md,,2026-09-23T07:56:50.664101+00:00,"Table scope: representative passenger-car specifications current at 1999-03-01; source cited by the book as Automobil Revue Katalog 1999. Year is blank because the table date is not a model year. Payload is gross minus curb mass where both are reported; track width is the mean of the reported front/rear tracks. Fuel pairs are stored as highway/city in the source's extra-urban/city order; for DIN triples, highway stores the 90 km/h observation and city the third value. Source body code: 5 Ko 5."
vp-1b397b,Audi,S4 Avant 2.7 Biturbo,,,,International,car,M1,,Station wagon,,AWD,,2,2,ICE,,Gasoline,2671.0,195.0,400.0,,,,,,,,,,1540.0,,,2090.0,,,550.0,ok,single,,,5.0,,4485.0,,,1735.0,,,1400.0,,,2605.0,,1495.0,,,225/45R174Sb-ABS-EBV,,,,4.11,3.5;1.89;1.23;0.97;0.81;0.68,6.0,,manual,,,,,250.0,5.7,,15.8,8.7,,,,,,,,,,2.8,126.62,bosch,1Авто справочник Bosch 2е рус издание.md,,2026-09-23T07:56:50.664101+00:00,"Table scope: representative passenger-car specifications current at 1999-03-01; source cited by the book as Automobil Revue Katalog 1999. Year is blank because the table date is not a model year. Payload is gross minus curb mass where both are reported; track width is the mean of the reported front/rear tracks. Fuel pairs are stored as highway/city in the source's extra-urban/city order; for DIN triples, highway stores the 90 km/h observation and city the third value. Source body code: 5 Ko 5."
vp-071619,Audi,A6 1.9 TDi,,,,International,car,M1,,Sedan,,FWD,,2,1,ICE,,Diesel,1896.0,81.0,235.0,,,,,,,,,,1415.0,,,1995.0,,,580.0,ok,single,,,5.0,,4795.0,,,1810.0,,,1450.0,,,2760.0,,1555.0,,,195/65VR154Sb-ABS-EBV,,,,3.7,3.5;1.94;1.23;0.84;0.68,5.0,,manual/automatic,,,,,194.0,12.6,,7.5,4.6,,,,,,,,,,2.4397,57.24,bosch,1Авто справочник Bosch 2е рус издание.md,,2026-09-23T07:56:50.664101+00:00,"Table scope: representative passenger-car specifications current at 1999-03-01; source cited by the book as Automobil Revue Katalog 1999. Year is blank because the table date is not a model year. Payload is gross minus curb mass where both are reported; track width is the mean of the reported front/rear tracks. Fuel pairs are stored as highway/city in the source's extra-urban/city order; for DIN triples, highway stores the 90 km/h observation and city the third value. Source body code: 4 Li 5."
vp-e64cbf,Audi,A6 4.2,,,,International,car,M1,,Sedan,,AWD,,2,2,ICE,,Gasoline,4172.0,220.0,400.0,,,,,,,,,,1730.0,,,2310.0,,,580.0,ok,single,,,5.0,,4835.0,,,1850.0,,,1450.0,,,2760.0,,1585.0,,,,,,,2.91,3.57;2.2;1.51;1;0.8,5.0,,automatic,,,,,250.0,6.9,,19.0,9.5,,,,,,,,,,2.9828,127.17,bosch,1Авто справочник Bosch 2е рус издание.md,,2026-09-23T07:56:50.664101+00:00,"Table scope: representative passenger-car specifications current at 1999-03-01; source cited by the book as Automobil Revue Katalog 1999. Year is blank because the table date is not a model year. Payload is gross minus curb mass where both are reported; track width is the mean of the reported front/rear tracks. Fuel pairs are stored as highway/city in the source's extra-urban/city order; for DIN triples, highway stores the 90 km/h observation and city the third value. Source body code: 4 Li 5."
vp-3e15f7,Audi,A8 3.7,,,,International,car,M1,,Sedan,,FWD,,2,1,ICE,,Gasoline,3697.0,191.0,350.0,,,,,,,,,,1510.0,,,2110.0,,,600.0,ok,single,,,5.0,,5035.0,,,1880.0,,,1440.0,,,2880.0,,1560.0,,,,,,,3.09,3.67;2;1.41;1;0.74,5.0,,automatic,,,,,250.0,8.1,,16.9,8.4,,,,,,,,,,2.5167,126.49,bosch,1Авто справочник Bosch 2е рус издание.md,,2026-09-23T07:56:50.664101+00:00,"Table scope: representative passenger-car specifications current at 1999-03-01; source cited by the book as Automobil Revue Katalog 1999. Year is blank because the table date is not a model year. Payload is gross minus curb mass where both are reported; track width is the mean of the reported front/rear tracks. Fuel pairs are stored as highway/city in the source's extra-urban/city order; for DIN triples, highway stores the 90 km/h observation and city the third value. Source body code: 4 Li 5."
vp-730c19,Audi,A8 2.5 TDi,,,,International,car,M1,,Sedan,,FWD,,2,1,ICE,,Diesel,2496.0,110.0,310.0,,,,,,,,,,1595.0,,,2195.0,,,600.0,ok,single,,,5.0,,5035.0,,,1880.0,,,1440.0,,,2880.0,,1590.0,,,,,,,3.88,3.75;2.06;1.32;0.93;0.73;0.6,6.0,,manual/automatic,,,,,220.0,9.9,,10.2,5.5,,,,,,,,,,2.6583,68.97,bosch,1Авто справочник Bosch 2е рус издание.md,,2026-09-23T07:56:50.664101+00:00,"Table scope: representative passenger-car specifications current at 1999-03-01; source cited by the book as Automobil Revue Katalog 1999. Year is blank because the table date is not a model year. Payload is gross minus curb mass where both are reported; track width is the mean of the reported front/rear tracks. Fuel pairs are stored as highway/city in the source's extra-urban/city order; for DIN triples, highway stores the 90 km/h observation and city the third value. Source body code: 4 Li 5."
vp-ed6c6f,BMW,Z3 1.9,,,,International,car,M1,,Roadster,,RWD,,2,1,ICE,,Gasoline,1895.0,103.0,180.0,,,,,,,,,,1200.0,,,1450.0,,,250.0,ok,single,,,2.0,,4025.0,,,1690.0,,,1290.0,,,2445.0,,1417.5,,,,,,,3.45,4.23;2.52;1.66;1.22;1,5.0,,manual/automatic,,,,,205.0,9.5,,11.4,6.0,,,,,,,,,,4.8,85.83,bosch,1Авто справочник Bosch 2е рус издание.md,,2026-09-23T07:56:50.664101+00:00,"Table scope: representative passenger-car specifications current at 1999-03-01; source cited by the book as Automobil Revue Katalog 1999. Year is blank because the table date is not a model year. Payload is gross minus curb mass where both are reported; track width is the mean of the reported front/rear tracks. Fuel pairs are stored as highway/city in the source's extra-urban/city order; for DIN triples, highway stores the 90 km/h observation and city the third value. Source body code: 2 Ro 2."
vp-688080,BMW,Z3 3.2,,,,International,car,M1,,Coupe,,RWD,,2,1,ICE,,Gasoline,3201.0,236.0,236.0,,,,,,,,,,1390.0,,,1660.0,,,270.0,ok,single,,,2.0,,4025.0,,,1740.0,,,1280.0,,,2460.0,,1455.0,,,195/65HR15,,,,3.15,4.21;2.49;1.66;1.24;1,5.0,,manual/automatic,,,,,250.0,5.4,,16.6,7.9,,,,,,,,,,5.1481,169.78,bosch,1Авто справочник Bosch 2е рус издание.md,,2026-09-23T07:56:50.664101+00:00,"Table scope: representative passenger-car specifications current at 1999-03-01; source cited by the book as Automobil Revue Katalog 1999. Year is blank because the table date is not a model year. Payload is gross minus curb mass where both are reported; track width is the mean of the reported front/rear tracks. Fuel pairs are stored as highway/city in the source's extra-urban/city order; for DIN triples, highway stores the 90 km/h observation and city the third value. Source body code: 3 Co 2."
vp-d66fe6,BMW,316i Compact,,,,International,car,M1,,Compact car,,RWD,,2,1,ICE,,Gasoline,1895.0,77.0,165.0,,,,,,,,,,1175.0,,,1635.0,,,460.0,ok,single,,,5.0,,4210.0,,,1700.0,,,1390.0,,,2700.0,,1422.5,,,185/65HR15,,,,3.23,4.23;2.52;1.66;1.22;1,5.0,,manual,,,,,190.0,11.9,,10.8,5.8,,,,,,,,,,2.5543,65.53,bosch,1Авто справочник Bosch 2е рус издание.md,,2026-09-23T07:56:50.664101+00:00,"Table scope: representative passenger-car specifications current at 1999-03-01; source cited by the book as Automobil Revue Katalog 1999. Year is blank because the table date is not a model year. Payload is gross minus curb mass where both are reported; track width is the mean of the reported front/rear tracks. Fuel pairs are stored as highway/city in the source's extra-urban/city order; for DIN triples, highway stores the 90 km/h observation and city the third value. Source body code: 3 Cp 5."
vp-4153fd,BMW,318tds Compact,,,,International,car,M1,,Compact car,,RWD,,2,1,ICE,,Diesel,1665.0,66.0,190.0,,,,,,,,,,1215.0,,,1675.0,,,460.0,ok,single,,,5.0,,4210.0,,,1700.0,,,1390.0,,,2700.0,,1422.5,,,185/60HR15,,,,2.65,5.43;2.95;1.81;1.26;1,5.0,,manual,,,,,175.0,13.9,,8.5,4.9,,,,,,,,,,2.6413,54.32,bosch,1Авто справочник Bosch 2е рус издание.md,,2026-09-23T07:56:50.664101+00:00,"Table scope: representative passenger-car specifications current at 1999-03-01; source cited by the book as Automobil Revue Katalog 1999. Year is blank because the table date is not a model year. Payload is gross minus curb mass where both are reported; track width is the mean of the reported front/rear tracks. Fuel pairs are stored as highway/city in the source's extra-urban/city order; for DIN triples, highway stores the 90 km/h observation and city the third value. Source body code: 3 Cp 5."
vp-693bb7,BMW,320d,,,,International,car,M1,,Sedan,,RWD,,2,1,ICE,,Diesel,1951.0,100.0,280.0,,,,,,,,,,1375.0,,,1875.0,,,500.0,ok,single,,,5.0,,4470.0,,,1740.0,,,1420.0,,,2725.0,,1485.0,,,195/65HR15,,,,2.47,5.09;2.8;1.76;1.25;1,5.0,,manual,,,,,207.0,9.9,,7.4,4.7,,,,,,,,,,2.75,72.73,bosch,1Авто справочник Bosch 2е рус издание.md,,2026-09-23T07:56:50.664101+00:00,"Table scope: representative passenger-car specifications current at 1999-03-01; source cited by the book as Automobil Revue Katalog 1999. Year is blank because the table date is not a model year. Payload is gross minus curb mass where both are reported; track width is the mean of the reported front/rear tracks. Fuel pairs are stored as highway/city in the source's extra-urban/city order; for DIN triples, highway stores the 90 km/h observation and city the third value. Source body code: 4 Li 5."
vp-ed7ebe,BMW,323i Touring,,,,International,car,M1,,Station wagon,,RWD,,2,1,ICE,,Gasoline,2494.0,125.0,245.0,,,,,,,,,,1365.0,,,1865.0,,,500.0,ok,single,,,5.0,,4430.0,,,1710.0,,,1390.0,,,2700.0,,1420.0,,,205/60VR15,,,,2.93,4.21;2.49;1.66;1.24;1,5.0,,manual/automatic,,,,,223.0,8.3,,15.0,7.3,,,,,,,,,,2.73,91.58,bosch,1Авто справочник Bosch 2е рус издание.md,,2026-09-23T07:56:50.664101+00:00,"Table scope: representative passenger-car specifications current at 1999-03-01; source cited by the book as Automobil Revue Katalog 1999. Year is blank because the table date is not a model year. Payload is gross minus curb mass where both are reported; track width is the mean of the reported front/rear tracks. Fuel pairs are stored as highway/city in the source's extra-urban/city order; for DIN triples, highway stores the 90 km/h observation and city the third value. Source body code: 5 Ko 5."
vp-07c75b,BMW,328i,,,,International,car,M1,,Convertible,,RWD,,2,1,ICE,,Gasoline,2793.0,142.0,280.0,,,,,,,,,,1430.0,,,1830.0,,,400.0,ok,single,,,4.0,,4435.0,,,1710.0,,,1350.0,,,2700.0,,1415.0,,,,,,,2.93,4.21;2.49;1.66;1.24;1,5.0,,manual/automatic,,,,,230.0,7.7,,13.5,6.8,,,,,,,,,,3.575,99.3,bosch,1Авто справочник Bosch 2е рус издание.md,,2026-09-23T07:56:50.664101+00:00,"Table scope: representative passenger-car specifications current at 1999-03-01; source cited by the book as Automobil Revue Katalog 1999. Year is blank because the table date is not a model year. Payload is gross minus curb mass where both are reported; track width is the mean of the reported front/rear tracks. Fuel pairs are stored as highway/city in the source's extra-urban/city order; for DIN triples, highway stores the 90 km/h observation and city the third value. Source body code: 2 Ca 4."
vp-bc87a8,BMW,530d,,,,International,car,M1,,Sedan,,RWD,,2,1,ICE,,Diesel,2926.0,135.0,390.0,,,,,,,,,,1575.0,,,2115.0,,,540.0,ok,single,,,5.0,,4775.0,,,1800.0,,,1430.0,,,2830.0,,1517.5,,,,,,,2.35,5.24;2.91;1.81;1.27;1,5.0,,manual/automatic,,,,,225.0,8.0,,9.8,5.7,,,,,,,,,,2.9167,85.71,bosch,1Авто справочник Bosch 2е рус издание.md,,2026-09-23T07:56:50.664101+00:00,"Table scope: representative passenger-car specifications current at 1999-03-01; source cited by the book as Automobil Revue Katalog 1999. Year is blank because the table date is not a model year. Payload is gross minus curb mass where both are reported; track width is the mean of the reported front/rear tracks. Fuel pairs are stored as highway/city in the source's extra-urban/city order; for DIN triples, highway stores the 90 km/h observation and city the third value. Source body code: 4 Li 5."
vp-75b2df,BMW,740d,,,,International,car,M1,,Sedan,,RWD,,2,1,ICE,,Diesel,3901.0,175.0,560.0,,,,,,,,,,1960.0,,,2495.0,,,535.0,ok,single,,,5.0,,4985.0,,,1860.0,,,1430.0,,,2930.0,,1560.0,,,,,,,2.65,3.55;2.24;1.55;1;0.79,5.0,,automatic,,,,,242.0,6.4,,14.6,7.0,,,,,,,,,,3.6636,89.29,bosch,1Авто справочник Bosch 2е рус издание.md,,2026-09-23T07:56:50.664101+00:00,"Table scope: representative passenger-car specifications current at 1999-03-01; source cited by the book as Automobil Revue Katalog 1999. Year is blank because the table date is not a model year. Payload is gross minus curb mass where both are reported; track width is the mean of the reported front/rear tracks. Fuel pairs are stored as highway/city in the source's extra-urban/city order; for DIN triples, highway stores the 90 km/h observation and city the third value. Source body code: 4 Li 5."
vp-33a5ba,BMW,840Ci,,,,International,car,M1,,Coupe,,RWD,,2,1,ICE,,Gasoline,4398.0,210.0,420.0,,,,,,,,,,1780.0,,,2200.0,,,420.0,ok,single,,,4.0,,4780.0,,,1855.0,,,1340.0,,,2685.0,,1557.5,,,,,,,2.93,4.23;2.51;1.67;1.23;1;0.83,6.0,,manual/automatic,,,,,250.0,6.6,,19.2,9.0,,,,,,,,,,4.2381,117.98,bosch,1Авто справочник Bosch 2е рус издание.md,,2026-09-23T07:56:50.664101+00:00,"Table scope: representative passenger-car specifications current at 1999-03-01; source cited by the book as Automobil Revue Katalog 1999. Year is blank because the table date is not a model year. Payload is gross minus curb mass where both are reported; track width is the mean of the reported front/rear tracks. Fuel pairs are stored as highway/city in the source's extra-urban/city order; for DIN triples, highway stores the 90 km/h observation and city the third value. Source body code: 2 Co 4."
vp-0bb2d3,Ford,Ka 1.3,,,,International,car,M1,,Sedan,,FWD,,2,1,ICE,,Gasoline,1299.0,44.0,103.0,,,,,,,,,,890.0,,,1265.0,,,375.0,ok,single,,,4.0,,3620.0,,,1640.0,,,1400.0,,,2450.0,,1402.5,,,,,,,4.06,3.15;1.93;1.28;0.95;0.76,5.0,,manual,,,,,155.0,15.4,,8.8,5.5,,,,,,,,,,2.3733,49.44,bosch,1Авто справочник Bosch 2е рус издание.md,,2026-09-23T07:56:50.664101+00:00,"Table scope: representative passenger-car specifications current at 1999-03-01; source cited by the book as Automobil Revue Katalog 1999. Year is blank because the table date is not a model year. Payload is gross minus curb mass where both are reported; track width is the mean of the reported front/rear tracks. Fuel pairs are stored as highway/city in the source's extra-urban/city order; for DIN triples, highway stores the 90 km/h observation and city the third value. Source body code: 3 Li 4."
vp-93b42f,Ford,Puma 1.4,,,,International,car,M1,,Coupe,,FWD,,2,1,ICE,,Gasoline,1388.0,66.0,123.0,,,,,,,,,,1035.0,,,1400.0,,,365.0,ok,single,,,4.0,,3985.0,,,1670.0,,,1350.0,,,2445.0,,1430.0,,,,,,,4.19,3.15;1.93;1.38;1.03;0.76,5.0,,manual,,,,,180.0,11.9,,9.5,5.9,,,,,,,,,,2.8356,63.77,bosch,1Авто справочник Bosch 2е рус издание.md,,2026-09-23T07:56:50.664101+00:00,"Table scope: representative passenger-car specifications current at 1999-03-01; source cited by the book as Automobil Revue Katalog 1999. Year is blank because the table date is not a model year. Payload is gross minus curb mass where both are reported; track width is the mean of the reported front/rear tracks. Fuel pairs are stored as highway/city in the source's extra-urban/city order; for DIN triples, highway stores the 90 km/h observation and city the third value. Source body code: 3 Co 2+2."
vp-b26f56,Ford,Fiesta 1.8D,,,,International,car,M1,,Sedan,,FWD,,2,1,ICE,,Diesel,1753.0,44.0,105.0,,,,,,,,,,1015.0,,,1510.0,,,495.0,ok,single,,,5.0,,3830.0,,,1635.0,,,1330.0,,,2445.0,,1402.5,,,,,,,3.84,3.58;1.93;1.28;0.95;0.76,5.0,,manual,,,,,158.0,17.6,,6.7,4.9,,,,,,,,,,2.0505,43.35,bosch,1Авто справочник Bosch 2е рус издание.md,,2026-09-23T07:56:50.664101+00:00,"Table scope: representative passenger-car specifications current at 1999-03-01; source cited by the book as Automobil Revue Katalog 1999. Year is blank because the table date is not a model year. Payload is gross minus curb mass where both are reported; track width is the mean of the reported front/rear tracks. Fuel pairs are stored as highway/city in the source's extra-urban/city order; for DIN triples, highway stores the 90 km/h observation and city the third value. Source body code: 5/3 Li 5."
vp-7ad87d,Ford,Escort 1.6,,,,International,car,M1,,Sedan,,FWD,,2,1,ICE,,Gasoline,1597.0,66.0,138.0,,,,,,,,,,1080.0,,,1625.0,,,545.0,ok,single,,,5.0,,4140.0,,,1700.0,,,1400.0,,,2525.0,,1450.0,,,,,,,3.82,1;2;3.58;1.91;3;4,5.0,,manual,,,,,177.0,12.2,,10.7,6.4,,,,,,,,,,1.9817,61.11,bosch,1Авто справочник Bosch 2е рус издание.md,,2026-09-23T07:56:50.664101+00:00,"Table scope: representative passenger-car specifications current at 1999-03-01; source cited by the book as Automobil Revue Katalog 1999. Year is blank because the table date is not a model year. Payload is gross minus curb mass where both are reported; track width is the mean of the reported front/rear tracks. Fuel pairs are stored as highway/city in the source's extra-urban/city order; for DIN triples, highway stores the 90 km/h observation and city the third value. Source body code: 5 Li 5."
vp-72edb9,Ford,Focus 1.6,,,,International,car,M1,,Sedan,,FWD,,2,1,ICE,,Gasoline,1796.0,85.0,158.0,,,,,,,,,,1125.0,,,1620.0,,,495.0,ok,single,,,5.0,,4150.0,,,1700.0,,,1480.0,,,2615.0,,1490.0,,,,,,,4.06,1;2;3.15;1.93;3;4,5.0,,manual,,,,,198.0,10.2,,10.3,6.0,,,,,,,,,,2.2727,75.56,bosch,1Авто справочник Bosch 2е рус издание.md,,2026-09-23T07:56:50.664101+00:00,"Table scope: representative passenger-car specifications current at 1999-03-01; source cited by the book as Automobil Revue Katalog 1999. Year is blank because the table date is not a model year. Payload is gross minus curb mass where both are reported; track width is the mean of the reported front/rear tracks. Fuel pairs are stored as highway/city in the source's extra-urban/city order; for DIN triples, highway stores the 90 km/h observation and city the third value. Source body code: 5/3 Li 5."
vp-d8c8af,Ford,Focus 1.8TD Sedan,,,,International,car,M1,,Sedan,,FWD,,2,1,ICE,,Diesel,1753.0,67.0,200.0,,,,,,,,,,1205.0,,,1620.0,,,415.0,ok,single,,,5.0,,4360.0,,,1700.0,,,1480.0,,,2615.0,,1490.0,,,,,,,3.56,1;2;3.66;2.05;3;4,5.0,,manual,,,,,184.0,12.6,,6.7,4.0,,,,,,,,,,2.9036,55.6,bosch,1Авто справочник Bosch 2е рус издание.md,,2026-09-23T07:56:50.664101+00:00,"Table scope: representative passenger-car specifications current at 1999-03-01; source cited by the book as Automobil Revue Katalog 1999. Year is blank because the table date is not a model year. Payload is gross minus curb mass where both are reported; track width is the mean of the reported front/rear tracks. Fuel pairs are stored as highway/city in the source's extra-urban/city order; for DIN triples, highway stores the 90 km/h observation and city the third value. Source body code: 4 Li 5."
vp-3ff955,Ford,Mondeo 2.0,,,,International,car,M1,,Sedan,,FWD,,2,1,ICE,,Gasoline,1988.0,96.0,178.0,,,,,,,,,,1245.0,,,1815.0,,,570.0,ok,single,,,5.0,,4560.0,,,1750.0,,,1420.0,,,2705.0,,1495.0,,,,,,,3.84,1;2;3.42;2.14;3;4,5.0,,manual/automatic,,,,,206.0,9.9,,11.6,5.9,,,,,,,,,,2.1842,77.11,bosch,1Авто справочник Bosch 2е рус издание.md,,2026-09-23T07:56:50.664101+00:00,"Table scope: representative passenger-car specifications current at 1999-03-01; source cited by the book as Automobil Revue Katalog 1999. Year is blank because the table date is not a model year. Payload is gross minus curb mass where both are reported; track width is the mean of the reported front/rear tracks. Fuel pairs are stored as highway/city in the source's extra-urban/city order; for DIN triples, highway stores the 90 km/h observation and city the third value. Source body code: 4/5 Li 5."
vp-d632c2,Ford,Cougar 2.5i,,,,International,car,M1,,Coupe,,FWD,,2,1,ICE,,Gasoline,2544.0,125.0,220.0,,,,,,,,,,1390.0,,,1825.0,,,435.0,ok,single,,,5.0,,4700.0,,,1770.0,,,1320.0,,,2705.0,,1497.5,,,,,,,3.82,1;2;3.42;2.14;3;4,5.0,,manual/automatic,,,,,225.0,8.1,,13.4,7.3,,,,,,,,,,3.1954,89.93,bosch,1Авто справочник Bosch 2е рус издание.md,,2026-09-23T07:56:50.664101+00:00,"Table scope: representative passenger-car specifications current at 1999-03-01; source cited by the book as Automobil Revue Katalog 1999. Year is blank because the table date is not a model year. Payload is gross minus curb mass where both are reported; track width is the mean of the reported front/rear tracks. Fuel pairs are stored as highway/city in the source's extra-urban/city order; for DIN triples, highway stores the 90 km/h observation and city the third value. Source body code: 3 Co 5."
vp-beef11,Ford,Galaxy 1.9 TDI,,,,International,car,M1,,MPV,,FWD,,2,1,ICE,,Diesel,1896.0,81.0,235.0,,,,,,,,,,1645.0,,,2400.0,,,755.0,ok,single,,,,,4620.0,,,1810.0,,,1730.0,,,2835.0,,1512.5,,,,,,,4.36,3.58;2.05;1.35;0.92;0.67,5.0,,manual/automatic,,,,,172.0,10.8,,8.7,5.4,,,,,,,,,,2.1788,49.24,bosch,1Авто справочник Bosch 2е рус издание.md,,2026-09-23T07:56:50.664101+00:00,"Table scope: representative passenger-car specifications current at 1999-03-01; source cited by the book as Automobil Revue Katalog 1999. Year is blank because the table date is not a model year. Payload is gross minus curb mass where both are reported; track width is the mean of the reported front/rear tracks. Fuel pairs are stored as highway/city in the source's extra-urban/city order; for DIN triples, highway stores the 90 km/h observation and city the third value. Source body code: 5 Gli 5-8."
vp-fec1fa,Mercedes-Benz,A 140,,,,International,car,M1,,Sedan,,FWD,,2,1,ICE,,Gasoline,1397.0,60.0,130.0,,,,,,,,,,1020.0,,,1480.0,,,460.0,ok,single,,,5.0,,3575.0,,,1720.0,,,1580.0,,,2425.0,,1477.5,,,,,,,4.06,3.27;1.92;1.26;0.88;0.7,5.0,,manual/automatic,,,,,170.0,12.9,,9.8,5.6,,,,,,,,,,2.2174,58.82,bosch,1Авто справочник Bosch 2е рус издание.md,,2026-09-23T07:56:50.664101+00:00,"Table scope: representative passenger-car specifications current at 1999-03-01; source cited by the book as Automobil Revue Katalog 1999. Year is blank because the table date is not a model year. Payload is gross minus curb mass where both are reported; track width is the mean of the reported front/rear tracks. Fuel pairs are stored as highway/city in the source's extra-urban/city order; for DIN triples, highway stores the 90 km/h observation and city the third value. Source body code: 5 Li 5."
vp-d28427,Mercedes-Benz,A 160 CDI,,,,International,car,M1,,Sedan,,FWD,,2,1,ICE,,Diesel,1689.0,44.0,160.0,,,,,,,,,,1070.0,,,1530.0,,,460.0,ok,single,,,5.0,,3575.0,,,1720.0,,,1580.0,,,2425.0,,1497.5,,,,,,,3.05,3.63;2.09;1.31;0.9;0.72,5.0,,automatic,,,,,150.0,18.8,,6.0,4.3,,,,,,,,,,2.3261,41.12,bosch,1Авто справочник Bosch 2е рус издание.md,,2026-09-23T07:56:50.664101+00:00,"Table scope: representative passenger-car specifications current at 1999-03-01; source cited by the book as Automobil Revue Katalog 1999. Year is blank because the table date is not a model year. Payload is gross minus curb mass where both are reported; track width is the mean of the reported front/rear tracks. Fuel pairs are stored as highway/city in the source's extra-urban/city order; for DIN triples, highway stores the 90 km/h observation and city the third value. Source body code: 5 Li 5."
vp-7daa9b,Mercedes-Benz,SLK 200,,,,International,car,M1,,Roadster,,RWD,,2,1,ICE,,Gasoline,1998.0,100.0,190.0,,,,,,,,,,1195.0,,,1530.0,,,335.0,ok,single,,,2.0,,4000.0,,,1720.0,,,1290.0,,,2400.0,,1480.0,,,,,,,3.91,3.91;2.17;1.37;1;0.8,5.0,,manual/automatic,,,,,208.0,9.3,,12.9,6.9,,,,,,,,,,3.5672,83.68,bosch,1Авто справочник Bosch 2е рус издание.md,,2026-09-23T07:56:50.664101+00:00,"Table scope: representative passenger-car specifications current at 1999-03-01; source cited by the book as Automobil Revue Katalog 1999. Year is blank because the table date is not a model year. Payload is gross minus curb mass where both are reported; track width is the mean of the reported front/rear tracks. Fuel pairs are stored as highway/city in the source's extra-urban/city order; for DIN triples, highway stores the 90 km/h observation and city the third value. Source body code: 2 Ro 2."
vp-f51c4a,Mercedes-Benz,SLK 230 Kompressor,,,,International,car,M1,,Roadster,,RWD,,2,1,ICE,,Gasoline,2295.0,142.0,280.0,,,,,,,,,,1250.0,,,1585.0,,,335.0,ok,single,,,2.0,,4000.0,,,1720.0,,,1290.0,,,2400.0,,1480.0,,,,,,,3.46,3.86;2.18;1.38;1;0.8,5.0,,manual/automatic,,,,,231.0,7.7,,13.3,7.0,,,,,,,,,,3.7313,113.6,bosch,1Авто справочник Bosch 2е рус издание.md,,2026-09-23T07:56:50.664101+00:00,"Table scope: representative passenger-car specifications current at 1999-03-01; source cited by the book as Automobil Revue Katalog 1999. Year is blank because the table date is not a model year. Payload is gross minus curb mass where both are reported; track width is the mean of the reported front/rear tracks. Fuel pairs are stored as highway/city in the source's extra-urban/city order; for DIN triples, highway stores the 90 km/h observation and city the third value. Source body code: 2 Ro 2."
vp-bea30f,Mercedes-Benz,C-240 T,,,,International,car,M1,,Station wagon,,RWD,,2,1,ICE,,Gasoline,2398.0,125.0,225.0,,,,,,,,,,1470.0,,,1970.0,,,500.0,ok,single,,,5.0,,4515.0,,,1725.0,,,1430.0,,,2690.0,,1482.5,,,,,,,3.67,3.86;2.18;1.38;1;0.8,5.0,,manual/automatic,,,,,216.0,9.5,,14.3,7.5,,,,,,,,,,2.94,85.03,bosch,1Авто справочник Bosch 2е рус издание.md,,2026-09-23T07:56:50.664101+00:00,"Table scope: representative passenger-car specifications current at 1999-03-01; source cited by the book as Automobil Revue Katalog 1999. Year is blank because the table date is not a model year. Payload is gross minus curb mass where both are reported; track width is the mean of the reported front/rear tracks. Fuel pairs are stored as highway/city in the source's extra-urban/city order; for DIN triples, highway stores the 90 km/h observation and city the third value. Source body code: 5 Ko 5."
vp-b7802c,Mercedes-Benz,C 220 CDI,,,,International,car,M1,,Sedan,,RWD,,2,1,ICE,,Diesel,2151.0,92.0,300.0,,,,,,,,,,1340.0,,,1890.0,,,550.0,ok,single,,,5.0,,4515.0,,,1725.0,,,1430.0,,,2690.0,,1482.5,,,,,,,3.07,4.1;2.18;1.38;1;0.8,5.0,,manual/automatic,,,,,198.0,10.5,,8.2,5.0,,,,,,,,,,2.4364,68.66,bosch,1Авто справочник Bosch 2е рус издание.md,,2026-09-23T07:56:50.664101+00:00,"Table scope: representative passenger-car specifications current at 1999-03-01; source cited by the book as Automobil Revue Katalog 1999. Year is blank because the table date is not a model year. Payload is gross minus curb mass where both are reported; track width is the mean of the reported front/rear tracks. Fuel pairs are stored as highway/city in the source's extra-urban/city order; for DIN triples, highway stores the 90 km/h observation and city the third value. Source body code: 4 Li 5."
vp-de887f,Mercedes-Benz,CL 500,,,,International,car,M1,,Coupe,,RWD,,2,1,ICE,,Gasoline,4966.0,225.0,460.0,,,,,,,,,,1790.0,,,2320.0,,,530.0,ok,single,,,,,4995.0,,,1855.0,,,1400.0,,,2885.0,,1577.5,,,,,,,2.82,1;2;3.59;2.19;3;4,5.0,,automatic,,,,,250.0,6.5,,,,,,,,,,,,,3.3774,125.7,bosch,1Авто справочник Bosch 2е рус издание.md,,2026-09-23T07:56:50.664101+00:00,"Table scope: representative passenger-car specifications current at 1999-03-01; source cited by the book as Automobil Revue Katalog 1999. Year is blank because the table date is not a model year. Payload is gross minus curb mass where both are reported; track width is the mean of the reported front/rear tracks. Fuel pairs are stored as highway/city in the source's extra-urban/city order; for DIN triples, highway stores the 90 km/h observation and city the third value. Source body code: 2 Co 4/5."
vp-122e1d,Mercedes-Benz,E 280 T 4matic,,,,International,car,M1,,Station wagon,,AWD,,2,2,ICE,,Gasoline,2799.0,150.0,270.0,,,,,,,,,,1665.0,,,2290.0,,,625.0,ok,single,,,,,4820.0,,,1800.0,,,1440.0,,,2830.0,,1540.0,,,,,,,3.7,3.86;2.18;1.38;1;0.8,5.0,,manual/automatic,,,,,220.0,9.9,,16.0,8.4,,,,,,,,,,2.664,90.09,bosch,1Авто справочник Bosch 2е рус издание.md,,2026-09-23T07:56:50.664101+00:00,"Table scope: representative passenger-car specifications current at 1999-03-01; source cited by the book as Automobil Revue Katalog 1999. Year is blank because the table date is not a model year. Payload is gross minus curb mass where both are reported; track width is the mean of the reported front/rear tracks. Fuel pairs are stored as highway/city in the source's extra-urban/city order; for DIN triples, highway stores the 90 km/h observation and city the third value. Source body code: 5 Ko 5-7."
vp-6deffe,Mercedes-Benz,E 430,,,,International,car,M1,,Sedan,,RWD,,2,1,ICE,,Gasoline,4266.0,205.0,400.0,,,,,,,,,,1575.0,,,2180.0,,,605.0,ok,single,,,5.0,,4800.0,,,1800.0,,,1440.0,,,2830.0,,1540.0,,,,,,,2.82,3.59;2.19;1.41;1;0.83,5.0,,automatic,,,,,250.0,6.6,,16.8,8.1,,,,,,,,,,2.6033,130.16,bosch,1Авто справочник Bosch 2е рус издание.md,,2026-09-23T07:56:50.664101+00:00,"Table scope: representative passenger-car specifications current at 1999-03-01; source cited by the book as Automobil Revue Katalog 1999. Year is blank because the table date is not a model year. Payload is gross minus curb mass where both are reported; track width is the mean of the reported front/rear tracks. Fuel pairs are stored as highway/city in the source's extra-urban/city order; for DIN triples, highway stores the 90 km/h observation and city the third value. Source body code: 4 Li 5."
vp-8f565a,Mercedes-Benz,CLK 200 Kompressor,,,,International,car,M1,,Coupe,,RWD,,2,1,ICE,,Gasoline,1998.0,141.0,270.0,,,,,,,,,,1320.0,,,1820.0,,,500.0,ok,single,,,4.0,,4565.0,,,1720.0,,,1370.0,,,2690.0,,1490.0,,,,,,,3.67,3.86;2.18;1.38;1;0.8,5.0,,manual/automatic,,,,,233.0,8.4,,13.6,7.2,,,,,,,,,,2.64,106.82,bosch,1Авто справочник Bosch 2е рус издание.md,,2026-09-23T07:56:50.664101+00:00,"Table scope: representative passenger-car specifications current at 1999-03-01; source cited by the book as Automobil Revue Katalog 1999. Year is blank because the table date is not a model year. Payload is gross minus curb mass where both are reported; track width is the mean of the reported front/rear tracks. Fuel pairs are stored as highway/city in the source's extra-urban/city order; for DIN triples, highway stores the 90 km/h observation and city the third value. Source body code: 2 Co 4."
vp-c9e643,Mercedes-Benz,S 320,,,,International,car,M1,,Sedan,,RWD,,2,1,ICE,,Gasoline,3199.0,165.0,315.0,,,,,,,,,,1695.0,,,2300.0,,,605.0,ok,single,,,5.0,,5040.0,,,1855.0,,,1450.0,,,2965.0,,1575.0,,,,,,,3.07,3.93;2.41;1.49;1;0.83,5.0,,automatic,,,,,240.0,8.2,,17.1,8.2,,,,,,,,,,2.8017,97.35,bosch,1Авто справочник Bosch 2е рус издание.md,,2026-09-23T07:56:50.664101+00:00,"Table scope: representative passenger-car specifications current at 1999-03-01; source cited by the book as Automobil Revue Katalog 1999. Year is blank because the table date is not a model year. Payload is gross minus curb mass where both are reported; track width is the mean of the reported front/rear tracks. Fuel pairs are stored as highway/city in the source's extra-urban/city order; for DIN triples, highway stores the 90 km/h observation and city the third value. Source body code: 4 Li 5."
vp-7c3277,Mercedes-Benz,SL 600,,,,International,car,M1,,Roadster,,RWD,,2,1,ICE,,Gasoline,5987.0,290.0,570.0,,,,,,,,,,1980.0,,,2320.0,,,340.0,ok,single,,,4.0,,4500.0,,,1810.0,,,1290.0,,,2515.0,,1530.0,,,,,,,2.65,3.59;2.19;1.41;1;0.83,5.0,,automatic,,,,,250.0,6.1,,23.3,10.9,,,,,,,,,,5.8235,146.46,bosch,1Авто справочник Bosch 2е рус издание.md,,2026-09-23T07:56:50.664101+00:00,"Table scope: representative passenger-car specifications current at 1999-03-01; source cited by the book as Automobil Revue Katalog 1999. Year is blank because the table date is not a model year. Payload is gross minus curb mass where both are reported; track width is the mean of the reported front/rear tracks. Fuel pairs are stored as highway/city in the source's extra-urban/city order; for DIN triples, highway stores the 90 km/h observation and city the third value. Source body code: 2 Ro 2+2."
vp-a9e9cd,Mercedes-Benz,ML 230,,,,International,car,M1,,SUV,,AWD,,2,2,ICE,,Gasoline,2295.0,110.0,220.0,,,,,,,,,,1855.0,,,2650.0,,,795.0,ok,single,,,,,4590.0,,,1830.0,,,1780.0,,,2820.0,,1560.0,,,,,,,4.73,3.86;2.18;1.38;1;0.8,5.0,,manual,,,,,180.0,12.3,,17.1,10.0,,,,,,,,,,2.3333,59.3,bosch,1Авто справочник Bosch 2е рус издание.md,,2026-09-23T07:56:50.664101+00:00,"Table scope: representative passenger-car specifications current at 1999-03-01; source cited by the book as Automobil Revue Katalog 1999. Year is blank because the table date is not a model year. Payload is gross minus curb mass where both are reported; track width is the mean of the reported front/rear tracks. Fuel pairs are stored as highway/city in the source's extra-urban/city order; for DIN triples, highway stores the 90 km/h observation and city the third value. Source body code: 5 Ge 5-7."
vp-ecbbf5,Opel,Corsa 1.0i,,,,International,car,M1,,Sedan,,FWD,,2,1,ICE,,Gasoline,973.0,40.0,82.0,,,,,,,,,,865.0,,,1360.0,,,495.0,ok,single,,,5.0,,3740.0,,,1610.0,,,1420.0,,,2445.0,,1387.5,,,,,,,3.74,3.73;2.14;1.41;1.12;0.89,5.0,,manual/automatic,,,,,150.0,18.0,,7.4,4.6,,,,,,,,,,1.7475,46.24,bosch,1Авто справочник Bosch 2е рус издание.md,,2026-09-23T07:56:50.664101+00:00,"Table scope: representative passenger-car specifications current at 1999-03-01; source cited by the book as Automobil Revue Katalog 1999. Year is blank because the table date is not a model year. Payload is gross minus curb mass where both are reported; track width is the mean of the reported front/rear tracks. Fuel pairs are stored as highway/city in the source's extra-urban/city order; for DIN triples, highway stores the 90 km/h observation and city the third value. Source body code: 3/5 Li 5."
vp-32e0c1,Opel,Corsa 1.6i,,,,International,car,M1,,Sedan,,FWD,,2,1,ICE,,Gasoline,1598.0,78.0,148.0,,,,,,,,,,980.0,,,1435.0,,,455.0,ok,single,,,5.0,,3740.0,,,1610.0,,,1420.0,,,2445.0,,1387.5,,,,,,,3.74,3.73;2.14;1.41;1.12;0.89,5.0,,manual/automatic,,,,,192.0,10.5,,10.8,6.1,,,,,,,,,,2.1538,79.59,bosch,1Авто справочник Bosch 2е рус издание.md,,2026-09-23T07:56:50.664101+00:00,"Table scope: representative passenger-car specifications current at 1999-03-01; source cited by the book as Automobil Revue Katalog 1999. Year is blank because the table date is not a model year. Payload is gross minus curb mass where both are reported; track width is the mean of the reported front/rear tracks. Fuel pairs are stored as highway/city in the source's extra-urban/city order; for DIN triples, highway stores the 90 km/h observation and city the third value. Source body code: 3/5 Li 5."
vp-6b624b,Opel,Astra 1.2i,,,,International,car,M1,,Sedan,,FWD,,2,1,ICE,,Gasoline,1199.0,48.0,110.0,,,,,,,,,,1035.0,,,1555.0,,,520.0,ok,single,,,5.0,,4111.0,,,1710.0,,,1430.0,,,2610.0,,1472.5,,,,,,,3.94,3.73;2.14;1.41;1.12;0.89,5.0,,manual,,,,,165.0,16.0,,8.0,5.0,,,,,,,,,,1.9904,46.38,bosch,1Авто справочник Bosch 2е рус издание.md,,2026-09-23T07:56:50.664101+00:00,"Table scope: representative passenger-car specifications current at 1999-03-01; source cited by the book as Automobil Revue Katalog 1999. Year is blank because the table date is not a model year. Payload is gross minus curb mass where both are reported; track width is the mean of the reported front/rear tracks. Fuel pairs are stored as highway/city in the source's extra-urban/city order; for DIN triples, highway stores the 90 km/h observation and city the third value. Source body code: 3/4/5 Li 5."
vp-49347a,Opel,Astra 2.0i,,,,International,car,M1,,Sedan,,FWD,,2,1,ICE,,Gasoline,1998.0,100.0,188.0,,,,,,,,,,1170.0,,,1695.0,,,525.0,ok,single,,,5.0,,4111.0,,,1710.0,,,1430.0,,,2610.0,,1472.5,,,,,,,3.74,3.58;2.14;1.48;1.12;0.89,5.0,,manual/automatic,,,,,208.0,9.0,,12.0,6.6,,,,,,,,,,2.2286,85.47,bosch,1Авто справочник Bosch 2е рус издание.md,,2026-09-23T07:56:50.664101+00:00,"Table scope: representative passenger-car specifications current at 1999-03-01; source cited by the book as Automobil Revue Katalog 1999. Year is blank because the table date is not a model year. Payload is gross minus curb mass where both are reported; track width is the mean of the reported front/rear tracks. Fuel pairs are stored as highway/city in the source's extra-urban/city order; for DIN triples, highway stores the 90 km/h observation and city the third value. Source body code: 3/4/5 Li 5."
vp-80f187,Opel,Zafira 1.8i,,,,International,car,M1,,MPV,,FWD,,2,1,ICE,,Gasoline,1796.0,85.0,170.0,,,,,,,,,,1320.0,,,2040.0,,,720.0,ok,single,,,,,4320.0,,,1740.0,,,1630.0,,,2690.0,,1480.0,,,,,,,4.19,3.73;2.14;1.41;1.12;0.89,5.0,,manual/automatic,,,,,164.0,12.0,,11.5,6.8,,,,,,,,,,1.8333,64.39,bosch,1Авто справочник Bosch 2е рус издание.md,,2026-09-23T07:56:50.664101+00:00,"Table scope: representative passenger-car specifications current at 1999-03-01; source cited by the book as Automobil Revue Katalog 1999. Year is blank because the table date is not a model year. Payload is gross minus curb mass where both are reported; track width is the mean of the reported front/rear tracks. Fuel pairs are stored as highway/city in the source's extra-urban/city order; for DIN triples, highway stores the 90 km/h observation and city the third value. Source body code: 5 Gli 5-7."
vp-dce491,Opel,Vectra 2.5i,,,,International,car,M1,,Sedan,,FWD,,2,1,ICE,,Gasoline,2498.0,125.0,230.0,,,,,,,,,,1355.0,,,1850.0,,,495.0,ok,single,,,5.0,,4495.0,,,1710.0,,,1420.0,,,2635.0,,1467.5,,,,,,,3.84,1;2;3.58;2.02;3;4,5.0,,manual/automatic,,,,,230.0,8.5,,14.1,7.3,,,,,,,,,,2.7374,92.25,bosch,1Авто справочник Bosch 2е рус издание.md,,2026-09-23T07:56:50.664101+00:00,"Table scope: representative passenger-car specifications current at 1999-03-01; source cited by the book as Automobil Revue Katalog 1999. Year is blank because the table date is not a model year. Payload is gross minus curb mass where both are reported; track width is the mean of the reported front/rear tracks. Fuel pairs are stored as highway/city in the source's extra-urban/city order; for DIN triples, highway stores the 90 km/h observation and city the third value. Source body code: 4/5 Li 5."
vp-9aa9b8,Opel,Omega 2.5 TD,,,,International,car,M1,,Sedan,,RWD,,2,1,ICE,,Diesel,2497.0,96.0,250.0,,,,,,,,,,1550.0,,,2120.0,,,570.0,ok,single,,,5.0,,4785.0,,,1785.0,,,1450.0,,,2730.0,,1522.5,,,,,,,3.45,1;2;3.81;2.11;3;4,5.0,,manual/automatic,,,,,200.0,12.0,,10.9,6.1,,,,,,,,,,2.7193,61.94,bosch,1Авто справочник Bosch 2е рус издание.md,,2026-09-23T07:56:50.664101+00:00,"Table scope: representative passenger-car specifications current at 1999-03-01; source cited by the book as Automobil Revue Katalog 1999. Year is blank because the table date is not a model year. Payload is gross minus curb mass where both are reported; track width is the mean of the reported front/rear tracks. Fuel pairs are stored as highway/city in the source's extra-urban/city order; for DIN triples, highway stores the 90 km/h observation and city the third value. Source body code: 4 Li 5."
vp-1771d5,Opel,Sintra 2.2i,,,,International,car,M1,,MPV,,FWD,,2,1,ICE,,Gasoline,2198.0,104.0,260.0,,,,,,,,,,1655.0,,,2345.0,,,690.0,ok,single,,,,,4670.0,,,1830.0,,,1780.0,,,2850.0,,1585.0,,,,,,,4.05,1;2;3.67;1.76;3;4,5.0,,manual,,,,,183.0,12.7,,12.5,8.1,,,,,,,,,,2.3986,62.84,bosch,1Авто справочник Bosch 2е рус издание.md,,2026-09-23T07:56:50.664101+00:00,"Table scope: representative passenger-car specifications current at 1999-03-01; source cited by the book as Automobil Revue Katalog 1999. Year is blank because the table date is not a model year. Payload is gross minus curb mass where both are reported; track width is the mean of the reported front/rear tracks. Fuel pairs are stored as highway/city in the source's extra-urban/city order; for DIN triples, highway stores the 90 km/h observation and city the third value. Source body code: 5 Gli 5-8."
vp-5aeaa8,Opel,Frontera 3.2i,,,,International,car,M1,,SUV,,AWD,,2,2,ICE,,Gasoline,3165.0,151.0,290.0,,,,,,,,,,1780.0,,,2450.0,,,670.0,ok,single,,,5.0,,4660.0,,,1785.0,,,1740.0,,,2700.0,,1517.5,,,,,,,4.3,1;2;3.77;2.25;3;4,5.0,,manual/automatic,,,,,192.0,9.7,,17.0,10.1,,,,,,,,,,2.6567,84.83,bosch,1Авто справочник Bosch 2е рус издание.md,,2026-09-23T07:56:50.664101+00:00,"Table scope: representative passenger-car specifications current at 1999-03-01; source cited by the book as Automobil Revue Katalog 1999. Year is blank because the table date is not a model year. Payload is gross minus curb mass where both are reported; track width is the mean of the reported front/rear tracks. Fuel pairs are stored as highway/city in the source's extra-urban/city order; for DIN triples, highway stores the 90 km/h observation and city the third value. Source body code: 5/3 Ge 5."
vp-74fb77,Opel,Monterey 3.0 TD,,,,International,car,M1,,SUV,,AWD,,2,2,ICE,,Diesel,2999.0,117.0,333.0,,,,,,,,,,1965.0,,,2730.0,,,765.0,ok,single,,,5.0,,4795.0,,,1835.0,,,1840.0,,,2760.0,,1517.5,,,,,,,4.56,1;2;3.77;2.25;3;4,5.0,,manual,,,,,160.0,15.8,,14.0,9.0,,,,,,,,,,2.5686,59.54,bosch,1Авто справочник Bosch 2е рус издание.md,,2026-09-23T07:56:50.664101+00:00,"Table scope: representative passenger-car specifications current at 1999-03-01; source cited by the book as Automobil Revue Katalog 1999. Year is blank because the table date is not a model year. Payload is gross minus curb mass where both are reported; track width is the mean of the reported front/rear tracks. Fuel pairs are stored as highway/city in the source's extra-urban/city order; for DIN triples, highway stores the 90 km/h observation and city the third value. Source body code: 3/5 Ge 5."
vp-8a555c,Porsche,Boxster 2.5i,,,,International,car,M1,,Convertible,,RWD,,2,1,ICE,,Gasoline,2480.0,150.0,245.0,,,,,,,,,,1250.0,,,1560.0,,,310.0,ok,single,,,2.0,,4315.0,,,1780.0,,,1290.0,,,2415.0,,1495.0,,,,,,,3.89,3.5;2.12;1.43;1.03;0.79,5.0,,manual/automatic,,,,,240.0,6.9,,14.3,7.1,,,,,,,,,,4.0323,120.0,bosch,1Авто справочник Bosch 2е рус издание.md,,2026-09-23T07:56:50.664101+00:00,"Table scope: representative passenger-car specifications current at 1999-03-01; source cited by the book as Automobil Revue Katalog 1999. Year is blank because the table date is not a model year. Payload is gross minus curb mass where both are reported; track width is the mean of the reported front/rear tracks. Fuel pairs are stored as highway/city in the source's extra-urban/city order; for DIN triples, highway stores the 90 km/h observation and city the third value. Source body code: 2 Ca 2."
vp-9ec825,Porsche,911 Carrera 3.4,,,,International,car,M1,,Coupe,,RWD,,2,1,ICE,,Gasoline,3387.0,221.0,350.0,,,,,,,,,,1320.0,,,1720.0,,,400.0,ok,single,,,4.0,,4430.0,,,1765.0,,,1300.0,,,2350.0,,1477.5,,,,,,,3.44,3.82;2.2;1.52;1.22;1.02;0.84,6.0,,manual/automatic,,,,,280.0,5.2,,17.2,8.5,,,,,,,,,,3.3,167.42,bosch,1Авто справочник Bosch 2е рус издание.md,,2026-09-23T07:56:50.664101+00:00,"Table scope: representative passenger-car specifications current at 1999-03-01; source cited by the book as Automobil Revue Katalog 1999. Year is blank because the table date is not a model year. Payload is gross minus curb mass where both are reported; track width is the mean of the reported front/rear tracks. Fuel pairs are stored as highway/city in the source's extra-urban/city order; for DIN triples, highway stores the 90 km/h observation and city the third value. Source body code: 2 Co/Ca 2+2."
vp-a38d06,Porsche,911 GT3 3.6,,,,International,car,M1,,Coupe,,RWD,,2,1,ICE,,Gasoline,3600.0,265.0,370.0,,,,,,,,,,1320.0,,,1720.0,,,400.0,ok,single,,,4.0,,4430.0,,,1780.0,,,1270.0,,,2350.0,,1472.5,,,,,,,3.44,3.82;2.15;1.56;1.21;0.97;0.75,6.0,,manual/automatic,,,,,280.0,4.8,,22.0,10.0,,,,,,,,,,3.3,200.76,bosch,1Авто справочник Bosch 2е рус издание.md,,2026-09-23T07:56:50.664101+00:00,"Table scope: representative passenger-car specifications current at 1999-03-01; source cited by the book as Automobil Revue Katalog 1999. Year is blank because the table date is not a model year. Payload is gross minus curb mass where both are reported; track width is the mean of the reported front/rear tracks. Fuel pairs are stored as highway/city in the source's extra-urban/city order; for DIN triples, highway stores the 90 km/h observation and city the third value. Source body code: 2 Co/Ca 2+2."
vp-52b34c,Volkswagen,Lupo 1.0,,,,International,car,M1,,Sedan,,FWD,,2,1,ICE,,Gasoline,999.0,37.0,86.0,,,,,,,,,,895.0,,,1350.0,,,455.0,ok,single,,,,,3525.0,,,1640.0,,,1460.0,,,2325.0,,1395.0,,,,,,,4.23,3.46;1.96;1.36;1.05;0.86,5.0,,manual,,,,,152.0,17.9,,7.6,4.8,,,,,,,,,,1.967,41.34,bosch,1Авто справочник Bosch 2е рус издание.md,,2026-09-23T07:56:50.664101+00:00,"Table scope: representative passenger-car specifications current at 1999-03-01; source cited by the book as Automobil Revue Katalog 1999. Year is blank because the table date is not a model year. Payload is gross minus curb mass where both are reported; track width is the mean of the reported front/rear tracks. Fuel pairs are stored as highway/city in the source's extra-urban/city order; for DIN triples, highway stores the 90 km/h observation and city the third value. Source body code: 3 Li 4-5."
vp-49dc77,Volkswagen,Lupo 1.2 TDI,,,,International,car,M1,,Sedan,,FWD,,2,1,ICE,,Diesel,1196.0,45.0,140.0,,,,,,,,,,780.0,,,1200.0,,,420.0,ok,single,,,,,3525.0,,,1640.0,,,1460.0,,,2325.0,,1395.0,,,,,,,3.33,3.46;1.96;1.82;0.81;0.64,5.0,,manual,,,,,165.0,16.5,,3.7,2.7,,,,,,,,,,1.8571,57.69,bosch,1Авто справочник Bosch 2е рус издание.md,,2026-09-23T07:56:50.664101+00:00,"Table scope: representative passenger-car specifications current at 1999-03-01; source cited by the book as Automobil Revue Katalog 1999. Year is blank because the table date is not a model year. Payload is gross minus curb mass where both are reported; track width is the mean of the reported front/rear tracks. Fuel pairs are stored as highway/city in the source's extra-urban/city order; for DIN triples, highway stores the 90 km/h observation and city the third value. Source body code: 3 Li 4-5."
vp-7b21ea,Volkswagen,Polo 1.4,,,,International,car,M1,,Sedan,,FWD,,2,1,ICE,,Gasoline,1390.0,74.0,128.0,,,,,,,,,,950.0,,,1450.0,,,500.0,ok,single,,,5.0,,3715.0,,,1655.0,,,1420.0,,,2405.0,,1365.0,,,,,,,3.88,3.45;2.1;1.45;1.1;0.89,5.0,,manual,,,,,188.0,10.5,,9.6,5.4,,,,,,,,,,1.9,77.89,bosch,1Авто справочник Bosch 2е рус издание.md,,2026-09-23T07:56:50.664101+00:00,"Table scope: representative passenger-car specifications current at 1999-03-01; source cited by the book as Automobil Revue Katalog 1999. Year is blank because the table date is not a model year. Payload is gross minus curb mass where both are reported; track width is the mean of the reported front/rear tracks. Fuel pairs are stored as highway/city in the source's extra-urban/city order; for DIN triples, highway stores the 90 km/h observation and city the third value. Source body code: 3/5 Li 5."
vp-41d3bc,Volkswagen,Polo Variant 1.9 TDI,,,,International,car,M1,,Station wagon,,FWD,,2,1,ICE,,Diesel,1896.0,66.0,210.0,,,,,,,,,,1135.0,,,1595.0,,,460.0,ok,single,,,5.0,,4140.0,,,1640.0,,,1460.0,,,2440.0,,1410.0,,,,,,,3.16,3.3;1.94;1.31;0.92;0.72,5.0,,manual,,,,,180.0,12.5,,6.4,4.1,,,,,,,,,,2.4674,58.15,bosch,1Авто справочник Bosch 2е рус издание.md,,2026-09-23T07:56:50.664101+00:00,"Table scope: representative passenger-car specifications current at 1999-03-01; source cited by the book as Automobil Revue Katalog 1999. Year is blank because the table date is not a model year. Payload is gross minus curb mass where both are reported; track width is the mean of the reported front/rear tracks. Fuel pairs are stored as highway/city in the source's extra-urban/city order; for DIN triples, highway stores the 90 km/h observation and city the third value. Source body code: 5 Ko 5."
vp-511888,Volkswagen,New Beetle 2.0,,,,International,car,M1,,Sedan,,FWD,,2,1,ICE,,Gasoline,1984.0,85.0,170.0,,,,,,,,,,1230.0,,,1650.0,,,420.0,ok,single,,,4.0,,4080.0,,,1725.0,,,1500.0,,,2510.0,,1502.5,,,,,,,4.24,,5.0,,manual/automatic,,,,,185.0,10.9,,11.8,6.9,,,,,,,,,,2.9286,69.11,bosch,1Авто справочник Bosch 2е рус издание.md,,2026-09-23T07:56:50.664101+00:00,"Table scope: representative passenger-car specifications current at 1999-03-01; source cited by the book as Automobil Revue Katalog 1999. Year is blank because the table date is not a model year. Payload is gross minus curb mass where both are reported; track width is the mean of the reported front/rear tracks. Fuel pairs are stored as highway/city in the source's extra-urban/city order; for DIN triples, highway stores the 90 km/h observation and city the third value. Source body code: 2 Li 4."
vp-f9aa89,Volkswagen,Golf IV 2.3 VR5,,,,International,car,M1,,Sedan,,FWD,,2,1,ICE,,Gasoline,2324.0,110.0,205.0,,,,,,,,,,1245.0,,,1800.0,,,555.0,ok,single,,,5.0,,4150.0,,,1735.0,,,1440.0,,,2510.0,,1500.0,,,,,,,3.94,,5.0,,manual/automatic,,,,,216.0,8.8,,13.2,7.2,,,,,,,,,,2.2432,88.35,bosch,1Авто справочник Bosch 2е рус издание.md,,2026-09-23T07:56:50.664101+00:00,"Table scope: representative passenger-car specifications current at 1999-03-01; source cited by the book as Automobil Revue Katalog 1999. Year is blank because the table date is not a model year. Payload is gross minus curb mass where both are reported; track width is the mean of the reported front/rear tracks. Fuel pairs are stored as highway/city in the source's extra-urban/city order; for DIN triples, highway stores the 90 km/h observation and city the third value. Source body code: 3/5 Li 5."
vp-451ffc,Volkswagen,Bora 1.6,,,,International,car,M1,,Sedan,,FWD,,2,1,ICE,,Gasoline,1595.0,74.0,145.0,,,,,,,,,,1185.0,,,1720.0,,,535.0,ok,single,,,5.0,,4375.0,,,1735.0,,,1440.0,,,2515.0,,1505.0,,,,,,,4.25,,5.0,,manual/automatic,,,,,188.0,11.7,,10.6,6.0,,,,,,,,,,2.215,62.45,bosch,1Авто справочник Bosch 2е рус издание.md,,2026-09-23T07:56:50.664101+00:00,"Table scope: representative passenger-car specifications current at 1999-03-01; source cited by the book as Automobil Revue Katalog 1999. Year is blank because the table date is not a model year. Payload is gross minus curb mass where both are reported; track width is the mean of the reported front/rear tracks. Fuel pairs are stored as highway/city in the source's extra-urban/city order; for DIN triples, highway stores the 90 km/h observation and city the third value. Source body code: 4 Li 5."
vp-1dc453,Volkswagen,Passat Variant 2.8 Syncro VR6,,,,International,car,M1,,Station wagon,,AWD,,2,2,ICE,,Gasoline,2771.0,142.0,280.0,,,,,,,,,,1495.0,,,2040.0,,,545.0,ok,single,,,5.0,,4675.0,,,1740.0,,,1500.0,,,2705.0,,1500.0,,,,,,,3.89,,5.0,,manual/automatic,,,,,238.0,7.6,,15.2,8.0,,,,,,,,,,2.7431,94.98,bosch,1Авто справочник Bosch 2е рус издание.md,,2026-09-23T07:56:50.664101+00:00,"Table scope: representative passenger-car specifications current at 1999-03-01; source cited by the book as Automobil Revue Katalog 1999. Year is blank because the table date is not a model year. Payload is gross minus curb mass where both are reported; track width is the mean of the reported front/rear tracks. Fuel pairs are stored as highway/city in the source's extra-urban/city order; for DIN triples, highway stores the 90 km/h observation and city the third value. Source body code: 5 Ko 5."
vp-d708aa,Volkswagen,Passat 1.9 TDI,,,,International,car,M1,,Sedan,,FWD,,2,1,ICE,,Diesel,1896.0,85.0,285.0,,,,,,,,,,1320.0,,,1880.0,,,560.0,ok,single,,,5.0,,4675.0,,,1740.0,,,1460.0,,,2705.0,,1500.0,,,,,,,3.56,,5.0,,manual/automatic,,,,,200.0,10.7,,7.0,4.3,,,,,,,,,,2.3571,64.39,bosch,1Авто справочник Bosch 2е рус издание.md,,2026-09-23T07:56:50.664101+00:00,"Table scope: representative passenger-car specifications current at 1999-03-01; source cited by the book as Automobil Revue Katalog 1999. Year is blank because the table date is not a model year. Payload is gross minus curb mass where both are reported; track width is the mean of the reported front/rear tracks. Fuel pairs are stored as highway/city in the source's extra-urban/city order; for DIN triples, highway stores the 90 km/h observation and city the third value. Source body code: 4 Li 5."
vp-ed5f5c,Volkswagen,Sharan 1.8,,,,International,car,M1,,MPV,,FWD,,2,1,ICE,,Gasoline,1781.0,110.0,210.0,,,,,,,,,,1660.0,,,2400.0,,,740.0,ok,single,,,,,4620.0,,,1810.0,,,1730.0,,,2845.0,,,,,,,,,4.06,3.58;2.05;1.35;0.97;0.81,5.0,,manual/automatic,,,,,194.0,12.0,,13.9,7.9,,,,,,,,,,2.2432,66.27,bosch,1Авто справочник Bosch 2е рус издание.md,,2026-09-23T07:56:50.664101+00:00,"Table scope: representative passenger-car specifications current at 1999-03-01; source cited by the book as Automobil Revue Katalog 1999. Year is blank because the table date is not a model year. Payload is gross minus curb mass where both are reported; track width is the mean of the reported front/rear tracks. Fuel pairs are stored as highway/city in the source's extra-urban/city order; for DIN triples, highway stores the 90 km/h observation and city the third value. Source body code: 5 Gli 5-7."
vp-cca33b,Citroën,Saxo 1.0i,,,,International,car,M1,,Sedan,,FWD,,2,1,ICE,,Gasoline,954.0,37.0,74.0,,,,,,,,,,825.0,,,1240.0,,,415.0,ok,single,,,5.0,,3720.0,,,1595.0,,,1370.0,,,2385.0,,,,,,,,,4.29,3.42;1.81;1.28;0.98;0.77,5.0,,manual,,,,,149.0,19.1,,8.3,5.1,,,,,,,,,,1.988,44.85,bosch,1Авто справочник Bosch 2е рус издание.md,,2026-09-23T07:56:50.664101+00:00,"Table scope: representative passenger-car specifications current at 1999-03-01; source cited by the book as Automobil Revue Katalog 1999. Year is blank because the table date is not a model year. Payload is gross minus curb mass where both are reported; track width is the mean of the reported front/rear tracks. Fuel pairs are stored as highway/city in the source's extra-urban/city order; for DIN triples, highway stores the 90 km/h observation and city the third value. Source body code: 5/3 Li 5."
vp-fd07d3,Citroën,Saxo 1.6i,,,,International,car,M1,,Sedan,,FWD,,2,1,ICE,,Gasoline,1587.0,66.0,137.0,,,,,,,,,,920.0,,,1360.0,,,440.0,ok,single,,,5.0,,3740.0,,,1620.0,,,1360.0,,,2385.0,,,,,,,,,3.56,3.42;1.95;1.36;1.05;0.85,5.0,,manual,,,,,187.0,11.4,,9.9,5.8,,,,,,,,,,2.0909,71.74,bosch,1Авто справочник Bosch 2е рус издание.md,,2026-09-23T07:56:50.664101+00:00,"Table scope: representative passenger-car specifications current at 1999-03-01; source cited by the book as Automobil Revue Katalog 1999. Year is blank because the table date is not a model year. Payload is gross minus curb mass where both are reported; track width is the mean of the reported front/rear tracks. Fuel pairs are stored as highway/city in the source's extra-urban/city order; for DIN triples, highway stores the 90 km/h observation and city the third value. Source body code: 3/5 Li 5."
vp-2f722e,Citroën,Berlingo 1.4i,,,,International,car,M1,,Station wagon,,FWD,,2,1,ICE,,Gasoline,1361.0,55.0,111.0,,,,,,,,,,1125.0,,,1780.0,,,655.0,ok,single,,,5.0,,4110.0,,,1720.0,,,1800.0,,,2690.0,,,,,,,,,4.54,3.42;1.95;1.36;1.05;0.85,5.0,,manual,,,,,150.0,14.6,,9.2,5.9,,,,,,,,,,1.7176,48.89,bosch,1Авто справочник Bosch 2е рус издание.md,,2026-09-23T07:56:50.664101+00:00,"Table scope: representative passenger-car specifications current at 1999-03-01; source cited by the book as Automobil Revue Katalog 1999. Year is blank because the table date is not a model year. Payload is gross minus curb mass where both are reported; track width is the mean of the reported front/rear tracks. Fuel pairs are stored as highway/city in the source's extra-urban/city order; for DIN triples, highway stores the 90 km/h observation and city the third value. Source body code: 3/4/5 Ko 5."
vp-acacd7,Citroën,Berlingo 1.9D,,,,International,car,M1,,Station wagon,,FWD,,2,1,ICE,,Diesel,1905.0,50.0,120.0,,,,,,,,,,1185.0,,,1840.0,,,655.0,ok,single,,,5.0,,4110.0,,,1720.0,,,1800.0,,,2690.0,,,,,,,,,4.53,3.42;1.95;1.36;1.05;0.85,5.0,,manual,,,,,142.0,16.3,,8.6,5.4,,,,,,,,,,1.8092,42.19,bosch,1Авто справочник Bosch 2е рус издание.md,,2026-09-23T07:56:50.664101+00:00,"Table scope: representative passenger-car specifications current at 1999-03-01; source cited by the book as Automobil Revue Katalog 1999. Year is blank because the table date is not a model year. Payload is gross minus curb mass where both are reported; track width is the mean of the reported front/rear tracks. Fuel pairs are stored as highway/city in the source's extra-urban/city order; for DIN triples, highway stores the 90 km/h observation and city the third value. Source body code: 3/4/5 Ko 5."
vp-0d9c43,Citroën,Xsara 1.6i,,,,International,car,M1,,Station wagon,,FWD,,2,1,ICE,,Gasoline,1762.0,66.0,147.0,,,,,,,,,,1120.0,,,1650.0,,,530.0,ok,single,,,5.0,,4355.0,,,1790.0,,,1420.0,,,2540.0,,,,,,,,,3.67,3.45;1.87;1.28;0.95;0.8,5.0,,manual,,,,,182.0,13.5,,11.0,6.2,,,,,,,,,,2.1132,58.93,bosch,1Авто справочник Bosch 2е рус издание.md,,2026-09-23T07:56:50.664101+00:00,"Table scope: representative passenger-car specifications current at 1999-03-01; source cited by the book as Automobil Revue Katalog 1999. Year is blank because the table date is not a model year. Payload is gross minus curb mass where both are reported; track width is the mean of the reported front/rear tracks. Fuel pairs are stored as highway/city in the source's extra-urban/city order; for DIN triples, highway stores the 90 km/h observation and city the third value. Source body code: 5 Ko 5."
vp-7feee2,Citroën,Xsara 1.9TD,,,,International,car,M1,,Sedan,,FWD,,2,1,ICE,,Gasoline,1905.0,66.0,196.0,,,,,,,,,,1140.0,,,1690.0,,,550.0,ok,single,,,5.0,,4355.0,,,1790.0,,,1390.0,,,2540.0,,,,,,,,,4.05,3.45;1.87;1.15;0.83;0.66,5.0,,manual,,,,,178.0,11.2,,8.8,5.2,,,,,,,,,,2.0727,57.89,bosch,1Авто справочник Bosch 2е рус издание.md,,2026-09-23T07:56:50.664101+00:00,"Table scope: representative passenger-car specifications current at 1999-03-01; source cited by the book as Automobil Revue Katalog 1999. Year is blank because the table date is not a model year. Payload is gross minus curb mass where both are reported; track width is the mean of the reported front/rear tracks. Fuel pairs are stored as highway/city in the source's extra-urban/city order; for DIN triples, highway stores the 90 km/h observation and city the third value. Source body code: 5/3 Li 5."
vp-9c24d4,Citroën,Xsara Picasso 2.0 TDi,,,,International,car,M1,,MPV,,FWD,,2,1,ICE,,Diesel,1998.0,80.0,250.0,,,,,,,,,,1300.0,,,,,,,,single,,,5.0,,4275.0,,,1750.0,,,1640.0,,,2760.0,,1442.5,,,,,,,,1;2,5.0,,manual,,,,,180.0,12.5,,8.0,5.0,,,,,,,,,,,61.54,bosch,1Авто справочник Bosch 2е рус издание.md,,2026-09-23T07:56:50.664101+00:00,"Table scope: representative passenger-car specifications current at 1999-03-01; source cited by the book as Automobil Revue Katalog 1999. Year is blank because the table date is not a model year. Payload is gross minus curb mass where both are reported; track width is the mean of the reported front/rear tracks. Fuel pairs are stored as highway/city in the source's extra-urban/city order; for DIN triples, highway stores the 90 km/h observation and city the third value. Source body code: 5 Gli 5."
vp-85f14d,Citroën,Xantia 2.9i,,,,International,car,M1,,Sedan,,FWD,,2,1,ICE,,Gasoline,2946.0,143.0,273.0,,,,,,,,,,1470.0,,,1950.0,,,480.0,ok,single,,,5.0,,4525.0,,,1755.0,,,1400.0,,,2740.0,,1477.5,,,,,,,4.31,3.25;1.78;1.19;0.88;0.7,5.0,,manual/automatic,,,,,230.0,8.2,,15.9,8.0,,,,,,,,,,3.0625,97.28,bosch,1Авто справочник Bosch 2е рус издание.md,,2026-09-23T07:56:50.664101+00:00,"Table scope: representative passenger-car specifications current at 1999-03-01; source cited by the book as Automobil Revue Katalog 1999. Year is blank because the table date is not a model year. Payload is gross minus curb mass where both are reported; track width is the mean of the reported front/rear tracks. Fuel pairs are stored as highway/city in the source's extra-urban/city order; for DIN triples, highway stores the 90 km/h observation and city the third value. Source body code: 5 Li 5."
vp-1b7f11,Citroën,XM 2.5TD,,,,International,car,M1,,Sedan,,FWD,,2,1,ICE,,Diesel,2446.0,96.0,294.0,,,,,,,,,,1580.0,,,2130.0,,,550.0,ok,single,,,5.0,,4710.0,,,1795.0,,,1390.0,,,2850.0,,1482.5,,,,,,,4.06,3.42;1.86;1.18;0.86;0.64,5.0,,manual/automatic,,,,,201.0,12.1,,10.9,5.9,,,,,,,,,,2.8727,60.76,bosch,1Авто справочник Bosch 2е рус издание.md,,2026-09-23T07:56:50.664101+00:00,"Table scope: representative passenger-car specifications current at 1999-03-01; source cited by the book as Automobil Revue Katalog 1999. Year is blank because the table date is not a model year. Payload is gross minus curb mass where both are reported; track width is the mean of the reported front/rear tracks. Fuel pairs are stored as highway/city in the source's extra-urban/city order; for DIN triples, highway stores the 90 km/h observation and city the third value. Source body code: 5 Li 5."
vp-1592fa,Citroën,Evasion 1.9TD,,,,International,car,M1,,MPV,,FWD,,2,1,ICE,,Diesel,1905.0,66.0,196.0,,,,,,,,,,1565.0,,,2360.0,,,795.0,ok,single,,,8.0,,4455.0,,,1820.0,,,1710.0,,,2825.0,,1537.5,,,,,,,4.54,3.42;1.94;1.25;0.75;0.67,5.0,,manual,,,,,160.0,16.8,,10.6,6.7,,,,,,,,,,1.9686,42.17,bosch,1Авто справочник Bosch 2е рус издание.md,,2026-09-23T07:56:50.664101+00:00,"Table scope: representative passenger-car specifications current at 1999-03-01; source cited by the book as Automobil Revue Katalog 1999. Year is blank because the table date is not a model year. Payload is gross minus curb mass where both are reported; track width is the mean of the reported front/rear tracks. Fuel pairs are stored as highway/city in the source's extra-urban/city order; for DIN triples, highway stores the 90 km/h observation and city the third value. Source body code: 5 Gli 5+3."
vp-d84b48,Smart,0.6,,,,International,car,M1,,Microcar,,RWD,,2,1,ICE,,Gasoline,599.0,33.0,70.0,,,,,,,,,,720.0,,,980.0,,,260.0,ok,single,,,2.0,,2500.0,,,1515.0,,,1529.0,,,1812.0,,1320.0,,,,,,,4.21,3.38;2.45;1.76,2.0,,manual,,,,,135.0,18.9,,7.0,4.8,,,,,,,,,,2.7692,45.83,bosch,1Авто справочник Bosch 2е рус издание.md,,2026-09-23T07:56:50.664101+00:00,"Table scope: representative passenger-car specifications current at 1999-03-01; source cited by the book as Automobil Revue Katalog 1999. Year is blank because the table date is not a model year. Payload is gross minus curb mass where both are reported; track width is the mean of the reported front/rear tracks. Fuel pairs are stored as highway/city in the source's extra-urban/city order; for DIN triples, highway stores the 90 km/h observation and city the third value. Source body code: 2 Mc 2."
vp-9751a6,Smart,0.8 TD,,,,International,car,M1,,Microcar,,RWD,,2,1,ICE,,Diesel,800.0,30.0,100.0,,,,,,,,,,720.0,,,980.0,,,260.0,ok,single,,,2.0,,2500.0,,,1515.0,,,1529.0,,,1812.0,,1320.0,,,,,,,4.21,3.38;2.45;1.76,2.0,,manual,,,,,135.0,17.5,,5.5,3.4,,,,,,,,,,2.7692,41.67,bosch,1Авто справочник Bosch 2е рус издание.md,,2026-09-23T07:56:50.664101+00:00,"Table scope: representative passenger-car specifications current at 1999-03-01; source cited by the book as Automobil Revue Katalog 1999. Year is blank because the table date is not a model year. Payload is gross minus curb mass where both are reported; track width is the mean of the reported front/rear tracks. Fuel pairs are stored as highway/city in the source's extra-urban/city order; for DIN triples, highway stores the 90 km/h observation and city the third value. Source body code: 2 Mc 2."
vp-ba7689,Peugeot,106 1.4i,,,,International,car,M1,,Sedan,,FWD,,2,1,ICE,,Gasoline,1361.0,55.0,111.0,,,,,,,,,,815.0,,,1315.0,,,500.0,ok,single,,,5.0,,3680.0,,,1590.0,,,1380.0,,,2385.0,,1345.0,,,,,,,3.76,3.42;1.8;1.28;0.98;0.77,5.0,,manual/automatic,,,,,178.0,13.2,,9.4,5.4,,,,,,,,,,1.63,67.48,bosch,1Авто справочник Bosch 2е рус издание.md,,2026-09-23T07:56:50.664101+00:00,"Table scope: representative passenger-car specifications current at 1999-03-01; source cited by the book as Automobil Revue Katalog 1999. Year is blank because the table date is not a model year. Payload is gross minus curb mass where both are reported; track width is the mean of the reported front/rear tracks. Fuel pairs are stored as highway/city in the source's extra-urban/city order; for DIN triples, highway stores the 90 km/h observation and city the third value. Source body code: 3/5 Li 5."
vp-a378c8,Peugeot,206 2.0i,,,,International,car,M1,,Sedan,,FWD,,2,1,ICE,,Gasoline,1997.0,99.0,190.0,,,,,,,,,,1050.0,,,1560.0,,,510.0,ok,single,,,5.0,,3835.0,,,1650.0,,,1430.0,,,2440.0,,1432.5,,,,,,,3.79,3.46;1.87;1.36;1.05;0.86,5.0,,manual,,,,,210.0,8.4,,10.9,6.2,,,,,,,,,,2.0588,94.29,bosch,1Авто справочник Bosch 2е рус издание.md,,2026-09-23T07:56:50.664101+00:00,"Table scope: representative passenger-car specifications current at 1999-03-01; source cited by the book as Automobil Revue Katalog 1999. Year is blank because the table date is not a model year. Payload is gross minus curb mass where both are reported; track width is the mean of the reported front/rear tracks. Fuel pairs are stored as highway/city in the source's extra-urban/city order; for DIN triples, highway stores the 90 km/h observation and city the third value. Source body code: 3/5 Li 5."
vp-ccb2cc,Peugeot,306 1.8i,,,,International,car,M1,,Sedan,,FWD,,2,1,ICE,,Gasoline,1762.0,81.0,155.0,,,,,,,,,,1095.0,,,1560.0,,,465.0,ok,single,,,5.0,,4265.0,,,1690.0,,,1380.0,,,2580.0,,1445.0,,,,,,,3.95,3.46;1.87;1.36;1.05;0.79,5.0,,manual,,,,,193.0,11.6,,12.0,6.3,,,,,,,,,,2.3548,73.97,bosch,1Авто справочник Bosch 2е рус издание.md,,2026-09-23T07:56:50.664101+00:00,"Table scope: representative passenger-car specifications current at 1999-03-01; source cited by the book as Automobil Revue Katalog 1999. Year is blank because the table date is not a model year. Payload is gross minus curb mass where both are reported; track width is the mean of the reported front/rear tracks. Fuel pairs are stored as highway/city in the source's extra-urban/city order; for DIN triples, highway stores the 90 km/h observation and city the third value. Source body code: 4/3/5 Li 5."
vp-dc09f8,Peugeot,306 Break 2.0 TDI,,,,International,car,M1,,Station wagon,,FWD,,2,1,ICE,,Diesel,1997.0,66.0,205.0,,,,,,,,,,1200.0,,,1655.0,,,455.0,ok,single,,,5.0,,4345.0,,,1690.0,,,1410.0,,,2580.0,,1445.0,,,,,,,3.68,3.46;1.87;1.15;0.83;0.66,5.0,,manual,,,,,181.0,13.2,,7.2,4.4,,,,,,,,,,2.6374,55.0,bosch,1Авто справочник Bosch 2е рус издание.md,,2026-09-23T07:56:50.664101+00:00,"Table scope: representative passenger-car specifications current at 1999-03-01; source cited by the book as Automobil Revue Katalog 1999. Year is blank because the table date is not a model year. Payload is gross minus curb mass where both are reported; track width is the mean of the reported front/rear tracks. Fuel pairs are stored as highway/city in the source's extra-urban/city order; for DIN triples, highway stores the 90 km/h observation and city the third value. Source body code: 5 Ko 5."
vp-7bd767,Peugeot,Partner 1.8i,,,,International,car,M1,,Station wagon,,FWD,,2,1,ICE,,Gasoline,1762.0,66.0,147.0,,,,,,,,,,1170.0,,,1780.0,,,610.0,ok,single,,,5.0,,4110.0,,,1720.0,,,1800.0,,,2690.0,,1430.0,,,,,,,4.54,3.42;1.95;1.36;1.05;0.85,5.0,,manual,,,,,160.0,12.2,,11.9,7.1,,,,,,,,,,1.918,56.41,bosch,1Авто справочник Bosch 2е рус издание.md,,2026-09-23T07:56:50.664101+00:00,"Table scope: representative passenger-car specifications current at 1999-03-01; source cited by the book as Automobil Revue Katalog 1999. Year is blank because the table date is not a model year. Payload is gross minus curb mass where both are reported; track width is the mean of the reported front/rear tracks. Fuel pairs are stored as highway/city in the source's extra-urban/city order; for DIN triples, highway stores the 90 km/h observation and city the third value. Source body code: 3/4/5 Ko 5."
vp-f4ba3e,Peugeot,406 Break 2.9i,,,,International,car,M1,,Station wagon,,FWD,,2,1,ICE,,Gasoline,2946.0,140.0,267.0,,,,,,,,,,1505.0,,,2175.0,,,670.0,ok,single,,,5.0,,4735.0,,,1765.0,,,1500.0,,,2700.0,,1490.0,,,,,,,4.31,3.25;1.78;1.19;0.88;0.7,5.0,,manual/automatic,,,,,227.0,8.5,,15.9,8.0,,,,,,,,,,2.2463,93.02,bosch,1Авто справочник Bosch 2е рус издание.md,,2026-09-23T07:56:50.664101+00:00,"Table scope: representative passenger-car specifications current at 1999-03-01; source cited by the book as Automobil Revue Katalog 1999. Year is blank because the table date is not a model year. Payload is gross minus curb mass where both are reported; track width is the mean of the reported front/rear tracks. Fuel pairs are stored as highway/city in the source's extra-urban/city order; for DIN triples, highway stores the 90 km/h observation and city the third value. Source body code: 5 Ko 5."
vp-89fb55,Peugeot,406 2.0 TDi,,,,International,car,M1,,Sedan,,FWD,,2,1,ICE,,Diesel,1997.0,80.0,250.0,,,,,,,,,,1410.0,,,1950.0,,,540.0,ok,single,,,5.0,,4600.0,,,1765.0,,,1400.0,,,2700.0,,1490.0,,,,,,,4.06,1;2;3.42;1.78;3;4,5.0,,manual/automatic,,,,,191.0,12.5,,7.3,4.5,,,,,,,,,,2.6111,56.74,bosch,1Авто справочник Bosch 2е рус издание.md,,2026-09-23T07:56:50.664101+00:00,"Table scope: representative passenger-car specifications current at 1999-03-01; source cited by the book as Automobil Revue Katalog 1999. Year is blank because the table date is not a model year. Payload is gross minus curb mass where both are reported; track width is the mean of the reported front/rear tracks. Fuel pairs are stored as highway/city in the source's extra-urban/city order; for DIN triples, highway stores the 90 km/h observation and city the third value. Source body code: 4 Li 5."
vp-643d82,Peugeot,605 2.0i Turbo,,,,International,car,M1,,Sedan,,FWD,,2,1,ICE,,Gasoline,1998.0,108.0,235.0,,,,,,,,,,1515.0,,,1935.0,,,420.0,ok,single,,,5.0,,4765.0,,,1800.0,,,1410.0,,,2800.0,,1527.5,,,,,,,4.06,1;2;3.17;1.82;3;4,5.0,,manual/automatic,,,,,213.0,10.0,,14.5,8.0,,,,,,,,,,3.6071,71.29,bosch,1Авто справочник Bosch 2е рус издание.md,,2026-09-23T07:56:50.664101+00:00,"Table scope: representative passenger-car specifications current at 1999-03-01; source cited by the book as Automobil Revue Katalog 1999. Year is blank because the table date is not a model year. Payload is gross minus curb mass where both are reported; track width is the mean of the reported front/rear tracks. Fuel pairs are stored as highway/city in the source's extra-urban/city order; for DIN triples, highway stores the 90 km/h observation and city the third value. Source body code: 4 Li 5."
vp-2fc939,Peugeot,806 2.1 TD,,,,International,car,M1,,Sedan,,FWD,,2,1,ICE,,Diesel,2088.0,80.0,250.0,,,,,,,,,,1615.0,,,2385.0,,,770.0,ok,single,,,,,4455.0,,,1835.0,,,1710.0,,,2825.0,,1537.5,,,,,,,4.79,1;2;3.42;1.78;3;4,5.0,,manual,,,,,175.0,14.1,,9.0,6.1,,,,,,,,,,2.0974,49.54,bosch,1Авто справочник Bosch 2е рус издание.md,,2026-09-23T07:56:50.664101+00:00,"Table scope: representative passenger-car specifications current at 1999-03-01; source cited by the book as Automobil Revue Katalog 1999. Year is blank because the table date is not a model year. Payload is gross minus curb mass where both are reported; track width is the mean of the reported front/rear tracks. Fuel pairs are stored as highway/city in the source's extra-urban/city order; for DIN triples, highway stores the 90 km/h observation and city the third value. Source body code: 5 Li 5-8."
vp-e317dd,Renault,Kangoo 1.1i,,,,International,car,M1,,Station wagon,,FWD,,2,1,ICE,,Gasoline,1149.0,43.0,93.0,,,,,,,,,,1020.0,,,1600.0,,,580.0,ok,single,,,5.0,,3995.0,,,1660.0,,,1830.0,,,2600.0,,1405.0,,,,,,,4.21,1;2;3.72;2.05;3;4,5.0,,manual,,,,,140.0,17.2,,8.3,6.1,,,,,,,,,,1.7586,42.16,bosch,1Авто справочник Bosch 2е рус издание.md,,2026-09-23T07:56:50.664101+00:00,"Table scope: representative passenger-car specifications current at 1999-03-01; source cited by the book as Automobil Revue Katalog 1999. Year is blank because the table date is not a model year. Payload is gross minus curb mass where both are reported; track width is the mean of the reported front/rear tracks. Fuel pairs are stored as highway/city in the source's extra-urban/city order; for DIN triples, highway stores the 90 km/h observation and city the third value. Source body code: 4 Ko 5."
vp-5725ed,Renault,Clio 1.6i,,,,International,car,M1,,Sedan,,FWD,,2,1,ICE,,Gasoline,1598.0,79.0,148.0,,,,,,,,,,995.0,,,1515.0,,,520.0,ok,single,,,5.0,,3775.0,,,1640.0,,,1420.0,,,2470.0,,1380.0,,,,,,,4.07,1;2;3.36;1.86;3;4,5.0,,manual,,,,,195.0,9.6,,9.4,6.0,,,,,,,,,,1.9135,79.4,bosch,1Авто справочник Bosch 2е рус издание.md,,2026-09-23T07:56:50.664101+00:00,"Table scope: representative passenger-car specifications current at 1999-03-01; source cited by the book as Automobil Revue Katalog 1999. Year is blank because the table date is not a model year. Payload is gross minus curb mass where both are reported; track width is the mean of the reported front/rear tracks. Fuel pairs are stored as highway/city in the source's extra-urban/city order; for DIN triples, highway stores the 90 km/h observation and city the third value. Source body code: 3/5 Li 5."
vp-98995d,Renault,Clio 1.9 D,,,,International,car,M1,,Sedan,,FWD,,2,1,ICE,,Diesel,1870.0,47.0,120.0,,,,,,,,,,975.0,,,1550.0,,,575.0,ok,single,,,5.0,,3775.0,,,1640.0,,,1420.0,,,2470.0,,1395.0,,,,,,,3.57,3.36;1.86;1.32;1.03;0.79,5.0,,manual,,,,,161.0,15.4,,7.9,4.9,,,,,,,,,,1.6957,48.21,bosch,1Авто справочник Bosch 2е рус издание.md,,2026-09-23T07:56:50.664101+00:00,"Table scope: representative passenger-car specifications current at 1999-03-01; source cited by the book as Automobil Revue Katalog 1999. Year is blank because the table date is not a model year. Payload is gross minus curb mass where both are reported; track width is the mean of the reported front/rear tracks. Fuel pairs are stored as highway/city in the source's extra-urban/city order; for DIN triples, highway stores the 90 km/h observation and city the third value. Source body code: 5/3 Li 5."
vp-7f070a,Renault,Sport Spider,,1 generation,,International,car,M1,,Roadster,,,,2,,ICE,,Gasoline,1998.0,110.0,186.0,,,,,,,,,,930.0,,,1130.0,,,200.0,ok,single,,,2.0,,3795.0,,,1830.0,,,1250.0,,,2340.0,,1537.5,,,,,,,4.06,3.36;1.86;1.39;1.09;0.89,5.0,,manual,,,,,215.0,6.9,,9.7,7.4,8.7,,,,,,,,,4.65,118.28,bosch,1Авто справочник Bosch 2е рус издание.md,,2026-09-23T07:56:50.664101+00:00,"Table scope: representative passenger-car specifications current at 1999-03-01; source cited by the book as Automobil Revue Katalog 1999. Year is blank because the table date is not a model year. Payload is gross minus curb mass where both are reported; track width is the mean of the reported front/rear tracks. Fuel pairs are stored as highway/city in the source's extra-urban/city order; for DIN triples, highway stores the 90 km/h observation and city the third value. Source body code: 2 Ro 2."
vp-5aa55e,Renault,Mégane 1.4i,,,,International,car,M1,,Sedan,,FWD,,2,1,ICE,,Gasoline,1390.0,70.0,127.0,,,,,,,,,,1015.0,,,1580.0,,,565.0,ok,single,,,5.0,,4400.0,,,1700.0,,,1420.0,,,2580.0,,1440.0,,,,,,,4.06,3.09;1.86;1.32;1.02;0.79,5.0,,manual,,,,,184.0,11.8,,9.2,5.2,,,,,,,,,,1.7965,68.97,bosch,1Авто справочник Bosch 2е рус издание.md,,2026-09-23T07:56:50.664101+00:00,"Table scope: representative passenger-car specifications current at 1999-03-01; source cited by the book as Automobil Revue Katalog 1999. Year is blank because the table date is not a model year. Payload is gross minus curb mass where both are reported; track width is the mean of the reported front/rear tracks. Fuel pairs are stored as highway/city in the source's extra-urban/city order; for DIN triples, highway stores the 90 km/h observation and city the third value. Source body code: 4/5 Li 5."
vp-931760,Renault,Mégane Break 1.9 DTi,,,,International,car,M1,,Station wagon,,FWD,,2,1,ICE,,Diesel,1870.0,72.0,200.0,,,,,,,,,,1135.0,,,1685.0,,,550.0,ok,single,,,5.0,,4440.0,,,1700.0,,,1420.0,,,2580.0,,1440.0,,,,,,,3.29,3.73;2.05;1.32;1.03;0.75,5.0,,manual,,,,,183.0,12.3,,6.8,4.4,,,,,,,,,,2.0636,63.44,bosch,1Авто справочник Bosch 2е рус издание.md,,2026-09-23T07:56:50.664101+00:00,"Table scope: representative passenger-car specifications current at 1999-03-01; source cited by the book as Automobil Revue Katalog 1999. Year is blank because the table date is not a model year. Payload is gross minus curb mass where both are reported; track width is the mean of the reported front/rear tracks. Fuel pairs are stored as highway/city in the source's extra-urban/city order; for DIN triples, highway stores the 90 km/h observation and city the third value. Source body code: 5 Ko 5."
vp-9b90f4,Renault,Mégane Scenic 2.0i,,,,International,car,M1,,MPV,,FWD,,2,1,ICE,,Gasoline,1998.0,84.0,168.0,,,,,,,,,,1270.0,,,1800.0,,,530.0,ok,single,,,5.0,,4130.0,,,1720.0,,,1600.0,,,2580.0,,1460.0,,,,,,,4.06,3.37;2.05;1.36;1.1;0.82,5.0,,manual/automatic,,,,,185.0,11.1,,12.0,7.1,,,,,,,,,,2.3962,66.14,bosch,1Авто справочник Bosch 2е рус издание.md,,2026-09-23T07:56:50.664101+00:00,"Table scope: representative passenger-car specifications current at 1999-03-01; source cited by the book as Automobil Revue Katalog 1999. Year is blank because the table date is not a model year. Payload is gross minus curb mass where both are reported; track width is the mean of the reported front/rear tracks. Fuel pairs are stored as highway/city in the source's extra-urban/city order; for DIN triples, highway stores the 90 km/h observation and city the third value. Source body code: 5 Gli 5."
vp-3fbfd5,Renault,Mégane Cabriolet 2.0i,,,,International,car,M1,,Convertible,,FWD,,2,1,ICE,,Gasoline,1998.0,103.0,200.0,,,,,,,,,,1135.0,,,1555.0,,,420.0,ok,single,,,4.0,,4030.0,,,1700.0,,,1370.0,,,2470.0,,1440.0,,,,,,,3.94,3.36;1.86;1.32;1.03;0.82,5.0,,manual,,,,,210.0,9.0,,10.2,6.1,,,,,,,,,,2.7024,90.75,bosch,1Авто справочник Bosch 2е рус издание.md,,2026-09-23T07:56:50.664101+00:00,"Table scope: representative passenger-car specifications current at 1999-03-01; source cited by the book as Automobil Revue Katalog 1999. Year is blank because the table date is not a model year. Payload is gross minus curb mass where both are reported; track width is the mean of the reported front/rear tracks. Fuel pairs are stored as highway/city in the source's extra-urban/city order; for DIN triples, highway stores the 90 km/h observation and city the third value. Source body code: 2 Ca 4."
vp-1563aa,Renault,Laguna Break 1.8i,,,,International,car,M1,,Station wagon,,FWD,,2,1,ICE,,Gasoline,1783.0,88.0,165.0,,,,,,,,,,1310.0,,,2075.0,,,765.0,ok,single,,,5.0,,4630.0,,,1750.0,,,1470.0,,,2670.0,,1470.0,,,,,,,3.87,3.72;2.05;1.39;1.1;0.89,5.0,,manual,,,,,203.0,11.1,,10.8,6.5,,,,,,,,,,1.7124,67.18,bosch,1Авто справочник Bosch 2е рус издание.md,,2026-09-23T07:56:50.664101+00:00,"Table scope: representative passenger-car specifications current at 1999-03-01; source cited by the book as Automobil Revue Katalog 1999. Year is blank because the table date is not a model year. Payload is gross minus curb mass where both are reported; track width is the mean of the reported front/rear tracks. Fuel pairs are stored as highway/city in the source's extra-urban/city order; for DIN triples, highway stores the 90 km/h observation and city the third value. Source body code: 5 Ko 5."
vp-24960a,Renault,Safrane 2.9i,,,,International,car,M1,,Sedan,,FWD,,2,1,ICE,,Gasoline,2946.0,140.0,267.0,,,,,,,,,,1580.0,,,2125.0,,,545.0,ok,single,,,5.0,,4770.0,,,1820.0,,,1440.0,,,2770.0,,1510.0,,,,,,,4.73,1;2;3.07;1.77,5.0,,manual/automatic,,,,,225.0,9.5,,16.7,8.7,,,,,,,,,,2.8991,88.61,bosch,1Авто справочник Bosch 2е рус издание.md,,2026-09-23T07:56:50.664101+00:00,"Table scope: representative passenger-car specifications current at 1999-03-01; source cited by the book as Automobil Revue Katalog 1999. Year is blank because the table date is not a model year. Payload is gross minus curb mass where both are reported; track width is the mean of the reported front/rear tracks. Fuel pairs are stored as highway/city in the source's extra-urban/city order; for DIN triples, highway stores the 90 km/h observation and city the third value. Source body code: 5 Li 5."
vp-4e4cd2,Renault,Espace 2.2 TD,,,,International,car,M1,,MPV,,FWD,,2,1,ICE,,Diesel,2188.0,83.0,250.0,,,,,,,,,,1630.0,,,2510.0,,,880.0,ok,single,,,,,4515.0,,,1810.0,,,1690.0,,,2700.0,,1537.5,,,,,,,3.81,1;2;3.91;2.21,5.0,,manual/automatic,,,,,175.0,14.5,,9.6,6.3,,,,,,,,,,1.8523,50.92,bosch,1Авто справочник Bosch 2е рус издание.md,,2026-09-23T07:56:50.664101+00:00,"Table scope: representative passenger-car specifications current at 1999-03-01; source cited by the book as Automobil Revue Katalog 1999. Year is blank because the table date is not a model year. Payload is gross minus curb mass where both are reported; track width is the mean of the reported front/rear tracks. Fuel pairs are stored as highway/city in the source's extra-urban/city order; for DIN triples, highway stores the 90 km/h observation and city the third value. Source body code: 5 Gli 5-7."
vp-7b9ad7,AC,Ace 4.6i,,,,International,car,M1,,Convertible,,RWD,,2,1,ICE,,Gasoline,4601.0,240.0,427.0,,,,,,,,,,1510.0,,,,,,,,single,,,2.0,,4420.0,,,1870.0,,,1300.0,,,2470.0,,1580.0,,,,,,,3.23,1;2;3.37;1.99,5.0,,manual,,,,,250.0,5.7,,15.1,10.5,,,,,,,,,,,158.94,bosch,1Авто справочник Bosch 2е рус издание.md,,2026-09-23T07:56:50.664101+00:00,"Table scope: representative passenger-car specifications current at 1999-03-01; source cited by the book as Automobil Revue Katalog 1999. Year is blank because the table date is not a model year. Payload is gross minus curb mass where both are reported; track width is the mean of the reported front/rear tracks. Fuel pairs are stored as highway/city in the source's extra-urban/city order; for DIN triples, highway stores the 90 km/h observation and city the third value. Source body code: 2 Ca 2."
vp-52bb8e,Aston Martin,V8 Volante 5.3i Convertible,,,,International,car,M1,,Convertible,,RWD,,2,1,ICE,,Gasoline,5341.0,261.0,500.0,,,,,,,,,,2050.0,,,2370.0,,,320.0,ok,single,,,4.0,,4945.0,,,1920.0,,,1380.0,,,2810.0,,1530.0,,,,,,,3.54,1;2;2.9;1.78,5.0,,manual/automatic,,,,,240.0,5.9,,22.0,14.0,,,,,,,,,,6.4062,127.32,bosch,1Авто справочник Bosch 2е рус издание.md,,2026-09-23T07:56:50.664101+00:00,"Table scope: representative passenger-car specifications current at 1999-03-01; source cited by the book as Automobil Revue Katalog 1999. Year is blank because the table date is not a model year. Payload is gross minus curb mass where both are reported; track width is the mean of the reported front/rear tracks. Fuel pairs are stored as highway/city in the source's extra-urban/city order; for DIN triples, highway stores the 90 km/h observation and city the third value. Source body code: 2 Ca 4."
vp-957481,Bentley,Arnage 4.4 TI,,,,International,car,M1,,Sedan,,RWD,,2,1,ICE,,Gasoline,4398.0,260.0,570.0,,,,,,,,,,2300.0,,,2750.0,,,450.0,ok,single,,,5.0,,5390.0,,,1930.0,,,1520.0,,,3115.0,,1610.0,,,,,,,2.93,1;2;3.55;2.24,5.0,,automatic,,,,,240.0,6.5,,23.4,13.1,,,,,,,,,,5.1111,113.04,bosch,1Авто справочник Bosch 2е рус издание.md,,2026-09-23T07:56:50.664101+00:00,"Table scope: representative passenger-car specifications current at 1999-03-01; source cited by the book as Automobil Revue Katalog 1999. Year is blank because the table date is not a model year. Payload is gross minus curb mass where both are reported; track width is the mean of the reported front/rear tracks. Fuel pairs are stored as highway/city in the source's extra-urban/city order; for DIN triples, highway stores the 90 km/h observation and city the third value. Source body code: 4 Li 5."
vp-ce4796,Bentley,Azure 6.8 TI,,,,International,car,M1,,Convertible,,RWD,,2,1,ICE,,Gasoline,6750.0,286.0,750.0,,,,,,,,,,2610.0,,,2980.0,,,,implausible-payload,single,,,4.0,,5340.0,,,1880.0,,,1480.0,,,3060.0,,1550.0,,,,,,,2.69,2.48;1.48;1;0.75,4.0,,automatic,,,,,241.0,6.7,,25.7,13.0,,,,,,,,,,,109.58,bosch,1Авто справочник Bosch 2е рус издание.md,,2026-09-23T07:56:50.664101+00:00,"Table scope: representative passenger-car specifications current at 1999-03-01; source cited by the book as Automobil Revue Katalog 1999. Year is blank because the table date is not a model year. Payload is gross minus curb mass where both are reported; track width is the mean of the reported front/rear tracks. Fuel pairs are stored as highway/city in the source's extra-urban/city order; for DIN triples, highway stores the 90 km/h observation and city the third value. Source body code: 2 Ca 4."
vp-69f0b1,Daimler,V8 4.0i,,,,International,car,M1,,Sedan,,RWD,,2,1,ICE,,Gasoline,3996.0,216.0,393.0,,,,,,,,,,1730.0,,,2260.0,,,530.0,ok,single,,,5.0,,5150.0,,,1800.0,,,1380.0,,,2995.0,,1500.0,,,,,,,3.06,3.57;2.2;1.51;1,5.0,,automatic,,,,,240.0,7.3,,16.9,9.0,,,,,,,,,,3.2642,124.86,bosch,1Авто справочник Bosch 2е рус издание.md,,2026-09-23T07:56:50.664101+00:00,"Table scope: representative passenger-car specifications current at 1999-03-01; source cited by the book as Automobil Revue Katalog 1999. Year is blank because the table date is not a model year. Payload is gross minus curb mass where both are reported; track width is the mean of the reported front/rear tracks. Fuel pairs are stored as highway/city in the source's extra-urban/city order; for DIN triples, highway stores the 90 km/h observation and city the third value. Source body code: 4 Li 5."
vp-930edb,Jaguar,S-Type 3.0i,,,,International,car,M1,,Sedan,,RWD,,2,1,ICE,,Gasoline,2967.0,179.0,300.0,,,,,,,,,,1630.0,,,2030.0,,,400.0,ok,single,,,5.0,,4860.0,,,1820.0,,,1450.0,,,2910.0,,1540.0,,,,,,,3.07,4.23;2.52;1.67;1.22,5.0,,manual/automatic,,,,,235.0,7.5,,14.0,8.0,,,,,,,,,,4.075,109.82,bosch,1Авто справочник Bosch 2е рус издание.md,,2026-09-23T07:56:50.664101+00:00,"Table scope: representative passenger-car specifications current at 1999-03-01; source cited by the book as Automobil Revue Katalog 1999. Year is blank because the table date is not a model year. Payload is gross minus curb mass where both are reported; track width is the mean of the reported front/rear tracks. Fuel pairs are stored as highway/city in the source's extra-urban/city order; for DIN triples, highway stores the 90 km/h observation and city the third value. Source body code: 4 Li 5."
vp-e5c101,Jaguar,XKR 4.0i Supercharged,,,,International,car,M1,,Coupe,,RWD,,2,1,ICE,,Gasoline,3996.0,276.0,525.0,,,,,,,,,,1640.0,,,2010.0,,,370.0,ok,single,,,4.0,,4760.0,,,1830.0,,,1290.0,,,2590.0,,1525.0,,,,,,,3.06,3.59;2.19;1.41;1,5.0,,automatic,,,,,250.0,5.4,,16.7,9.6,,,,,,,,,,4.4324,168.29,bosch,1Авто справочник Bosch 2е рус издание.md,,2026-09-23T07:56:50.664101+00:00,"Table scope: representative passenger-car specifications current at 1999-03-01; source cited by the book as Automobil Revue Katalog 1999. Year is blank because the table date is not a model year. Payload is gross minus curb mass where both are reported; track width is the mean of the reported front/rear tracks. Fuel pairs are stored as highway/city in the source's extra-urban/city order; for DIN triples, highway stores the 90 km/h observation and city the third value. Source body code: 2 Co 2+2."
vp-bb67f0,MG,MGF 1.8i,,,,International,car,M1,,Convertible,,RWD,,2,1,ICE,,Gasoline,1795.0,88.0,166.0,,,,,,,,,,1060.0,,,1320.0,,,260.0,ok,single,,,2.0,,3920.0,,,1630.0,,,1260.0,,,2375.0,,1405.0,,,,,,,3.94,3.17;1.84;1.31;1.03,5.0,,manual,,,,,193.0,9.2,,10.2,5.7,,,,,,,,,,4.0769,83.02,bosch,1Авто справочник Bosch 2е рус издание.md,,2026-09-23T07:56:50.664101+00:00,"Table scope: representative passenger-car specifications current at 1999-03-01; source cited by the book as Automobil Revue Katalog 1999. Year is blank because the table date is not a model year. Payload is gross minus curb mass where both are reported; track width is the mean of the reported front/rear tracks. Fuel pairs are stored as highway/city in the source's extra-urban/city order; for DIN triples, highway stores the 90 km/h observation and city the third value. Source body code: 2 Ca 2."
vp-f25e72,Rolls-Royce,Silver Seraph 5.4i,,,,International,car,M1,,Sedan,,RWD,,2,1,ICE,,Gasoline,5379.0,240.0,490.0,,,,,,,,,,2300.0,,,2750.0,,,450.0,ok,single,,,5.0,,5390.0,,,1930.0,,,1520.0,,,3115.0,,1610.0,,,,,,,2.93,3.55;2.24;1.55;1,5.0,,automatic,,,,,225.0,7.0,,25.4,12.8,,,,,,,,,,5.1111,104.35,bosch,1Авто справочник Bosch 2е рус издание.md,,2026-09-23T07:56:50.664101+00:00,"Table scope: representative passenger-car specifications current at 1999-03-01; source cited by the book as Automobil Revue Katalog 1999. Year is blank because the table date is not a model year. Payload is gross minus curb mass where both are reported; track width is the mean of the reported front/rear tracks. Fuel pairs are stored as highway/city in the source's extra-urban/city order; for DIN triples, highway stores the 90 km/h observation and city the third value. Source body code: 4 Li 5."
vp-dda7b8,Rover,214 1.4i,,,,International,car,M1,,Sedan,,FWD,,2,1,ICE,,Gasoline,1396.0,76.0,127.0,,,,,,,,,,1000.0,,,1480.0,,,480.0,ok,single,,,5.0,,3970.0,,,1690.0,,,1420.0,,,2500.0,,1470.0,,,,,,,3.94,3.42;1.95;1.33;1.05,5.0,,manual,,,,,185.0,10.7,,9.9,5.4,,,,,,,,,,2.0833,76.0,bosch,1Авто справочник Bosch 2е рус издание.md,,2026-09-23T07:56:50.664101+00:00,"Table scope: representative passenger-car specifications current at 1999-03-01; source cited by the book as Automobil Revue Katalog 1999. Year is blank because the table date is not a model year. Payload is gross minus curb mass where both are reported; track width is the mean of the reported front/rear tracks. Fuel pairs are stored as highway/city in the source's extra-urban/city order; for DIN triples, highway stores the 90 km/h observation and city the third value. Source body code: 5/3 Li 5."
vp-bdfad1,Rover,420 2.0 TD,,,,International,car,M1,,Sedan,,FWD,,2,1,ICE,,Diesel,1994.0,77.0,210.0,,,,,,,,,,1220.0,,,1550.0,,,330.0,ok,single,,,5.0,,4490.0,,,1700.0,,,1390.0,,,2620.0,,1475.0,,,,,,,3.94,1;2;3.42;1.95;3;4,5.0,,manual,,,,,185.0,11.0,,7.1,4.3,,,,,,,,,,3.697,63.11,bosch,1Авто справочник Bosch 2е рус издание.md,,2026-09-23T07:56:50.664101+00:00,"Table scope: representative passenger-car specifications current at 1999-03-01; source cited by the book as Automobil Revue Katalog 1999. Year is blank because the table date is not a model year. Payload is gross minus curb mass where both are reported; track width is the mean of the reported front/rear tracks. Fuel pairs are stored as highway/city in the source's extra-urban/city order; for DIN triples, highway stores the 90 km/h observation and city the third value. Source body code: 4/5 Li 5."
vp-5990f7,Rover,75 2.0i,,,,International,car,M1,,Sedan,,FWD,,2,1,ICE,,Gasoline,1991.0,110.0,185.0,,,,,,,,,,1370.0,,,,,,,,single,,,5.0,,4745.0,,,1780.0,,,1430.0,,,2745.0,,1505.0,,,,,,,4.41,3.58;2.02;1.35;1.03;0.81,5.0,,manual/automatic,,,,,210.0,10.2,,13.5,7.0,,,,,,,,,,,80.29,bosch,1Авто справочник Bosch 2е рус издание.md,,2026-09-23T07:56:50.664101+00:00,"Table scope: representative passenger-car specifications current at 1999-03-01; source cited by the book as Automobil Revue Katalog 1999. Year is blank because the table date is not a model year. Payload is gross minus curb mass where both are reported; track width is the mean of the reported front/rear tracks. Fuel pairs are stored as highway/city in the source's extra-urban/city order; for DIN triples, highway stores the 90 km/h observation and city the third value. Source body code: 4 Li 5."
vp-6f6862,Rover,75 2.0 TDi,,,,International,car,M1,,Sedan,,FWD,,2,1,ICE,,Diesel,1951.0,85.0,260.0,,,,,,,,,,1410.0,,,,,,,,single,,,5.0,,4745.0,,,1780.0,,,1430.0,,,2745.0,,1505.0,,,,,,,3.74,3.58;2.02;1.29;0.92;0.69,5.0,,manual/automatic,,,,,193.0,11.7,,7.0,5.0,,,,,,,,,,,60.28,bosch,1Авто справочник Bosch 2е рус издание.md,,2026-09-23T07:56:50.664101+00:00,"Table scope: representative passenger-car specifications current at 1999-03-01; source cited by the book as Automobil Revue Katalog 1999. Year is blank because the table date is not a model year. Payload is gross minus curb mass where both are reported; track width is the mean of the reported front/rear tracks. Fuel pairs are stored as highway/city in the source's extra-urban/city order; for DIN triples, highway stores the 90 km/h observation and city the third value. Source body code: 4 Li 5."
vp-dd2370,Alfa Romeo,145 1.6i T.S.,,,,International,car,M1,,Sedan,,FWD,,2,1,ICE,,Gasoline,1598.0,88.0,144.0,,,,,,,,,,1165.0,,,1685.0,,,520.0,ok,single,,,5.0,,4060.0,,,1710.0,,,1430.0,,,2540.0,,1455.0,,,,,,,3.56,3.91;2.24;1.52;1.16;0.97,5.0,,manual,,,,,195.0,10.2,,11.1,6.5,,,,,,,,,,2.2404,75.54,bosch,1Авто справочник Bosch 2е рус издание.md,,2026-09-23T07:56:50.664101+00:00,"Table scope: representative passenger-car specifications current at 1999-03-01; source cited by the book as Automobil Revue Katalog 1999. Year is blank because the table date is not a model year. Payload is gross minus curb mass where both are reported; track width is the mean of the reported front/rear tracks. Fuel pairs are stored as highway/city in the source's extra-urban/city order; for DIN triples, highway stores the 90 km/h observation and city the third value. Source body code: 3 Li 5."
vp-26da36,Alfa Romeo,146 1.9 JTD,,,,International,car,M1,,Sedan,,FWD,,2,1,ICE,,Diesel,1910.0,77.0,255.0,,,,,,,,,,1245.0,,,1765.0,,,520.0,ok,single,,,5.0,,4235.0,,,1710.0,,,1430.0,,,2540.0,,1455.0,,,,,,,3.05,3.91;2.24;1.44;1.03;0.77,5.0,,manual,,,,,187.0,10.5,,7.6,4.7,,,,,,,,,,2.3942,61.85,bosch,1Авто справочник Bosch 2е рус издание.md,,2026-09-23T07:56:50.664101+00:00,"Table scope: representative passenger-car specifications current at 1999-03-01; source cited by the book as Automobil Revue Katalog 1999. Year is blank because the table date is not a model year. Payload is gross minus curb mass where both are reported; track width is the mean of the reported front/rear tracks. Fuel pairs are stored as highway/city in the source's extra-urban/city order; for DIN triples, highway stores the 90 km/h observation and city the third value. Source body code: 4 Li 5."
vp-07ceb7,Alfa Romeo,156 2.5i,,,,International,car,M1,,Sedan,,FWD,,2,1,ICE,,Gasoline,2492.0,140.0,222.0,,,,,,,,,,1320.0,,,1820.0,,,500.0,ok,single,,,5.0,,4430.0,,,1745.0,,,1420.0,,,2595.0,,1505.0,,,,,,,3.94,3.5;2.24;1.52;1.16;0.97;0.82,6.0,,manual/automatic,,,,,230.0,7.3,,,,,,,,,,,,,2.64,106.06,bosch,1Авто справочник Bosch 2е рус издание.md,,2026-09-23T07:56:50.664101+00:00,"Table scope: representative passenger-car specifications current at 1999-03-01; source cited by the book as Automobil Revue Katalog 1999. Year is blank because the table date is not a model year. Payload is gross minus curb mass where both are reported; track width is the mean of the reported front/rear tracks. Fuel pairs are stored as highway/city in the source's extra-urban/city order; for DIN triples, highway stores the 90 km/h observation and city the third value. Source body code: 4 Li 5."
vp-4781c2,Alfa Romeo,166 2.4 JTD,,,,International,car,M1,,Sedan,,FWD,,2,1,ICE,,Diesel,2387.0,100.0,304.0,,,,,,,,,,1490.0,,,2000.0,,,510.0,ok,single,,,5.0,,4720.0,,,1815.0,,,1420.0,,,2700.0,,1537.5,,,,,,,3.18,3.8;2.24;1.36;0.97;0.76;0.61,6.0,,manual,,,,,202.0,9.9,,,,,,,,,,,,,2.9216,67.11,bosch,1Авто справочник Bosch 2е рус издание.md,,2026-09-23T07:56:50.664101+00:00,"Table scope: representative passenger-car specifications current at 1999-03-01; source cited by the book as Automobil Revue Katalog 1999. Year is blank because the table date is not a model year. Payload is gross minus curb mass where both are reported; track width is the mean of the reported front/rear tracks. Fuel pairs are stored as highway/city in the source's extra-urban/city order; for DIN triples, highway stores the 90 km/h observation and city the third value. Source body code: 4 Li 5."
vp-354361,Alfa Romeo,GTV 3.0i Spider,,,,International,car,M1,,Convertible,,FWD,,2,1,ICE,,Gasoline,2959.0,162.0,270.0,,,,,,,,,,1350.0,,,1610.0,,,260.0,ok,single,,,2.0,,4285.0,,,1780.0,,,1320.0,,,2540.0,,1520.0,,,,,,,3.56,3.5;2.24;1.52;1.16;0.97;0.82,6.0,,manual,,,,,250.0,6.7,,,,,,,,,,,,,5.1923,120.0,bosch,1Авто справочник Bosch 2е рус издание.md,,2026-09-23T07:56:50.664101+00:00,"Table scope: representative passenger-car specifications current at 1999-03-01; source cited by the book as Automobil Revue Katalog 1999. Year is blank because the table date is not a model year. Payload is gross minus curb mass where both are reported; track width is the mean of the reported front/rear tracks. Fuel pairs are stored as highway/city in the source's extra-urban/city order; for DIN triples, highway stores the 90 km/h observation and city the third value. Source body code: 2 Ca 2."
vp-f4d1c5,Ferrari,456 GT 5.5i,,,,International,car,M1,,Coupe,,RWD,,2,1,ICE,,Gasoline,5474.0,325.0,550.0,,,,,,,,,,1790.0,,,2200.0,,,410.0,ok,single,,,4.0,,4730.0,,,1920.0,,,1300.0,,,2600.0,,1595.0,,,,,,,3.64,2.92;1.9;1.37;1.07;0.87;0.74,6.0,,manual/automatic,,,,,300.0,5.2,,,,,,,,,,,,,4.3659,181.56,bosch,1Авто справочник Bosch 2е рус издание.md,,2026-09-23T07:56:50.664101+00:00,"Table scope: representative passenger-car specifications current at 1999-03-01; source cited by the book as Automobil Revue Katalog 1999. Year is blank because the table date is not a model year. Payload is gross minus curb mass where both are reported; track width is the mean of the reported front/rear tracks. Fuel pairs are stored as highway/city in the source's extra-urban/city order; for DIN triples, highway stores the 90 km/h observation and city the third value. Source body code: 2 Co 2+2."
vp-4648a2,Fiat,Seicento 0.9i,,,,International,car,M1,,Sedan,,FWD,,2,1,ICE,,Gasoline,899.0,29.0,65.0,,,,,,,,,,705.0,,,1190.0,,,485.0,ok,single,,,5.0,,3320.0,,,1510.0,,,1440.0,,,2200.0,,1260.0,,,,,,,4.07,3.91;2.05;1.34;0.98;0.84,5.0,,manual,,,,,140.0,18.0,,,,,,,,,,,,,1.4536,41.13,bosch,1Авто справочник Bosch 2е рус издание.md,,2026-09-23T07:56:50.664101+00:00,"Table scope: representative passenger-car specifications current at 1999-03-01; source cited by the book as Automobil Revue Katalog 1999. Year is blank because the table date is not a model year. Payload is gross minus curb mass where both are reported; track width is the mean of the reported front/rear tracks. Fuel pairs are stored as highway/city in the source's extra-urban/city order; for DIN triples, highway stores the 90 km/h observation and city the third value. Source body code: 3 Li 5."
vp-132c02,Fiat,Punto 1.4i.e. Turbo,,,,International,car,M1,,Sedan,,FWD,,2,1,ICE,,Gasoline,1372.0,96.0,200.0,,,,,,,,,,1000.0,,,1450.0,,,450.0,ok,single,,,5.0,,3760.0,,,1625.0,,,1450.0,,,2450.0,,1370.0,,,,,,,3.35,3.91;2.24;1.52;1.16;0.87,5.0,,manual,,,,,200.0,7.9,,,,,,,,,,,,,2.2222,96.0,bosch,1Авто справочник Bosch 2е рус издание.md,,2026-09-23T07:56:50.664101+00:00,"Table scope: representative passenger-car specifications current at 1999-03-01; source cited by the book as Automobil Revue Katalog 1999. Year is blank because the table date is not a model year. Payload is gross minus curb mass where both are reported; track width is the mean of the reported front/rear tracks. Fuel pairs are stored as highway/city in the source's extra-urban/city order; for DIN triples, highway stores the 90 km/h observation and city the third value. Source body code: 3 Li 5."
vp-6c5a73,Fiat,Coupé 2.0i Turbo,,,,International,car,M1,,Coupe,,FWD,,2,1,ICE,,Gasoline,1998.0,162.0,310.0,,,,,,,,,,1310.0,,,1720.0,,,410.0,ok,single,,,4.0,,4250.0,,,1770.0,,,1350.0,,,2540.0,,1477.5,,,,,,,3.11,3.8;2.24;1.52;1.16;0.91,5.0,,manual,,,,,250.0,6.5,,,,,,,,,,,,,3.1951,123.66,bosch,1Авто справочник Bosch 2е рус издание.md,,2026-09-23T07:56:50.664101+00:00,"Table scope: representative passenger-car specifications current at 1999-03-01; source cited by the book as Automobil Revue Katalog 1999. Year is blank because the table date is not a model year. Payload is gross minus curb mass where both are reported; track width is the mean of the reported front/rear tracks. Fuel pairs are stored as highway/city in the source's extra-urban/city order; for DIN triples, highway stores the 90 km/h observation and city the third value. Source body code: 2 Co 4."
vp-32a88e,Fiat,Barchetta 1.7i,,,,International,car,M1,,Convertible,,FWD,,2,1,ICE,,Gasoline,1747.0,96.0,164.0,,,,,,,,,,1060.0,,,1260.0,,,200.0,ok,single,,,2.0,,3915.0,,,1640.0,,,1270.0,,,2275.0,,1410.0,,,,,,,3.56,3.91;2.24,5.0,,manual,,,,,200.0,8.9,,11.6,6.5,,,,,,,,,,5.3,90.57,bosch,1Авто справочник Bosch 2е рус издание.md,,2026-09-23T07:56:50.664101+00:00,"Table scope: representative passenger-car specifications current at 1999-03-01; source cited by the book as Automobil Revue Katalog 1999. Year is blank because the table date is not a model year. Payload is gross minus curb mass where both are reported; track width is the mean of the reported front/rear tracks. Fuel pairs are stored as highway/city in the source's extra-urban/city order; for DIN triples, highway stores the 90 km/h observation and city the third value. Source body code: 2 Ca 2."
vp-14dda0,Fiat,Bravo 1.8i,,,,International,car,M1,,Sedan,,FWD,,2,1,ICE,,Gasoline,1747.0,83.0,154.0,,,,,,,,,,1100.0,,,1600.0,,,500.0,ok,single,,,5.0,,4025.0,,,1755.0,,,1420.0,,,2540.0,,1440.0,,,,,,,3.35,3.91;2.24,5.0,,manual,,,,,193.0,10.0,,11.3,6.5,,,,,,,,,,2.2,75.45,bosch,1Авто справочник Bosch 2е рус издание.md,,2026-09-23T07:56:50.664101+00:00,"Table scope: representative passenger-car specifications current at 1999-03-01; source cited by the book as Automobil Revue Katalog 1999. Year is blank because the table date is not a model year. Payload is gross minus curb mass where both are reported; track width is the mean of the reported front/rear tracks. Fuel pairs are stored as highway/city in the source's extra-urban/city order; for DIN triples, highway stores the 90 km/h observation and city the third value. Source body code: 3 Li 5."
vp-ef1254,Fiat,Brava 1.9 JTD,,,,International,car,M1,,Sedan,,FWD,,2,1,ICE,,Diesel,1910.0,77.0,200.0,,,,,,,,,,1180.0,,,1570.0,,,390.0,ok,single,,,5.0,,4190.0,,,1740.0,,,1410.0,,,2540.0,,1460.0,,,,,,,3.05,3.91;2.24,5.0,,manual,,,,,185.0,10.6,,7.3,4.5,,,,,,,,,,3.0256,65.25,bosch,1Авто справочник Bosch 2е рус издание.md,,2026-09-23T07:56:50.664101+00:00,"Table scope: representative passenger-car specifications current at 1999-03-01; source cited by the book as Automobil Revue Katalog 1999. Year is blank because the table date is not a model year. Payload is gross minus curb mass where both are reported; track width is the mean of the reported front/rear tracks. Fuel pairs are stored as highway/city in the source's extra-urban/city order; for DIN triples, highway stores the 90 km/h observation and city the third value. Source body code: 5 Li 5."
vp-e88cd8,Fiat,Marea 2.4 TDI,,,,International,car,M1,,Sedan,,FWD,,2,1,ICE,,Diesel,2387.0,91.0,265.0,,,,,,,,,,1280.0,,,1870.0,,,590.0,ok,single,,,5.0,,4390.0,,,1740.0,,,1420.0,,,2540.0,,1455.0,,,,,,,3.18,3.8;2.24,5.0,,manual,,,,,195.0,10.5,,10.2,6.0,,,,,,,,,,2.1695,71.09,bosch,1Авто справочник Bosch 2е рус издание.md,,2026-09-23T07:56:50.664101+00:00,"Table scope: representative passenger-car specifications current at 1999-03-01; source cited by the book as Automobil Revue Katalog 1999. Year is blank because the table date is not a model year. Payload is gross minus curb mass where both are reported; track width is the mean of the reported front/rear tracks. Fuel pairs are stored as highway/city in the source's extra-urban/city order; for DIN triples, highway stores the 90 km/h observation and city the third value. Source body code: 4 Li 5."
vp-2d5494,Fiat,Multipla 1.6i Bipower,,,,International,car,M1,,MPV,,FWD,,2,1,ICE,,Gasoline/CNG,1581.0,76.0,144.0,,,,,,,,,,1300.0,,,1870.0,,,570.0,ok,single,,,6.0,,3995.0,,,1870.0,,,1700.0,,,2665.0,,1515.0,,,,,,,4.07,3.91;2.24,5.0,,manual,,,,,168.0,13.5,,11.1,7.2,,,,,,,,,,2.2807,58.46,bosch,1Авто справочник Bosch 2е рус издание.md,,2026-09-23T07:56:50.664101+00:00,"Table scope: representative passenger-car specifications current at 1999-03-01; source cited by the book as Automobil Revue Katalog 1999. Year is blank because the table date is not a model year. Payload is gross minus curb mass where both are reported; track width is the mean of the reported front/rear tracks. Fuel pairs are stored as highway/city in the source's extra-urban/city order; for DIN triples, highway stores the 90 km/h observation and city the third value. Source body code: 5 Gli 6."
vp-94c564,Lamborghini,Diablo SV 5.7i,,,,International,car,M1,,Coupe,,,,2,,ICE,,Gasoline,5707.0,390.0,605.0,,,,,,,,,,1530.0,,,,,,,,single,,,2.0,,4470.0,,,2040.0,,,1110.0,,,2650.0,,1590.0,,,,,,,,,,,,,,,,320.0,3.85,,37.9,17.3,,,,,,,,,,,254.9,bosch,1Авто справочник Bosch 2е рус издание.md,,2026-09-23T07:56:50.664101+00:00,"Table scope: representative passenger-car specifications current at 1999-03-01; source cited by the book as Automobil Revue Katalog 1999. Year is blank because the table date is not a model year. Payload is gross minus curb mass where both are reported; track width is the mean of the reported front/rear tracks. Fuel pairs are stored as highway/city in the source's extra-urban/city order; for DIN triples, highway stores the 90 km/h observation and city the third value. Source body code: 2 Co 2."
vp-165679,Lancia,Y 1.2 i.e.,,,,International,car,M1,,Sedan,,FWD,,2,1,ICE,,Gasoline,1242.0,63.0,113.0,,,,,,,,,,910.0,,,1390.0,,,480.0,ok,single,,,5.0,,3725.0,,,1690.0,,,1440.0,,,2380.0,,1377.5,,,,,,,3.73,3.91;2.16;1.48;1.12;0.9,5.0,,manual,,,,,177.0,10.9,,9.2,5.1,,,,,,,,,,1.8958,69.23,bosch,1Авто справочник Bosch 2е рус издание.md,,2026-09-23T07:56:50.664101+00:00,"Table scope: representative passenger-car specifications current at 1999-03-01; source cited by the book as Automobil Revue Katalog 1999. Year is blank because the table date is not a model year. Payload is gross minus curb mass where both are reported; track width is the mean of the reported front/rear tracks. Fuel pairs are stored as highway/city in the source's extra-urban/city order; for DIN triples, highway stores the 90 km/h observation and city the third value. Source body code: 3 Li 5."
vp-693059,Lancia,Delta 2.0 i.e. Turbo HPE,,,,International,car,M1,,Sedan,,FWD,,2,1,ICE,,Gasoline,1995.0,142.0,290.0,,,,,,,,,,1330.0,,,1830.0,,,500.0,ok,single,,,5.0,,4010.0,,,1760.0,,,1760.0,,,2540.0,,1450.0,,,215/45R16,,,,3.56,3.8;2.24;1.52;1.16;0.81,5.0,,manual,,,,,225.0,7.5,,14.6,8.0,,,,,,,,,,2.66,106.77,bosch,1Авто справочник Bosch 2е рус издание.md,,2026-09-23T07:56:50.664101+00:00,"Table scope: representative passenger-car specifications current at 1999-03-01; source cited by the book as Automobil Revue Katalog 1999. Year is blank because the table date is not a model year. Payload is gross minus curb mass where both are reported; track width is the mean of the reported front/rear tracks. Fuel pairs are stored as highway/city in the source's extra-urban/city order; for DIN triples, highway stores the 90 km/h observation and city the third value. Source body code: 3 Li 5."
vp-3e4ee2,Lancia,Dedra 1.9 TD,,,,International,car,M1,,Station wagon,,FWD,,2,1,ICE,,Diesel,1929.0,66.0,186.0,,,,,,,,,,1285.0,,,1765.0,,,480.0,ok,single,,,5.0,,4345.0,,,1700.0,,,1450.0,,,2540.0,,1425.0,,,185/60R14,,,,3.17,3.91;2.24;1.44;1.03;0.79,5.0,,manual,,,,,174.0,13.9,,8.8,5.9,,,,,,,,,,2.6771,51.36,bosch,1Авто справочник Bosch 2е рус издание.md,,2026-09-23T07:56:50.664101+00:00,"Table scope: representative passenger-car specifications current at 1999-03-01; source cited by the book as Automobil Revue Katalog 1999. Year is blank because the table date is not a model year. Payload is gross minus curb mass where both are reported; track width is the mean of the reported front/rear tracks. Fuel pairs are stored as highway/city in the source's extra-urban/city order; for DIN triples, highway stores the 90 km/h observation and city the third value. Source body code: 5 Ko 5."
vp-a15973,Lancia,Kappa 2.4 JTD,,,,International,car,M1,,Sedan,,FWD,,2,1,ICE,,Diesel,2387.0,100.0,304.0,,,,,,,,,,1510.0,,,2000.0,,,490.0,ok,single,,,5.0,,4685.0,,,1825.0,,,1460.0,,,2700.0,,1540.0,,,195/65R15,,,,3.56,3.8;2.24;1.36;0.97;0.71,5.0,,manual,,,,,202.0,10.0,,10.2,6.2,,,,,,,,,,3.0816,66.23,bosch,1Авто справочник Bosch 2е рус издание.md,,2026-09-23T07:56:50.664101+00:00,"Table scope: representative passenger-car specifications current at 1999-03-01; source cited by the book as Automobil Revue Katalog 1999. Year is blank because the table date is not a model year. Payload is gross minus curb mass where both are reported; track width is the mean of the reported front/rear tracks. Fuel pairs are stored as highway/city in the source's extra-urban/city order; for DIN triples, highway stores the 90 km/h observation and city the third value. Source body code: 4 Li 5."
vp-f6199c,Lancia,Z 2.0 i.e.,,,,International,car,M1,,MPV,,FWD,,2,1,ICE,,Gasoline,1998.0,97.0,180.0,,,,,,,,,,1555.0,,,2360.0,,,805.0,ok,single,,,,,4470.0,,,1835.0,,,1710.0,,,2825.0,,1537.5,,,205/65R15,,,,4.64,3.25;1.78;1.19;0.9;0.73,5.0,,manual,,,,,186.0,10.1,,13.5,8.5,,,,,,,,,,1.9317,62.38,bosch,1Авто справочник Bosch 2е рус издание.md,,2026-09-23T07:56:50.664101+00:00,"Table scope: representative passenger-car specifications current at 1999-03-01; source cited by the book as Automobil Revue Katalog 1999. Year is blank because the table date is not a model year. Payload is gross minus curb mass where both are reported; track width is the mean of the reported front/rear tracks. Fuel pairs are stored as highway/city in the source's extra-urban/city order; for DIN triples, highway stores the 90 km/h observation and city the third value. Source body code: 5 Gli 5-8."
vp-51cbf9,Fiat,Ulysse 2.1 TD,,,,International,car,M1,,MPV,,FWD,,2,1,ICE,,Diesel,2088.0,80.0,250.0,,,,,,,,,,1615.0,,,2385.0,,,770.0,ok,single,,,,,4455.0,,,1830.0,,,1710.0,,,2825.0,,1537.5,,,195/70R14,,,,4.79,3.42;1.78;1.12;0.8;0.61,5.0,,manual,,,,,175.0,13.3,,10.8,6.7,,,,,,,,,,2.0974,49.54,bosch,1Авто справочник Bosch 2е рус издание.md,,2026-09-23T07:56:50.664101+00:00,"Table scope: representative passenger-car specifications current at 1999-03-01; source cited by the book as Automobil Revue Katalog 1999. Year is blank because the table date is not a model year. Payload is gross minus curb mass where both are reported; track width is the mean of the reported front/rear tracks. Fuel pairs are stored as highway/city in the source's extra-urban/city order; for DIN triples, highway stores the 90 km/h observation and city the third value. Source body code: 5 Gli 5-7."
vp-6521b9,Maserati,3200 GT BiTurbo,,,,International,car,M1,,Coupe,,RWD,,2,1,ICE,,Gasoline,3217.0,271.0,491.0,,,,,,,,,,1590.0,,,1940.0,,,350.0,ok,single,,,4.0,,4510.0,,,1820.0,,,1310.0,,,2660.0,,1532.5,,,,,,,3.23,1;2;3;4;5,6.0,,manual/automatic,,,,,280.0,5.1,,26.0,11.0,,,,,,,,,,4.5429,170.44,bosch,1Авто справочник Bosch 2е рус издание.md,,2026-09-23T07:56:50.664101+00:00,"Table scope: representative passenger-car specifications current at 1999-03-01; source cited by the book as Automobil Revue Katalog 1999. Year is blank because the table date is not a model year. Payload is gross minus curb mass where both are reported; track width is the mean of the reported front/rear tracks. Fuel pairs are stored as highway/city in the source's extra-urban/city order; for DIN triples, highway stores the 90 km/h observation and city the third value. Source body code: 2 Co 2+2."
vp-b71a15,Daihatsu,Charade 1.3i,,,,International,car,M1,,Sedan,,FWD,,2,1,ICE,,Gasoline,1296.0,62.0,105.0,,,,,,,,,,830.0,,,1350.0,,,520.0,ok,single,,,5.0,,3780.0,,,1620.0,,,1390.0,,,2395.0,,1387.5,,,145R13,,,,4.27,4.22;2.51;1.67;1.23;1;0.83,5.0,,manual/automatic,,,,,170.0,11.0,,8.9,5.6,,,,,,,,,,1.5962,74.7,bosch,1Авто справочник Bosch 2е рус издание.md,,2026-09-23T07:56:50.664101+00:00,"Table scope: representative passenger-car specifications current at 1999-03-01; source cited by the book as Automobil Revue Katalog 1999. Year is blank because the table date is not a model year. Payload is gross minus curb mass where both are reported; track width is the mean of the reported front/rear tracks. Fuel pairs are stored as highway/city in the source's extra-urban/city order; for DIN triples, highway stores the 90 km/h observation and city the third value. Source body code: 5/3 Li 5."
vp-987751,Honda,Z 0.7 Ti,,,,International,car,M1,,Microvan,,AWD,,2,2,ICE,,Gasoline,657.0,47.0,93.0,,,,,,,,,,960.0,,,,,,,,single,,,4.0,,3395.0,,,1475.0,,,1680.0,,,2360.0,,1285.0,,,175R15,,,,3.04,3.18;1.84;1.25;0.86;0.71,4.0,,automatic,,,,,130.0,,,10.0,6.0,,,,,,,,,,,48.96,bosch,1Авто справочник Bosch 2е рус издание.md,,2026-09-23T07:56:50.664101+00:00,"Table scope: representative passenger-car specifications current at 1999-03-01; source cited by the book as Automobil Revue Katalog 1999. Year is blank because the table date is not a model year. Payload is gross minus curb mass where both are reported; track width is the mean of the reported front/rear tracks. Fuel pairs are stored as highway/city in the source's extra-urban/city order; for DIN triples, highway stores the 90 km/h observation and city the third value. Source body code: 3 Mv 4."
vp-a85273,Honda,Logo 1.3i,,,,International,car,M1,,Sedan,,FWD,,2,1,ICE,,Gasoline,1343.0,48.0,108.0,,,,,,,,,,940.0,,,1365.0,,,425.0,ok,single,,,5.0,,3785.0,,,1645.0,,,1520.0,,,2360.0,,1412.5,,,175/70R13,,,,4.06,2.7;1.55;1.03;0.74,5.0,,manual/automatic,,,,,152.0,14.5,,7.8,5.5,,,,,,,,,,2.2118,51.06,bosch,1Авто справочник Bosch 2е рус издание.md,,2026-09-23T07:56:50.664101+00:00,"Table scope: representative passenger-car specifications current at 1999-03-01; source cited by the book as Automobil Revue Katalog 1999. Year is blank because the table date is not a model year. Payload is gross minus curb mass where both are reported; track width is the mean of the reported front/rear tracks. Fuel pairs are stored as highway/city in the source's extra-urban/city order; for DIN triples, highway stores the 90 km/h observation and city the third value. Source body code: 5/3 Li 5."
vp-e58a72,Honda,Civic Aerodeck 1.5i,,,,International,car,M1,,Station wagon,,FWD,,2,1,ICE,,Gasoline,1493.0,84.0,134.0,,,,,,,,,,1135.0,,,1610.0,,,475.0,ok,single,,,5.0,,4425.0,,,1695.0,,,1440.0,,,2620.0,,1485.0,,,175/70R13,,,,3.89,3.23;1.78;1.25;0.94;0.77,5.0,,manual/automatic,,,,,190.0,11.5,,8.8,5.7,,,,,,,,,,2.3895,74.01,bosch,1Авто справочник Bosch 2е рус издание.md,,2026-09-23T07:56:50.664101+00:00,"Table scope: representative passenger-car specifications current at 1999-03-01; source cited by the book as Automobil Revue Katalog 1999. Year is blank because the table date is not a model year. Payload is gross minus curb mass where both are reported; track width is the mean of the reported front/rear tracks. Fuel pairs are stored as highway/city in the source's extra-urban/city order; for DIN triples, highway stores the 90 km/h observation and city the third value. Source body code: 5 Ko 5."
vp-dbcb24,Honda,Accord Coupe 2.0i,,,,International,car,M1,,Coupe,,FWD,,2,1,ICE,,Gasoline,1997.0,108.0,184.0,,,,,,,,,,1355.0,,,,,,,,single,,,5.0,,4765.0,,,1785.0,,,1400.0,,,2670.0,,1545.0,,,195/65R15,,,,4.26,3.29;1.96;1.34;1.03;0.81,5.0,,manual,,,,,208.0,10.1,,12.2,7.1,,,,,,,,,,,79.7,bosch,1Авто справочник Bosch 2е рус издание.md,,2026-09-23T07:56:50.664101+00:00,"Table scope: representative passenger-car specifications current at 1999-03-01; source cited by the book as Automobil Revue Katalog 1999. Year is blank because the table date is not a model year. Payload is gross minus curb mass where both are reported; track width is the mean of the reported front/rear tracks. Fuel pairs are stored as highway/city in the source's extra-urban/city order; for DIN triples, highway stores the 90 km/h observation and city the third value. Source body code: 2 Co 5."
vp-2b0863,Honda,Capa 1.5i,,,,International,car,M1,,Microvan,,FWD,,2,1,ICE,,Gasoline,1493.0,72.0,133.0,,,,,,,,,,1110.0,,,,,,,,single,,,5.0,,3775.0,,,1640.0,,,1650.0,,,2360.0,,1422.5,,,175/70R13,,,,,,,,,,,,,170.0,,,9.0,4.5,,,,,,,,,,,64.86,bosch,1Авто справочник Bosch 2е рус издание.md,,2026-09-23T07:56:50.664101+00:00,"Table scope: representative passenger-car specifications current at 1999-03-01; source cited by the book as Automobil Revue Katalog 1999. Year is blank because the table date is not a model year. Payload is gross minus curb mass where both are reported; track width is the mean of the reported front/rear tracks. Fuel pairs are stored as highway/city in the source's extra-urban/city order; for DIN triples, highway stores the 90 km/h observation and city the third value. Source body code: 5 Mv 5."
vp-4ad1f3,Honda,Odyssey 3.5i,,,,International,car,M1,,MPV,,FWD,,2,1,ICE,,Gasoline,3471.0,157.0,310.0,,,,,,,,,,1910.0,,,,,,,,single,,,7.0,,5110.0,,,1920.0,,,1730.0,,,3000.0,,1680.0,,,215/65R16,,,,0.88,2.43;1.37,4.0,,automatic,,,,,190.0,,,13.1,9.0,,,,,,,,,,,82.2,bosch,1Авто справочник Bosch 2е рус издание.md,,2026-09-23T07:56:50.664101+00:00,"Table scope: representative passenger-car specifications current at 1999-03-01; source cited by the book as Automobil Revue Katalog 1999. Year is blank because the table date is not a model year. Payload is gross minus curb mass where both are reported; track width is the mean of the reported front/rear tracks. Fuel pairs are stored as highway/city in the source's extra-urban/city order; for DIN triples, highway stores the 90 km/h observation and city the third value. Source body code: 5 Gli 7."
vp-3d5f41,Honda,HR-V 1.6i,,,,International,car,M1,,SUV,,AWD,,2,2,ICE,,Gasoline,1590.0,77.0,135.0,,,,,,,,,,1125.0,,,1530.0,,,405.0,ok,single,,,4.0,,4010.0,,,1695.0,,,1590.0,,,2350.0,,1462.5,,,195/70R15,,,,0.87,3.5;1.96;1.34;1.07,,,CVT,,,,,165.0,11.2,,9.9,7.2,,,,,,,,,,2.7778,68.44,bosch,1Авто справочник Bosch 2е рус издание.md,,2026-09-23T07:56:50.664101+00:00,"Table scope: representative passenger-car specifications current at 1999-03-01; source cited by the book as Automobil Revue Katalog 1999. Year is blank because the table date is not a model year. Payload is gross minus curb mass where both are reported; track width is the mean of the reported front/rear tracks. Fuel pairs are stored as highway/city in the source's extra-urban/city order; for DIN triples, highway stores the 90 km/h observation and city the third value. Source body code: 3 Ge 4."
vp-733644,Lexus,IS 200 2.0i,,,,International,car,M1,,Sedan,,RWD,,2,1,ICE,,Gasoline,1988.0,114.0,195.0,,,,,,,,,,1300.0,,,,,,,,single,,,5.0,,4400.0,,,1720.0,,,1410.0,,,2670.0,,1490.0,,,215/45R17,,,,,,6.0,,manual/automatic,,,,,215.0,9.5,,13.0,7.0,,,,,,,,,,,87.69,bosch,1Авто справочник Bosch 2е рус издание.md,,2026-09-23T07:56:50.664101+00:00,"Table scope: representative passenger-car specifications current at 1999-03-01; source cited by the book as Automobil Revue Katalog 1999. Year is blank because the table date is not a model year. Payload is gross minus curb mass where both are reported; track width is the mean of the reported front/rear tracks. Fuel pairs are stored as highway/city in the source's extra-urban/city order; for DIN triples, highway stores the 90 km/h observation and city the third value. Source body code: 4 Li 5."
vp-2186f1,Lexus,GS 300 3.0i,,,,International,car,M1,,Sedan,,RWD,,2,1,ICE,,Gasoline,2997.0,163.0,298.0,,,,,,,,,,1665.0,,,2120.0,,,455.0,ok,single,,,5.0,,4810.0,,,1800.0,,,1450.0,,,2800.0,,1522.5,,,225/55R16,,,,3.62,3.36;2.18;1.43;1;0.75,5.0,,automatic,,,,,230.0,8.2,,16.0,8.8,,,,,,,,,,3.6593,97.9,bosch,1Авто справочник Bosch 2е рус издание.md,,2026-09-23T07:56:50.664101+00:00,"Table scope: representative passenger-car specifications current at 1999-03-01; source cited by the book as Automobil Revue Katalog 1999. Year is blank because the table date is not a model year. Payload is gross minus curb mass where both are reported; track width is the mean of the reported front/rear tracks. Fuel pairs are stored as highway/city in the source's extra-urban/city order; for DIN triples, highway stores the 90 km/h observation and city the third value. Source body code: 4 Li 5."
vp-cc695f,Mazda,AZ Wagon 0.7 Ti,,,,International,car,M1,,Microvan,,FWD,,2,1,ICE,,Gasoline,657.0,44.0,83.0,,,,,,,,,,750.0,,,,,,,,single,,,4.0,,3395.0,,,1475.0,,,1690.0,,,2360.0,,1290.0,,,135R12,,,,5.94,3.38;2.06;1.28;0.89;0.72,5.0,,manual,,,,,135.0,,,8.0,4.0,,,,,,,,,,,58.67,bosch,1Авто справочник Bosch 2е рус издание.md,,2026-09-23T07:56:50.664101+00:00,"Table scope: representative passenger-car specifications current at 1999-03-01; source cited by the book as Automobil Revue Katalog 1999. Year is blank because the table date is not a model year. Payload is gross minus curb mass where both are reported; track width is the mean of the reported front/rear tracks. Fuel pairs are stored as highway/city in the source's extra-urban/city order; for DIN triples, highway stores the 90 km/h observation and city the third value. Source body code: 3/5 Mv 4."
vp-acc33b,Mazda,Demio 1.3i,,,,International,car,M1,,Station wagon,,FWD,,2,1,ICE,,Gasoline,1324.0,53.0,105.0,,,,,,,,,,950.0,,,1450.0,,,500.0,ok,single,,,5.0,,3810.0,,,1670.0,,,1540.0,,,2390.0,,1420.0,,,,,,,3.85,3.42;1.84;1.29;0.97;0.82,5.0,,manual/automatic,,,,,158.0,13.2,,8.7,6.0,,,,,,,,,,1.9,55.79,bosch,1Авто справочник Bosch 2е рус издание.md,,2026-09-23T07:56:50.664101+00:00,"Table scope: representative passenger-car specifications current at 1999-03-01; source cited by the book as Automobil Revue Katalog 1999. Year is blank because the table date is not a model year. Payload is gross minus curb mass where both are reported; track width is the mean of the reported front/rear tracks. Fuel pairs are stored as highway/city in the source's extra-urban/city order; for DIN triples, highway stores the 90 km/h observation and city the third value. Source body code: 5 Ko 5."
vp-e0ed9b,Mazda,323P 1.5i,,,,International,car,M1,,Sedan,,FWD,,2,1,ICE,,Gasoline,1498.0,65.0,132.0,,,,,,,,,,1010.0,,,1540.0,,,530.0,ok,single,,,5.0,,4035.0,,,1695.0,,,1410.0,,,2505.0,,1460.0,,,,,,,4.11,3.42;1.84;1.29;0.97;0.78,5.0,,manual/automatic,,,,,173.0,11.8,,9.7,6.3,,,,,,,,,,1.9057,64.36,bosch,1Авто справочник Bosch 2е рус издание.md,,2026-09-23T07:56:50.664101+00:00,"Table scope: representative passenger-car specifications current at 1999-03-01; source cited by the book as Automobil Revue Katalog 1999. Year is blank because the table date is not a model year. Payload is gross minus curb mass where both are reported; track width is the mean of the reported front/rear tracks. Fuel pairs are stored as highway/city in the source's extra-urban/city order; for DIN triples, highway stores the 90 km/h observation and city the third value. Source body code: 3 Li 5."
vp-3f75af,Mazda,626 Wagon 2.0i,,,,International,car,M1,,Station wagon,,FWD,,2,1,ICE,,Gasoline,1991.0,100.0,181.0,,,,,,,,,,1305.0,,,1850.0,,,545.0,ok,single,,,5.0,,4660.0,,,1710.0,,,1520.0,,,2670.0,,1475.0,,,,,,,4.11,3.31;1.83;1.31;0.97;0.76,5.0,,manual/automatic,,,,,202.0,10.5,,10.9,6.7,,,,,,,,,,2.3945,76.63,bosch,1Авто справочник Bosch 2е рус издание.md,,2026-09-23T07:56:50.664101+00:00,"Table scope: representative passenger-car specifications current at 1999-03-01; source cited by the book as Automobil Revue Katalog 1999. Year is blank because the table date is not a model year. Payload is gross minus curb mass where both are reported; track width is the mean of the reported front/rear tracks. Fuel pairs are stored as highway/city in the source's extra-urban/city order; for DIN triples, highway stores the 90 km/h observation and city the third value. Source body code: 5 Ko 5."
vp-4ebd1a,Mitsubishi,Colt 1.6i,,,,International,car,M1,,Sedan,,FWD,,2,1,ICE,,Gasoline,1597.0,129.0,167.0,,,,,,,,,,1020.0,,,1445.0,,,425.0,ok,single,,,5.0,,4290.0,,,1690.0,,,1390.0,,,2500.0,,1455.0,,,,,,,4.63,3.07;1.95;1.38;1.03;0.77,5.0,,manual/automatic,,,,,210.0,7.5,,14.0,8.0,,,,,,,,,,2.4,126.47,bosch,1Авто справочник Bosch 2е рус издание.md,,2026-09-23T07:56:50.664101+00:00,"Table scope: representative passenger-car specifications current at 1999-03-01; source cited by the book as Automobil Revue Katalog 1999. Year is blank because the table date is not a model year. Payload is gross minus curb mass where both are reported; track width is the mean of the reported front/rear tracks. Fuel pairs are stored as highway/city in the source's extra-urban/city order; for DIN triples, highway stores the 90 km/h observation and city the third value. Source body code: 4/3 Li 5."
vp-54c2d1,Mitsubishi,Carisma 1.8 GDI,,,,International,car,M1,,Sedan,,FWD,,2,1,ICE,,Gasoline,1834.0,92.0,174.0,,,,,,,,,,1215.0,,,1685.0,,,470.0,ok,single,,,5.0,,4435.0,,,1695.0,,,1400.0,,,2550.0,,1465.0,,,,,,,3.72,3.58;1.95;1.27;0.97;0.77,5.0,,manual/automatic,,,,,200.0,10.0,,8.4,5.0,,,,,,,,,,2.5851,75.72,bosch,1Авто справочник Bosch 2е рус издание.md,,2026-09-23T07:56:50.664101+00:00,"Table scope: representative passenger-car specifications current at 1999-03-01; source cited by the book as Automobil Revue Katalog 1999. Year is blank because the table date is not a model year. Payload is gross minus curb mass where both are reported; track width is the mean of the reported front/rear tracks. Fuel pairs are stored as highway/city in the source's extra-urban/city order; for DIN triples, highway stores the 90 km/h observation and city the third value. Source body code: 4/5 Li 5."
vp-bab4e8,Mitsubishi,Space Star 1.3i,,,,International,car,M1,,,,FWD,,2,1,ICE,,Gasoline,1299.0,63.0,117.0,,,,,,,,,,1120.0,,,1655.0,,,535.0,ok,single,,,,,4030.0,,,1700.0,,,1520.0,,,2500.0,,1472.5,,,,,,,4.21,3.73;2.05;1.32;0.97;0.79,5.0,,manual,,,,,170.0,13.4,,9.0,5.6,,,,,,,,,,2.0935,56.25,bosch,1Авто справочник Bosch 2е рус издание.md,,2026-09-23T07:56:50.664101+00:00,"Table scope: representative passenger-car specifications current at 1999-03-01; source cited by the book as Automobil Revue Katalog 1999. Year is blank because the table date is not a model year. Payload is gross minus curb mass where both are reported; track width is the mean of the reported front/rear tracks. Fuel pairs are stored as highway/city in the source's extra-urban/city order; for DIN triples, highway stores the 90 km/h observation and city the third value. Source body code: not recovered from OCR."
vp-7f7650,Nissan,Almera 1.4i,,,,International,car,M1,,Sedan,,FWD,,2,1,ICE,,Gasoline,1392.0,64.0,116.0,,,,,,,,,,1035.0,,,1545.0,,,510.0,ok,single,,,5.0,,4120.0,,,1690.0,,,1390.0,,,2535.0,,1452.5,,,,,,,4.17,3.33;1.96;1.29;0.9;0.73,5.0,,manual,,,,,172.0,12.6,,9.2,5.8,,,,,,,,,,2.0294,61.84,bosch,1Авто справочник Bosch 2е рус издание.md,,2026-09-23T07:56:50.664101+00:00,"Table scope: representative passenger-car specifications current at 1999-03-01; source cited by the book as Automobil Revue Katalog 1999. Year is blank because the table date is not a model year. Payload is gross minus curb mass where both are reported; track width is the mean of the reported front/rear tracks. Fuel pairs are stored as highway/city in the source's extra-urban/city order; for DIN triples, highway stores the 90 km/h observation and city the third value. Source body code: 3/4/5 Li 5."
vp-23cb81,Nissan,Terrano II 2.4i,,,,International,car,M1,,SUV,,AWD,,2,2,ICE,,Gasoline,2389.0,85.0,191.0,,,,,,,,,,1630.0,,,2510.0,,,880.0,ok,single,,,5.0,,4185.0,,,1755.0,,,1830.0,,,2450.0,,1442.5,,,,,,,4.63,3.59;2.25;1.42;1;0.82,5.0,,manual,,,,,160.0,13.7,,15.8,10.3,,,,,,,,,,1.8523,52.15,bosch,1Авто справочник Bosch 2е рус издание.md,,2026-09-23T07:56:50.664101+00:00,"Table scope: representative passenger-car specifications current at 1999-03-01; source cited by the book as Automobil Revue Katalog 1999. Year is blank because the table date is not a model year. Payload is gross minus curb mass where both are reported; track width is the mean of the reported front/rear tracks. Fuel pairs are stored as highway/city in the source's extra-urban/city order; for DIN triples, highway stores the 90 km/h observation and city the third value. Source body code: 3/5 Ge 5."
vp-19e87e,Subaru,Legacy 2.0i,,,,International,car,M1,,Sedan,,AWD,,2,2,ICE,,Gasoline,1994.0,92.0,184.0,,,,,,,,,,1370.0,,,1815.0,,,445.0,ok,single,,,5.0,,4600.0,,,1700.0,,,1410.0,,,2650.0,,1457.5,,,,,,,3.9,3.55;2.11;1.45;1.09;0.87,5.0,,manual/automatic,,,,,188.0,10.8,,12.3,7.7,,,,,,,,,,3.0787,67.15,bosch,1Авто справочник Bosch 2е рус издание.md,,2026-09-23T07:56:50.664101+00:00,"Table scope: representative passenger-car specifications current at 1999-03-01; source cited by the book as Automobil Revue Katalog 1999. Year is blank because the table date is not a model year. Payload is gross minus curb mass where both are reported; track width is the mean of the reported front/rear tracks. Fuel pairs are stored as highway/city in the source's extra-urban/city order; for DIN triples, highway stores the 90 km/h observation and city the third value. Source body code: 4 Li 5."
vp-008c3a,Suzuki,Wagon R 1.0i,,,,International,car,M1,,Microvan,,FWD,,2,1,ICE,,Gasoline,997.0,48.0,181.0,,,,,,,,,,845.0,,,1330.0,,,485.0,ok,single,,,4.0,,3410.0,,,1575.0,,,1700.0,,,2335.0,,1357.5,,,,,,,4.39,3.42;1.89;1.28;0.91;0.76,5.0,,manual,,,,,140.0,,,7.6,5.0,,,,,,,,,,1.7423,56.8,bosch,1Авто справочник Bosch 2е рус издание.md,,2026-09-23T07:56:50.664101+00:00,"Table scope: representative passenger-car specifications current at 1999-03-01; source cited by the book as Automobil Revue Katalog 1999. Year is blank because the table date is not a model year. Payload is gross minus curb mass where both are reported; track width is the mean of the reported front/rear tracks. Fuel pairs are stored as highway/city in the source's extra-urban/city order; for DIN triples, highway stores the 90 km/h observation and city the third value. Source body code: 5 Mv 4."
vp-a86c17,Suzuki,X-90 1.6i,,,,International,car,M1,,SUV,,AWD,,2,2,ICE,,Gasoline,1590.0,71.0,132.0,,,,,,,,,,1100.0,,,1360.0,,,260.0,ok,single,,,2.0,,3710.0,,,1695.0,,,1560.0,,,2200.0,,1427.5,,,,,,,4.3,3.65;1.95;1.38;1;0.8,5.0,,manual/automatic,,,,,150.0,,,9.8,6.7,,,,,,,,,,4.2308,64.55,bosch,1Авто справочник Bosch 2е рус издание.md,,2026-09-23T07:56:50.664101+00:00,"Table scope: representative passenger-car specifications current at 1999-03-01; source cited by the book as Automobil Revue Katalog 1999. Year is blank because the table date is not a model year. Payload is gross minus curb mass where both are reported; track width is the mean of the reported front/rear tracks. Fuel pairs are stored as highway/city in the source's extra-urban/city order; for DIN triples, highway stores the 90 km/h observation and city the third value. Source body code: 2 Ge 2."
vp-58eee3,Toyota,Yaris 1.0i,,,,International,car,M1,,Sedan,,FWD,,2,1,ICE,,Gasoline,998.0,50.0,90.0,,,,,,,,,,820.0,,,,,,,,single,,,5.0,,3610.0,,,1660.0,,,1500.0,,,2370.0,,1440.0,,,,,,,3.94,3.55;1.91;1.31;0.97;0.8,5.0,,manual/automatic,,,,,156.0,12.0,,8.0,5.0,,,,,,,,,,,60.98,bosch,1Авто справочник Bosch 2е рус издание.md,,2026-09-23T07:56:50.664101+00:00,"Table scope: representative passenger-car specifications current at 1999-03-01; source cited by the book as Automobil Revue Katalog 1999. Year is blank because the table date is not a model year. Payload is gross minus curb mass where both are reported; track width is the mean of the reported front/rear tracks. Fuel pairs are stored as highway/city in the source's extra-urban/city order; for DIN triples, highway stores the 90 km/h observation and city the third value. Source body code: 5 Li 5."
vp-b0a620,Toyota,Avensis 2.0 TD-CR,,,,International,car,M1,,Sedan,,FWD,,2,1,ICE,,Diesel,1975.0,82.0,250.0,,,,,,,,,,1280.0,,,1830.0,,,550.0,ok,single,,,5.0,,4490.0,,,1710.0,,,1430.0,,,2630.0,,1465.0,,,,,,,3.74,3.54;2.04;1.32;0.95;0.73,5.0,,manual,,,,,180.0,12.0,,8.5,5.2,,,,,,,,,,2.3273,64.06,bosch,1Авто справочник Bosch 2е рус издание.md,,2026-09-23T07:56:50.664101+00:00,"Table scope: representative passenger-car specifications current at 1999-03-01; source cited by the book as Automobil Revue Katalog 1999. Year is blank because the table date is not a model year. Payload is gross minus curb mass where both are reported; track width is the mean of the reported front/rear tracks. Fuel pairs are stored as highway/city in the source's extra-urban/city order; for DIN triples, highway stores the 90 km/h observation and city the third value. Source body code: 4/5 Li 5."
vp-d8a902,Toyota,Picnic 2.0i,,,,International,car,M1,,Sedan,,FWD,,2,1,ICE,,Gasoline,1998.0,94.0,178.0,,,,,,,,,,1335.0,,,2010.0,,,675.0,ok,single,,,6.0,,4530.0,,,1695.0,,,1620.0,,,2735.0,,1460.0,,,,,,,3.94,3.54;2.04;1.32;1.03;0.82,5.0,,manual/automatic,,,,,180.0,10.8,,12.3,7.4,,,,,,,,,,1.9778,70.41,bosch,1Авто справочник Bosch 2е рус издание.md,,2026-09-23T07:56:50.664101+00:00,"Table scope: representative passenger-car specifications current at 1999-03-01; source cited by the book as Automobil Revue Katalog 1999. Year is blank because the table date is not a model year. Payload is gross minus curb mass where both are reported; track width is the mean of the reported front/rear tracks. Fuel pairs are stored as highway/city in the source's extra-urban/city order; for DIN triples, highway stores the 90 km/h observation and city the third value. Source body code: 5 Li 6."
vp-cfb2b2,Daewoo,Matiz 0.8i,,,,International,car,M1,,Sedan,,FWD,,2,1,ICE,,Gasoline,796.0,38.0,69.0,,,,,,,,,,725.0,,,1210.0,,,485.0,ok,single,,,5.0,,3595.0,,,1495.0,,,1480.0,,,2340.0,,1297.5,,,,,,,4.44,3.82;2.21;1.42;1.03;0.84,5.0,,manual,,,,,144.0,17.0,,8.4,5.2,,,,,,,,,,1.4948,52.41,bosch,1Авто справочник Bosch 2е рус издание.md,,2026-09-23T07:56:50.664101+00:00,"Table scope: representative passenger-car specifications current at 1999-03-01; source cited by the book as Automobil Revue Katalog 1999. Year is blank because the table date is not a model year. Payload is gross minus curb mass where both are reported; track width is the mean of the reported front/rear tracks. Fuel pairs are stored as highway/city in the source's extra-urban/city order; for DIN triples, highway stores the 90 km/h observation and city the third value. Source body code: 5 Li 5."
vp-a8b4f4,Daewoo,Lanos 1.3i,,,,International,car,M1,,Sedan,,FWD,,2,1,ICE,,Gasoline,1349.0,55.0,113.0,,,,,,,,,,1005.0,,,1595.0,,,590.0,ok,single,,,5.0,,4235.0,,,1680.0,,,1430.0,,,2520.0,,1415.0,,,,,,,4.18,3.55;2.05;1.35;0.97;0.76,5.0,,manual,,,,,170.0,15.0,,11.4,5.9,,,,,,,,,,1.7034,54.73,bosch,1Авто справочник Bosch 2е рус издание.md,,2026-09-23T07:56:50.664101+00:00,"Table scope: representative passenger-car specifications current at 1999-03-01; source cited by the book as Automobil Revue Katalog 1999. Year is blank because the table date is not a model year. Payload is gross minus curb mass where both are reported; track width is the mean of the reported front/rear tracks. Fuel pairs are stored as highway/city in the source's extra-urban/city order; for DIN triples, highway stores the 90 km/h observation and city the third value. Source body code: 4/3/5 Li 5."
vp-b89d22,Daewoo,Nubira 2.0i,,,,International,car,M1,,Station wagon,,FWD,,2,1,ICE,,Gasoline,1998.0,100.0,184.0,,,,,,,,,,1285.0,,,1860.0,,,575.0,ok,single,,,5.0,,4515.0,,,1700.0,,,1430.0,,,2570.0,,1460.0,,,,,,,3.55,3.55;2.16;1.48;1.13;0.87,5.0,,manual/automatic,,,,,195.0,9.0,,15.1,7.4,,,,,,,,,,2.2348,77.82,bosch,1Авто справочник Bosch 2е рус издание.md,,2026-09-23T07:56:50.664101+00:00,"Table scope: representative passenger-car specifications current at 1999-03-01; source cited by the book as Automobil Revue Katalog 1999. Year is blank because the table date is not a model year. Payload is gross minus curb mass where both are reported; track width is the mean of the reported front/rear tracks. Fuel pairs are stored as highway/city in the source's extra-urban/city order; for DIN triples, highway stores the 90 km/h observation and city the third value. Source body code: 5 Ko 5."
vp-bf80fe,Hyundai,Atos 1.0i,,,,International,car,M1,,Microvan,,FWD,,2,1,ICE,,Gasoline,999.0,41.0,82.0,,,,,,,,,,820.0,,,1220.0,,,400.0,ok,single,,,5.0,,3495.0,,,1495.0,,,1610.0,,,2380.0,,1307.5,,,,,,,4.53,3.54;1.95;1.31;0.92;0.78,5.0,,manual/automatic,,,,,142.0,15.1,,8.0,5.4,,,,,,,,,,2.05,50.0,bosch,1Авто справочник Bosch 2е рус издание.md,,2026-09-23T07:56:50.664101+00:00,"Table scope: representative passenger-car specifications current at 1999-03-01; source cited by the book as Automobil Revue Katalog 1999. Year is blank because the table date is not a model year. Payload is gross minus curb mass where both are reported; track width is the mean of the reported front/rear tracks. Fuel pairs are stored as highway/city in the source's extra-urban/city order; for DIN triples, highway stores the 90 km/h observation and city the third value. Source body code: 5 Mv 5."
vp-b98fff,Hyundai,Coupé 2.0i,,,,International,car,M1,,Coupe,,FWD,,2,1,ICE,,Gasoline,1975.0,102.0,182.0,,,,,,,,,,1250.0,,,1600.0,,,350.0,ok,single,,,,,4340.0,,,1730.0,,,1300.0,,,2480.0,,1460.0,,,,,,,3.84,3.31;1.95;1.39;1.06;0.84,5.0,,manual/automatic,,,,,201.0,8.6,,11.4,7.3,,,,,,,,,,3.5714,81.6,bosch,1Авто справочник Bosch 2е рус издание.md,,2026-09-23T07:56:50.664101+00:00,"Table scope: representative passenger-car specifications current at 1999-03-01; source cited by the book as Automobil Revue Katalog 1999. Year is blank because the table date is not a model year. Payload is gross minus curb mass where both are reported; track width is the mean of the reported front/rear tracks. Fuel pairs are stored as highway/city in the source's extra-urban/city order; for DIN triples, highway stores the 90 km/h observation and city the third value. Source body code: 3 Co 4/5."
vp-839ebe,Kia,Carnival 2.5i,,,,International,car,M1,,MPV,,FWD,,2,1,ICE,,Gasoline,2497.0,121.0,222.0,,,,,,,,,,1735.0,,,2425.0,,,690.0,ok,single,,,,,4890.0,,,1895.0,,,1730.0,,,2905.0,,1612.5,,,,,,,4.31,3.75;1.95;1.3;0.94;0.75,5.0,,manual/automatic,,,,,185.0,,,15.3,8.9,,,,,,,,,,2.5145,69.74,bosch,1Авто справочник Bosch 2е рус издание.md,,2026-09-23T07:56:50.664101+00:00,"Table scope: representative passenger-car specifications current at 1999-03-01; source cited by the book as Automobil Revue Katalog 1999. Year is blank because the table date is not a model year. Payload is gross minus curb mass where both are reported; track width is the mean of the reported front/rear tracks. Fuel pairs are stored as highway/city in the source's extra-urban/city order; for DIN triples, highway stores the 90 km/h observation and city the third value. Source body code: 5 Gli 5-7."
vp-060c6f,Saab,9-3 2.0i,,,,International,car,M1,,Sedan,,FWD,,2,1,ICE,,Gasoline,1985.0,96.0,177.0,,,,,,,,,,1295.0,,,1860.0,,,565.0,ok,single,,,5.0,,4630.0,,,1710.0,,,1430.0,,,2600.0,,1445.0,,,,,,,4.45,3.38;1.76;1.12;0.89;0.7,5.0,,manual/automatic,,,,,200.0,11.0,,13.1,6.8,,,,,,,,,,2.292,74.13,bosch,1Авто справочник Bosch 2е рус издание.md,,2026-09-23T07:56:50.664101+00:00,"Table scope: representative passenger-car specifications current at 1999-03-01; source cited by the book as Automobil Revue Katalog 1999. Year is blank because the table date is not a model year. Payload is gross minus curb mass where both are reported; track width is the mean of the reported front/rear tracks. Fuel pairs are stored as highway/city in the source's extra-urban/city order; for DIN triples, highway stores the 90 km/h observation and city the third value. Source body code: 5/3 Li 5."
vp-0366f6,Saab,9-3 2.2 TD,,,,International,car,M1,,Sedan,,FWD,,2,1,ICE,,Diesel,2172.0,85.0,260.0,,,,,,,,,,1350.0,,,1910.0,,,560.0,ok,single,,,5.0,,4630.0,,,1710.0,,,1430.0,,,2600.0,,1445.0,,,,,,,4.45,3.38;1.76;1.12;0.89;0.7,5.0,,manual/automatic,,,,,200.0,10.9,,8.9,4.6,,,,,,,,,,2.4107,62.96,bosch,1Авто справочник Bosch 2е рус издание.md,,2026-09-23T07:56:50.664101+00:00,"Table scope: representative passenger-car specifications current at 1999-03-01; source cited by the book as Automobil Revue Katalog 1999. Year is blank because the table date is not a model year. Payload is gross minus curb mass where both are reported; track width is the mean of the reported front/rear tracks. Fuel pairs are stored as highway/city in the source's extra-urban/city order; for DIN triples, highway stores the 90 km/h observation and city the third value. Source body code: 3/5 Li 5."
vp-a80ff4,Saab,9-5 2.0i Turbo,,,,International,car,M1,,Sedan,,FWD,,2,1,ICE,,Gasoline,1985.0,110.0,215.0,,,,,,,,,,1485.0,,,,,,,,single,,,5.0,,4810.0,,,1790.0,,,1450.0,,,2705.0,,1520.0,,,,,,,4.05,3.38;1.76;1.18;0.89;0.66,5.0,,manual/automatic,,,,,215.0,9.8,,13.5,7.2,,,,,,,,,,,74.07,bosch,1Авто справочник Bosch 2е рус издание.md,,2026-09-23T07:56:50.664101+00:00,"Table scope: representative passenger-car specifications current at 1999-03-01; source cited by the book as Automobil Revue Katalog 1999. Year is blank because the table date is not a model year. Payload is gross minus curb mass where both are reported; track width is the mean of the reported front/rear tracks. Fuel pairs are stored as highway/city in the source's extra-urban/city order; for DIN triples, highway stores the 90 km/h observation and city the third value. Source body code: 4 Li 5."
vp-ca9da6,Saab,9-5 3.0i Turbo,,,,International,car,M1,,Station wagon,,FWD,,2,1,ICE,,Gasoline,2962.0,147.0,310.0,,,,,,,,,,1650.0,,,2180.0,,,530.0,ok,single,,,5.0,,4810.0,,,1790.0,,,1450.0,,,2705.0,,1520.0,,,,,,,4.28,2.58;1.41;1;0.74,4.0,,automatic,,,,,230.0,8.7,,17.2,8.5,,,,,,,,,,3.1132,89.09,bosch,1Авто справочник Bosch 2е рус издание.md,,2026-09-23T07:56:50.664101+00:00,"Table scope: representative passenger-car specifications current at 1999-03-01; source cited by the book as Automobil Revue Katalog 1999. Year is blank because the table date is not a model year. Payload is gross minus curb mass where both are reported; track width is the mean of the reported front/rear tracks. Fuel pairs are stored as highway/city in the source's extra-urban/city order; for DIN triples, highway stores the 90 km/h observation and city the third value. Source body code: 5 Ko 5."
vp-ebf29a,Volvo,S40 1.8i,,,,International,car,M1,,Sedan,,FWD,,2,1,ICE,,Gasoline,1834.0,92.0,174.0,,,,,,,,,,1230.0,,,1750.0,,,520.0,ok,single,,,5.0,,4480.0,,,1720.0,,,1390.0,,,2550.0,,1460.0,,,,,,,3.72,1;2;3.58;1.94;3;4,5.0,,manual/automatic,,,,,200.0,10.5,,9.1,5.7,,,,,,,,,,2.3654,74.8,bosch,1Авто справочник Bosch 2е рус издание.md,,2026-09-23T07:56:50.664101+00:00,"Table scope: representative passenger-car specifications current at 1999-03-01; source cited by the book as Automobil Revue Katalog 1999. Year is blank because the table date is not a model year. Payload is gross minus curb mass where both are reported; track width is the mean of the reported front/rear tracks. Fuel pairs are stored as highway/city in the source's extra-urban/city order; for DIN triples, highway stores the 90 km/h observation and city the third value. Source body code: 4 Li 5."
vp-4c6e3e,Volvo,V40 1.9 TDI,,,,International,car,M1,,Station wagon,,FWD,,2,1,ICE,,Diesel,1870.0,70.0,190.0,,,,,,,,,,1250.0,,,1790.0,,,540.0,ok,single,,,5.0,,4480.0,,,1720.0,,,1390.0,,,2550.0,,1460.0,,,,,,,3.44,1;2;3.61;1.86;3;4,5.0,,manual/automatic,,,,,180.0,12.5,,8.3,5.2,,,,,,,,,,2.3148,56.0,bosch,1Авто справочник Bosch 2е рус издание.md,,2026-09-23T07:56:50.664101+00:00,"Table scope: representative passenger-car specifications current at 1999-03-01; source cited by the book as Automobil Revue Katalog 1999. Year is blank because the table date is not a model year. Payload is gross minus curb mass where both are reported; track width is the mean of the reported front/rear tracks. Fuel pairs are stored as highway/city in the source's extra-urban/city order; for DIN triples, highway stores the 90 km/h observation and city the third value. Source body code: 5 Ko 5."
vp-ea2369,Volvo,S70 2.0i,,,,International,car,M1,,Sedan,,FWD,,2,1,ICE,,Gasoline,1984.0,93.0,170.0,,,,,,,,,,1430.0,,,1890.0,,,460.0,ok,single,,,5.0,,4720.0,,,1760.0,,,1400.0,,,2660.0,,1495.0,,,,,,,4.45,1;2;3.07;1.77;3;4,5.0,,manual/automatic,,,,,195.0,11.7,,13.4,8.1,,,,,,,,,,3.1087,65.03,bosch,1Авто справочник Bosch 2е рус издание.md,,2026-09-23T07:56:50.664101+00:00,"Table scope: representative passenger-car specifications current at 1999-03-01; source cited by the book as Automobil Revue Katalog 1999. Year is blank because the table date is not a model year. Payload is gross minus curb mass where both are reported; track width is the mean of the reported front/rear tracks. Fuel pairs are stored as highway/city in the source's extra-urban/city order; for DIN triples, highway stores the 90 km/h observation and city the third value. Source body code: 4 Li 5."
vp-e9c7c5,Volvo,V70 2.4i,,,,International,car,M1,,Station wagon,,FWD,,2,1,ICE,,Gasoline,2435.0,125.0,220.0,,,,,,,,,,1470.0,,,1970.0,,,500.0,ok,single,,,5.0,,4720.0,,,1760.0,,,1430.0,,,2660.0,,1495.0,,,,,,,4.0,1;2;3.07;1.77;3;4,5.0,,manual/automatic,,,,,210.0,9.2,,15.0,7.8,,,,,,,,,,2.94,85.03,bosch,1Авто справочник Bosch 2е рус издание.md,,2026-09-23T07:56:50.664101+00:00,"Table scope: representative passenger-car specifications current at 1999-03-01; source cited by the book as Automobil Revue Katalog 1999. Year is blank because the table date is not a model year. Payload is gross minus curb mass where both are reported; track width is the mean of the reported front/rear tracks. Fuel pairs are stored as highway/city in the source's extra-urban/city order; for DIN triples, highway stores the 90 km/h observation and city the third value. Source body code: 5 Ko 5."
vp-dace4d,Volvo,S80 2.8 T6,,,,International,car,M1,,Sedan,,FWD,,2,1,ICE,,Gasoline,2783.0,200.0,350.0,,,,,,,,,,1590.0,,,2100.0,,,510.0,ok,single,,,5.0,,4820.0,,,1830.0,,,1450.0,,,2790.0,,1570.0,,,,,,,3.29,1;2;2.92;1.57;3;4,4.0,,automatic,,,,,250.0,7.2,,16.4,8.0,,,,,,,,,,3.1176,125.79,bosch,1Авто справочник Bosch 2е рус издание.md,,2026-09-23T07:56:50.664101+00:00,"Table scope: representative passenger-car specifications current at 1999-03-01; source cited by the book as Automobil Revue Katalog 1999. Year is blank because the table date is not a model year. Payload is gross minus curb mass where both are reported; track width is the mean of the reported front/rear tracks. Fuel pairs are stored as highway/city in the source's extra-urban/city order; for DIN triples, highway stores the 90 km/h observation and city the third value. Source body code: 4 Li 5."
vp-230738,Volvo,C70 2.3i,,,,International,car,M1,,Convertible,,FWD,,2,1,ICE,,Gasoline,2319.0,176.0,330.0,,,,,,,,,,1560.0,,,1970.0,,,410.0,ok,single,,,4.0,,4720.0,,,1820.0,,,1410.0,,,2660.0,,1520.0,,,,,,,4.0,3.07;1.77;1.19;0.87,5.0,,manual/automatic,,,,,250.0,6.9,,16.3,8.4,,,,,,,,,,3.8049,112.82,bosch,1Авто справочник Bosch 2е рус издание.md,,2026-09-23T07:56:50.664101+00:00,"Table scope: representative passenger-car specifications current at 1999-03-01; source cited by the book as Automobil Revue Katalog 1999. Year is blank because the table date is not a model year. Payload is gross minus curb mass where both are reported; track width is the mean of the reported front/rear tracks. Fuel pairs are stored as highway/city in the source's extra-urban/city order; for DIN triples, highway stores the 90 km/h observation and city the third value. Source body code: 2 Ca 4."
vp-278700,SEAT,Arosa 1.0i,,,,International,car,M1,,Sedan,,FWD,,2,1,ICE,,Gasoline,999.0,37.0,86.0,,,,,,,,,,865.0,,,1265.0,,,400.0,ok,single,,,5.0,,3535.0,,,1640.0,,,1460.0,,,2325.0,,1385.0,,,,,,,4.06,3.46;2.1;1.45;1.1,5.0,,manual,,,,,151.0,17.4,,7.5,4.7,,,,,,,,,,2.1625,42.77,bosch,1Авто справочник Bosch 2е рус издание.md,,2026-09-23T07:56:50.664101+00:00,"Table scope: representative passenger-car specifications current at 1999-03-01; source cited by the book as Automobil Revue Katalog 1999. Year is blank because the table date is not a model year. Payload is gross minus curb mass where both are reported; track width is the mean of the reported front/rear tracks. Fuel pairs are stored as highway/city in the source's extra-urban/city order; for DIN triples, highway stores the 90 km/h observation and city the third value. Source body code: 3 Li 5."
vp-735481,SEAT,Arosa 1.7 SDI,,,,International,car,M1,,Sedan,,FWD,,2,1,ICE,,Diesel,1716.0,44.0,115.0,,,,,,,,,,960.0,,,1360.0,,,400.0,ok,single,,,5.0,,3535.0,,,1640.0,,,1460.0,,,2325.0,,1385.0,,,,,,,3.33,3.46;1.96;1.25;0.98,5.0,,manual,,,,,157.0,16.8,,5.9,3.6,,,,,,,,,,2.4,45.83,bosch,1Авто справочник Bosch 2е рус издание.md,,2026-09-23T07:56:50.664101+00:00,"Table scope: representative passenger-car specifications current at 1999-03-01; source cited by the book as Automobil Revue Katalog 1999. Year is blank because the table date is not a model year. Payload is gross minus curb mass where both are reported; track width is the mean of the reported front/rear tracks. Fuel pairs are stored as highway/city in the source's extra-urban/city order; for DIN triples, highway stores the 90 km/h observation and city the third value. Source body code: 3 Li 5."
vp-9ab727,SEAT,Ibiza 1.9 TDI,,,,International,car,M1,,Sedan,,FWD,,2,1,ICE,,Diesel,1896.0,81.0,235.0,,,,,,,,,,1060.0,,,1520.0,,,460.0,ok,single,,,5.0,,3855.0,,,1640.0,,,1420.0,,,2445.0,,1412.5,,,,,,,3.3,3.78;2.06;1.35;0.97,5.0,,manual,,,,,193.0,10.2,,6.4,3.9,,,,,,,,,,2.3043,76.42,bosch,1Авто справочник Bosch 2е рус издание.md,,2026-09-23T07:56:50.664101+00:00,"Table scope: representative passenger-car specifications current at 1999-03-01; source cited by the book as Automobil Revue Katalog 1999. Year is blank because the table date is not a model year. Payload is gross minus curb mass where both are reported; track width is the mean of the reported front/rear tracks. Fuel pairs are stored as highway/city in the source's extra-urban/city order; for DIN triples, highway stores the 90 km/h observation and city the third value. Source body code: 5/3 Li 5."
vp-4a1fc5,SEAT,Cordoba 2.0i,,,,International,car,M1,,Sedan,,FWD,,2,1,ICE,,Gasoline,1984.0,110.0,180.0,,,,,,,,,,1120.0,,,1580.0,,,460.0,ok,single,,,5.0,,4145.0,,,1640.0,,,1420.0,,,2445.0,,1412.5,,,,,,,3.68,3.3;1.94;1.31;1.03,5.0,,manual,,,,,216.0,8.5,,11.9,6.4,,,,,,,,,,2.4348,98.21,bosch,1Авто справочник Bosch 2е рус издание.md,,2026-09-23T07:56:50.664101+00:00,"Table scope: representative passenger-car specifications current at 1999-03-01; source cited by the book as Automobil Revue Katalog 1999. Year is blank because the table date is not a model year. Payload is gross minus curb mass where both are reported; track width is the mean of the reported front/rear tracks. Fuel pairs are stored as highway/city in the source's extra-urban/city order; for DIN triples, highway stores the 90 km/h observation and city the third value. Source body code: 4 Li 5."
vp-ff132f,Škoda,Octavia 1.8 T,,,,International,car,M1,,Station wagon,,FWD,,2,1,ICE,,Gasoline,1781.0,110.0,210.0,,,,,,,,,,1315.0,,,1830.0,,,515.0,ok,single,,,5.0,,4510.0,,,1730.0,,,1430.0,,,2510.0,,1502.5,,,,,,,3.68,3.3;1.94;1.31;1.03,5.0,,manual,,,,,216.0,9.1,,10.9,6.2,,,,,,,,,,2.5534,83.65,bosch,1Авто справочник Bosch 2е рус издание.md,,2026-09-23T07:56:50.664101+00:00,"Table scope: representative passenger-car specifications current at 1999-03-01; source cited by the book as Automobil Revue Katalog 1999. Year is blank because the table date is not a model year. Payload is gross minus curb mass where both are reported; track width is the mean of the reported front/rear tracks. Fuel pairs are stored as highway/city in the source's extra-urban/city order; for DIN triples, highway stores the 90 km/h observation and city the third value. Source body code: 5 Ko 5."
vp-6ce5e3,Buick,Le Sabre 3.8i,,,,International,car,M1,,Sedan,,FWD,,2,1,ICE,,Gasoline,3791.0,153.0,312.0,,,,,,,,,,1620.0,,,,,,,,single,,,,,5080.0,,,1865.0,,,1450.0,,,2850.0,,1580.0,,,,,,,2.86,2.92;1.57;1;0.7,4.0,,automatic,,,,,200.0,,,12.4,7.8,,,,,,,,,,,94.44,bosch,1Авто справочник Bosch 2е рус издание.md,,2026-09-23T07:56:50.664101+00:00,"Table scope: representative passenger-car specifications current at 1999-03-01; source cited by the book as Automobil Revue Katalog 1999. Year is blank because the table date is not a model year. Payload is gross minus curb mass where both are reported; track width is the mean of the reported front/rear tracks. Fuel pairs are stored as highway/city in the source's extra-urban/city order; for DIN triples, highway stores the 90 km/h observation and city the third value. Source body code: 4 Li 5-6."
vp-e54d89,Cadillac,Catera 3.0i,,,,International,car,M1,,Sedan,,RWD,,2,1,ICE,,Gasoline,2962.0,149.0,260.0,,,,,,,,,,1710.0,,,,,,,,single,,,5.0,,4930.0,,,1790.0,,,1430.0,,,2730.0,,1512.5,,,225/55R16,,,,3.9,1;2;2.86;1.62;3;4,4.0,,automatic,,,,,200.0,8.5,,13.1,9.4,,,,,,,,,,,87.13,bosch,1Авто справочник Bosch 2е рус издание.md,,2026-09-23T07:56:50.664101+00:00,"Table scope: representative passenger-car specifications current at 1999-03-01; source cited by the book as Automobil Revue Katalog 1999. Year is blank because the table date is not a model year. Payload is gross minus curb mass where both are reported; track width is the mean of the reported front/rear tracks. Fuel pairs are stored as highway/city in the source's extra-urban/city order; for DIN triples, highway stores the 90 km/h observation and city the third value. Source body code: 4 Li 5."
vp-da9ae1,Chevrolet,Impala 3.4i,,,,International,car,M1,,Sedan,,FWD,,2,1,ICE,,Gasoline,3350.0,134.0,279.0,,,,,,,,,,1540.0,,,,,,,,single,,,,,5080.0,,,1855.0,,,1460.0,,,2805.0,,1565.0,,,225/60R16,,,,3.29,2.92;1.57;1;0.71,4.0,,automatic,,,,,180.0,10.0,,15.0,9.0,,,,,,,,,,,87.01,bosch,1Авто справочник Bosch 2е рус издание.md,,2026-09-23T07:56:50.664101+00:00,"Table scope: representative passenger-car specifications current at 1999-03-01; source cited by the book as Automobil Revue Katalog 1999. Year is blank because the table date is not a model year. Payload is gross minus curb mass where both are reported; track width is the mean of the reported front/rear tracks. Fuel pairs are stored as highway/city in the source's extra-urban/city order; for DIN triples, highway stores the 90 km/h observation and city the third value. Source body code: 4 Li 5-6."
vp-1047c4,Chrysler,Stratus 2.5i,,,,International,car,M1,,Sedan,,FWD,,2,1,ICE,,Gasoline,2497.0,120.0,214.0,,,,,,,,,,1435.0,,,1930.0,,,495.0,ok,single,,,5.0,,4750.0,,,1820.0,,,1380.0,,,2740.0,,1530.0,,,185/65R15,,,,3.91,2.84;1.57;1;0.69,4.0,,automatic,,,,,210.0,10.5,,15.1,7.1,,,,,,,,,,2.899,83.62,bosch,1Авто справочник Bosch 2е рус издание.md,,2026-09-23T07:56:50.664101+00:00,"Table scope: representative passenger-car specifications current at 1999-03-01; source cited by the book as Automobil Revue Katalog 1999. Year is blank because the table date is not a model year. Payload is gross minus curb mass where both are reported; track width is the mean of the reported front/rear tracks. Fuel pairs are stored as highway/city in the source's extra-urban/city order; for DIN triples, highway stores the 90 km/h observation and city the third value. Source body code: 4 Li 5."
vp-235154,Chrysler,Sebring 2.0i,,,,International,car,M1,,Coupe,,FWD,,2,1,ICE,,Gasoline,1996.0,104.0,177.0,,,,,,,,,,1335.0,,,,,,,,single,,,5.0,,4850.0,,,1770.0,,,1340.0,,,2635.0,,1507.5,,,195/70HR14,,,,3.94,3.54;2.13;1.36;1.03;0.81,5.0,,manual/automatic,,,,,200.0,11.0,,12.0,8.0,,,,,,,,,,,77.9,bosch,1Авто справочник Bosch 2е рус издание.md,,2026-09-23T07:56:50.664101+00:00,"Table scope: representative passenger-car specifications current at 1999-03-01; source cited by the book as Automobil Revue Katalog 1999. Year is blank because the table date is not a model year. Payload is gross minus curb mass where both are reported; track width is the mean of the reported front/rear tracks. Fuel pairs are stored as highway/city in the source's extra-urban/city order; for DIN triples, highway stores the 90 km/h observation and city the third value. Source body code: 2 Co 5."
vp-4d1f51,Chrysler,300 M 2.7i,,,,International,car,M1,,Sedan,,FWD,,2,1,ICE,,Gasoline,2736.0,149.0,258.0,,,,,,,,,,1610.0,,,2120.0,,,510.0,ok,single,,,5.0,,5000.0,,,1920.0,,,1420.0,,,2870.0,,1570.0,,,225/55R17,,,,3.89,2.84;1.57;1;0.69,4.0,,automatic,,,,,210.0,10.2,,11.2,9.0,,,,,,,,,,3.1569,92.55,bosch,1Авто справочник Bosch 2е рус издание.md,,2026-09-23T07:56:50.664101+00:00,"Table scope: representative passenger-car specifications current at 1999-03-01; source cited by the book as Automobil Revue Katalog 1999. Year is blank because the table date is not a model year. Payload is gross minus curb mass where both are reported; track width is the mean of the reported front/rear tracks. Fuel pairs are stored as highway/city in the source's extra-urban/city order; for DIN triples, highway stores the 90 km/h observation and city the third value. Source body code: 4 Li 5."
vp-98e74a,Dodge,Caravan 2.4i,,,,International,car,M1,,,,FWD,,2,1,ICE,,Gasoline,2429.0,112.0,226.0,,,,,,,,,,1595.0,,,,,,,,single,,,,,4740.0,,,1950.0,,,1740.0,,,2880.0,,1615.0,,,,,,,3.91,2.84;1.57;1;0.69,,,,,,,,170.0,,,11.8,9.4,,,,,,,,,,,70.22,bosch,1Авто справочник Bosch 2е рус издание.md,,2026-09-23T07:56:50.664101+00:00,"Table scope: representative passenger-car specifications current at 1999-03-01; source cited by the book as Automobil Revue Katalog 1999. Year is blank because the table date is not a model year. Payload is gross minus curb mass where both are reported; track width is the mean of the reported front/rear tracks. Fuel pairs are stored as highway/city in the source's extra-urban/city order; for DIN triples, highway stores the 90 km/h observation and city the third value. Source body code: 5 GII 5-8."
vp-742382,Ford,Windstar 3.8i,,,,International,car,M1,,,,FWD,,2,1,ICE,,Gasoline,3797.0,149.0,326.0,,,,,,,,,,1690.0,,,2440.0,,,750.0,ok,single,,,,,5125.0,,,1915.0,,,1790.0,,,3065.0,,1620.0,,,,,,,3.89,2.77;1.54;1;0.69,4.0,,automatic,,,,,175.0,,,13.8,10.2,,,,,,,,,,2.2533,88.17,bosch,1Авто справочник Bosch 2е рус издание.md,,2026-09-23T07:56:50.664101+00:00,"Table scope: representative passenger-car specifications current at 1999-03-01; source cited by the book as Automobil Revue Katalog 1999. Year is blank because the table date is not a model year. Payload is gross minus curb mass where both are reported; track width is the mean of the reported front/rear tracks. Fuel pairs are stored as highway/city in the source's extra-urban/city order; for DIN triples, highway stores the 90 km/h observation and city the third value. Source body code: 4 GII 5-7."
vp-801326,Lincoln,Continental 4.6i,,,,International,car,M1,,Sedan,,FWD,,2,1,ICE,,Gasoline,4601.0,205.0,373.0,,,,,,,,,,1760.0,,,,,,,,single,,,,,5260.0,,,1870.0,,,1420.0,,,2770.0,,1580.0,,,,,,,3.56,2.77;1.54;1;0.69,4.0,,automatic,,,,,215.0,,,13.8,9.8,,,,,,,,,,,116.48,bosch,1Авто справочник Bosch 2е рус издание.md,,2026-09-23T07:56:50.664101+00:00,"Table scope: representative passenger-car specifications current at 1999-03-01; source cited by the book as Automobil Revue Katalog 1999. Year is blank because the table date is not a model year. Payload is gross minus curb mass where both are reported; track width is the mean of the reported front/rear tracks. Fuel pairs are stored as highway/city in the source's extra-urban/city order; for DIN triples, highway stores the 90 km/h observation and city the third value. Source body code: 4 Li 5-6."
vp-784064,Mercury,Cougar 2.5i,,,,International,car,M1,,Coupe,,FWD,,2,1,ICE,,Gasoline,2544.0,127.0,224.0,,,,,,,,,,1375.0,,,,,,,,single,,,4.0,,4700.0,,,1770.0,,,1320.0,,,2700.0,,1497.5,,,,,,,4.06,3.42;2.14;1.45;1.03;0.77,5.0,,manual/automatic,,,,,225.0,8.5,,12.4,8.4,,,,,,,,,,,92.36,bosch,1Авто справочник Bosch 2е рус издание.md,,2026-09-23T07:56:50.664101+00:00,"Table scope: representative passenger-car specifications current at 1999-03-01; source cited by the book as Automobil Revue Katalog 1999. Year is blank because the table date is not a model year. Payload is gross minus curb mass where both are reported; track width is the mean of the reported front/rear tracks. Fuel pairs are stored as highway/city in the source's extra-urban/city order; for DIN triples, highway stores the 90 km/h observation and city the third value. Source body code: 3 Co 4."
vp-cb1c29,Oldsmobile,Alero 2.4i,,,,International,car,M1,,Coupe,,FWD,,2,1,ICE,,Gasoline,2392.0,112.0,210.0,,,,,,,,,,1340.0,,,,,,,,single,,,5.0,,4740.0,,,1780.0,,,1390.0,,,2720.0,,1502.5,,,,,,,3.42,2.96;1.63;1;0.68,4.0,,automatic,,,,,200.0,10.5,,11.2,7.8,,,,,,,,,,,83.58,bosch,1Авто справочник Bosch 2е рус издание.md,,2026-09-23T07:56:50.664101+00:00,"Table scope: representative passenger-car specifications current at 1999-03-01; source cited by the book as Automobil Revue Katalog 1999. Year is blank because the table date is not a model year. Payload is gross minus curb mass where both are reported; track width is the mean of the reported front/rear tracks. Fuel pairs are stored as highway/city in the source's extra-urban/city order; for DIN triples, highway stores the 90 km/h observation and city the third value. Source body code: 2 Co 5."
vp-81cfba,Plymouth,Voyager 3.0i,,,,International,car,M1,,,,FWD,,2,1,ICE,,Gasoline,2972.0,112.0,239.0,,,,,,,,,,1605.0,,,,,,,,single,,,7.0,,4730.0,,,1920.0,,,1740.0,,,2880.0,,1615.0,,,,,,,3.19,2.69;1.55;1,,,,,,,,175.0,,,12.4,9.8,,,,,,,,,,,69.78,bosch,1Авто справочник Bosch 2е рус издание.md,,2026-09-23T07:56:50.664101+00:00,"Table scope: representative passenger-car specifications current at 1999-03-01; source cited by the book as Automobil Revue Katalog 1999. Year is blank because the table date is not a model year. Payload is gross minus curb mass where both are reported; track width is the mean of the reported front/rear tracks. Fuel pairs are stored as highway/city in the source's extra-urban/city order; for DIN triples, highway stores the 90 km/h observation and city the third value. Source body code: 5 GII 7."
vp-6a45a2,Pontiac,Sunfire 2.2i,,,,International,car,M1,,Convertible,,FWD,,2,1,ICE,,Gasoline,2190.0,86.0,183.0,,,,,,,,,,1300.0,,,,,,,,single,,,5.0,,4620.0,,,1710.0,,,1360.0,,,2645.0,,1450.0,,,,,,,3.58,3.91;2.18;1.45;1.03;0.74,5.0,,manual,,,,,175.0,,,10.0,6.4,,,,,,,,,,,66.15,bosch,1Авто справочник Bosch 2е рус издание.md,,2026-09-23T07:56:50.664101+00:00,"Table scope: representative passenger-car specifications current at 1999-03-01; source cited by the book as Automobil Revue Katalog 1999. Year is blank because the table date is not a model year. Payload is gross minus curb mass where both are reported; track width is the mean of the reported front/rear tracks. Fuel pairs are stored as highway/city in the source's extra-urban/city order; for DIN triples, highway stores the 90 km/h observation and city the third value. Source body code: 2 Ca 5."
vp-d90cf2,Citroen,2 CV,0.4 MT,1 generation,1949,unspecified (Kaggle spec dataset),car,M1,,Cabriolet,,,,2,,,,,,,,,,,,,,,,,505.0,,,810.0,,,305.0,ok,single,,,4.0,,,,,,,,,,,2400.0,,,,,,,,,,,4.0,,Manual,,,,,60.0,,,,,5.0,,,,,,,,,1.6557,,kaggle-spec,,https://doi.org/10.34740/kaggle/ds/2938279,,"Imported in bulk from the Kaggle Car Specification Dataset 1945-2020. Per-value provenance is the dataset as a whole, not a fetched page for this vehicle."
vp-09b7c0,Moskvich,400,1.1 MT,1 generation,1946,unspecified (Kaggle spec dataset),car,M1,,Sedan,,,,2,,,,,,,55.0,,,,,,,,,,885.0,,,1155.0,,,270.0,ok,single,,,4.0,,,,,,,,,,,2340.0,,,,,,,,,,,3.0,,Manual,,,,,90.0,,,,,9.0,,,,,,,,,3.2778,,kaggle-spec,,https://doi.org/10.34740/kaggle/ds/2938279,,"Imported in bulk from the Kaggle Car Specification Dataset 1945-2020. Per-value provenance is the dataset as a whole, not a fetched page for this vehicle."
vp-b8a9e9,Volkswagen,Beetle,1.4 MT,1 generation,,unspecified (Kaggle spec dataset),car,M1,,,,,,2,,,,,,,126.0,,,,,,,,,,1160.0,,,1620.0,,,460.0,ok,single,,,4.0,,,,,,,,,,,2508.0,,,,,,,,,,,5.0,,Manual,,,,,161.0,14.6,,9.5,5.8,7.0,,,,,,,,,2.5217,,kaggle-spec,,https://doi.org/10.34740/kaggle/ds/2938279,,"Imported in bulk from the Kaggle Car Specification Dataset 1945-2020. Per-value provenance is the dataset as a whole, not a fetched page for this vehicle."
vp-f0ba8b,Citroen,2 CV,0.9 MT,Sahara [redesign],1958,unspecified (Kaggle spec dataset),car,M1,,Cabriolet,,,,2,,ICE,,Gasoline,,,47.0,,,,,,,,,,730.0,,,1040.0,,,310.0,ok,single,,,4.0,,,,,,,,,,,2405.0,,,,,,,,,,,4.0,,Manual,,,,,83.0,,,,,,,,,,,,,,2.3548,,kaggle-spec,,https://doi.org/10.34740/kaggle/ds/2938279,2026-09-22T13:55:59+00:00,"Imported in bulk from the Kaggle Car Specification Dataset 1945-2020. Per-value provenance is the dataset as a whole, not a fetched page for this vehicle.; Powertrain cleanup 2026-09-22T13:55:59+00:00: classified as ICE; energy carrier Gasoline. Basis: spark-ignition vehicle variant; no diesel/electric marker. The source dataset defines fuel_type, but the earlier canonical import did not carry the powertrain classification for this row."
vp-80a81f,Lotus,Elite,1.2 MT,1 generation,1957,unspecified (Kaggle spec dataset),car,M1,,Coupe,,,,2,,ICE,,Gasoline,,,104.0,,,,,,,,,,506.0,,,756.0,,,250.0,ok,single,,,2.0,,,,,,,,,,,2235.0,,,,,,,,,,,4.0,,Manual,,,,,180.0,11.0,,,,,,,,,,,,,2.024,,kaggle-spec,,https://doi.org/10.34740/kaggle/ds/2938279,2026-09-22T13:55:59+00:00,"Imported in bulk from the Kaggle Car Specification Dataset 1945-2020. Per-value provenance is the dataset as a whole, not a fetched page for this vehicle. Kaggle held 2 records for this make/model/year/trim; the first was taken.; Powertrain cleanup 2026-09-22T13:55:59+00:00: classified as ICE; energy carrier Gasoline. Basis: spark-ignition vehicle variant; no diesel/electric marker. The source dataset defines fuel_type, but the earlier canonical import did not carry the powertrain classification for this row."
vp-7fbc12,Chevrolet,Suburban,3.9 3MT Synchro-mesh,5 generation,1955,unspecified (Kaggle spec dataset),car,M1,,Crossover,,,,2,,ICE,,Gasoline,,,294.0,,,,,,,,,,1778.0,,,2268.0,,,431.0,inconsistent-triple,single,,,8.0,,,,,,,,,,,2896.0,,,,,,,,,,,3.0,,Manual,,,,,,,,,,,,,,,,,,,4.1253,,kaggle-spec,,https://doi.org/10.34740/kaggle/ds/2938279,2026-09-22T13:55:59+00:00,"Imported in bulk from the Kaggle Car Specification Dataset 1945-2020. Per-value provenance is the dataset as a whole, not a fetched page for this vehicle. Kaggle held 3 records for this make/model/year/trim; the first was taken.; Powertrain cleanup 2026-09-22T13:55:59+00:00: classified as ICE; energy carrier Gasoline. Basis: spark-ignition vehicle variant; no diesel/electric marker. The source dataset defines fuel_type, but the earlier canonical import did not carry the powertrain classification for this row."
vp-5d1bd9,Volkswagen,Transporter,1.1 MT,T1,1950,unspecified (Kaggle spec dataset),car,M1,,Minivan,,,,2,,,,,,,68.0,,,,,,,,,,1035.0,,,1750.0,,,715.0,ok,single,,,8.0,,,,,,,,,,,2400.0,,,,,,,,,,,4.0,,Manual,,,,,85.0,29.0,,12.0,8.5,9.5,,,,,,,,,1.4476,,kaggle-spec,,https://doi.org/10.34740/kaggle/ds/2938279,,"Imported in bulk from the Kaggle Car Specification Dataset 1945-2020. Per-value provenance is the dataset as a whole, not a fetched page for this vehicle. Kaggle held 2 records for this make/model/year/trim; the first was taken."
vp-7f9393,Chevrolet,El Camino,3.9 Powerglide 4400,1 generation,1959,unspecified (Kaggle spec dataset),car,M1,,Pickup,,,,2,,ICE,,Gasoline,,,294.0,,,,,,,,,,1740.0,,,1996.0,,,295.0,inconsistent-triple,single,,,3.0,,,,,,,,,,,3023.0,,,,,,,,,,,2.0,,Automatic,,,,,,,,,,,,,,,,,,,5.8983,,kaggle-spec,,https://doi.org/10.34740/kaggle/ds/2938279,2026-09-22T13:55:59+00:00,"Imported in bulk from the Kaggle Car Specification Dataset 1945-2020. Per-value provenance is the dataset as a whole, not a fetched page for this vehicle.; Powertrain cleanup 2026-09-22T13:55:59+00:00: classified as ICE; energy carrier Gasoline. Basis: spark-ignition vehicle variant; no diesel/electric marker. The source dataset defines fuel_type, but the earlier canonical import did not carry the powertrain classification for this row."
vp-0287fa,GAZ,21 Volga,2.4 MT,First series,1956,unspecified (Kaggle spec dataset),car,M1,,Sedan,,,,2,,,,,,,158.0,,,,,,,,,,1460.0,,,1885.0,,,425.0,ok,single,,,5.0,,,,,,,,,,,2700.0,,,,,,,,,,,3.0,,Manual,,,,,120.0,,,15.0,11.0,13.5,,,,,,,,,3.4353,,kaggle-spec,,https://doi.org/10.34740/kaggle/ds/2938279,,"Imported in bulk from the Kaggle Car Specification Dataset 1945-2020. Per-value provenance is the dataset as a whole, not a fetched page for this vehicle. Kaggle held 4 records for this make/model/year/trim; the first was taken."
vp-47b69d,GAZ,21 Volga,2.5 AT,1 generation,1956,unspecified (Kaggle spec dataset),car,M1,,,,,,2,,,,,,,180.0,,,,,,,,,,1490.0,,,1905.0,,,415.0,ok,single,,,5.0,,,,,,,,,,,2700.0,,,,,,,,,,,3.0,,Automatic,,,,,130.0,25.0,,14.4,8.8,9.0,,,,,,,,,3.5904,,kaggle-spec,,https://doi.org/10.34740/kaggle/ds/2938279,,"Imported in bulk from the Kaggle Car Specification Dataset 1945-2020. Per-value provenance is the dataset as a whole, not a fetched page for this vehicle."
vp-b43e4b,Moskvich,423,1.4 MT,1 generation,1959,unspecified (Kaggle spec dataset),car,M1,,Wagon,,,,2,,,,,,,88.0,,,,,,,,,,950.0,,,1430.0,,,480.0,ok,single,,,4.0,,,,,,,,,,,2370.0,,,,,,,,,,,4.0,,Manual,,,,,105.0,,,11.0,7.5,9.0,,,,,,,,,1.9792,,kaggle-spec,,https://doi.org/10.34740/kaggle/ds/2938279,,"Imported in bulk from the Kaggle Car Specification Dataset 1945-2020. Per-value provenance is the dataset as a whole, not a fetched page for this vehicle."
vp-628ffe,Alfa Romeo,Giulia,1600 MT,105,1962,unspecified (Kaggle spec dataset),car,M1,,Cabriolet,,,,2,,,,,,,147.0,,,,,,,,,,960.0,,,1120.0,,,160.0,ok,single,,,2.0,,,,,,,,,,,2250.0,,,,,,,,,,,5.0,,Manual,,,,,172.0,,,,,9.5,,,,,,,,,6.0,,kaggle-spec,,https://doi.org/10.34740/kaggle/ds/2938279,,"Imported in bulk from the Kaggle Car Specification Dataset 1945-2020. Per-value provenance is the dataset as a whole, not a fetched page for this vehicle. Kaggle held 3 records for this make/model/year/trim; the first was taken."
vp-810a69,Alfa Romeo,Giulia,1300 GT Junior MT,105,1962,unspecified (Kaggle spec dataset),car,M1,,Coupe,,,,2,,,,,,,115.0,,,,,,,,,,990.0,,,1200.0,,,210.0,ok,single,,,4.0,,,,,,,,,,,2350.0,,,,,,,,,,,5.0,,Manual,,,,,170.0,,,,,9.8,,,,,,,,,4.7143,,kaggle-spec,,https://doi.org/10.34740/kaggle/ds/2938279,,"Imported in bulk from the Kaggle Car Specification Dataset 1945-2020. Per-value provenance is the dataset as a whole, not a fetched page for this vehicle."
vp-1f9522,Chevrolet,Suburban,3.9 3MT Synchro-mesh,6 generation,1960,unspecified (Kaggle spec dataset),car,M1,,Crossover,,,,2,,ICE,,Gasoline,,,294.0,,,,,,,,,,1712.0,,,2359.0,,,590.0,inconsistent-triple,single,,,8.0,,,,,,,,,,,2921.0,,,,,,,,,,,3.0,,Manual,,,,,,,,,,,,,,,,,,,2.9017,,kaggle-spec,,https://doi.org/10.34740/kaggle/ds/2938279,2026-09-22T13:55:59+00:00,"Imported in bulk from the Kaggle Car Specification Dataset 1945-2020. Per-value provenance is the dataset as a whole, not a fetched page for this vehicle.; Powertrain cleanup 2026-09-22T13:55:59+00:00: classified as ICE; energy carrier Gasoline. Basis: spark-ignition vehicle variant; no diesel/electric marker. The source dataset defines fuel_type, but the earlier canonical import did not carry the powertrain classification for this row."
vp-9f5b16,Chevrolet,Van,3.2 MT,1 generation,1965,unspecified (Kaggle spec dataset),car,M1,,Minivan,,,,2,,ICE,,Gasoline,,,210.0,,,,,,,,,,1400.0,,,1769.0,,,369.0,ok,single,,,5.0,,,,,,,,,,,2286.0,,,,,,,,,,,3.0,,Manual,,,,,,,,,,,,,,,,,,,3.794,,kaggle-spec,,https://doi.org/10.34740/kaggle/ds/2938279,2026-09-22T13:55:59+00:00,"Imported in bulk from the Kaggle Car Specification Dataset 1945-2020. Per-value provenance is the dataset as a whole, not a fetched page for this vehicle.; Powertrain cleanup 2026-09-22T13:55:59+00:00: classified as ICE; energy carrier Gasoline. Basis: spark-ignition vehicle variant; no diesel/electric marker. The source dataset defines fuel_type, but the earlier canonical import did not carry the powertrain classification for this row."
vp-d8fa61,Chevrolet,El Camino,3.9 Powerglide 4400,1 generation [redesign],1960,unspecified (Kaggle spec dataset),car,M1,,Pickup,,,,2,,ICE,,Gasoline,,,294.0,,,,,,,,,,1719.0,,,1996.0,,,320.0,inconsistent-triple,single,,,3.0,,,,,,,,,,,3023.0,,,,,,,,,,,2.0,,Automatic,,,,,,,,,,,,,,,,,,,5.3719,,kaggle-spec,,https://doi.org/10.34740/kaggle/ds/2938279,2026-09-22T13:55:59+00:00,"Imported in bulk from the Kaggle Car Specification Dataset 1945-2020. Per-value provenance is the dataset as a whole, not a fetched page for this vehicle.; Powertrain cleanup 2026-09-22T13:55:59+00:00: classified as ICE; energy carrier Gasoline. Basis: spark-ignition vehicle variant; no diesel/electric marker. The source dataset defines fuel_type, but the earlier canonical import did not carry the powertrain classification for this row."
vp-d3b775,Alfa Romeo,Giulia,1.8 D MT,105,1962,unspecified (Kaggle spec dataset),car,M1,,Sedan,,,,2,,,,,,,108.0,,,,,,,,,,1130.0,,,1530.0,,,400.0,ok,single,,,5.0,,,,,,,,,,,2510.0,,,,,,,,,,,5.0,,Manual,,,,,138.0,,,,,6.8,,,,,,,,,2.825,,kaggle-spec,,https://doi.org/10.34740/kaggle/ds/2938279,,"Imported in bulk from the Kaggle Car Specification Dataset 1945-2020. Per-value provenance is the dataset as a whole, not a fetched page for this vehicle."
vp-5113ea,Porsche,914,1.7 MT,1 generation,1969,unspecified (Kaggle spec dataset),car,M1,,,,,,2,,,,,,,,,,,,,,,,,900.0,,,1220.0,,,320.0,ok,single,,,2.0,,,,,,,,,,,2450.0,,,,,,,,,,,5.0,,Manual,,,,,,13.0,,,,9.0,,,,,,,,,2.8125,,kaggle-spec,,https://doi.org/10.34740/kaggle/ds/2938279,,"Imported in bulk from the Kaggle Car Specification Dataset 1945-2020. Per-value provenance is the dataset as a whole, not a fetched page for this vehicle."
vp-19cbda,Nissan,Bluebird,1.2 3MT,411 [redesign],1964,unspecified (Kaggle spec dataset),car,M1,,Wagon,,,,2,,,,,,,,,,,,,,,,,958.0,,,1020.0,,,,implausible-payload,single,,,5.0,,,,,,,,,,,2380.0,,,,,,,,,,,3.0,,Manual,,,,,134.0,24.9,,,,9.0,,,,,,,,,,,kaggle-spec,,https://doi.org/10.34740/kaggle/ds/2938279,,"Imported in bulk from the Kaggle Car Specification Dataset 1945-2020. Per-value provenance is the dataset as a whole, not a fetched page for this vehicle."
vp-0168ba,Citroen,2 CV,0.4 MT,4 generation,1975,unspecified (Kaggle spec dataset),car,M1,,Cabriolet,,,,2,,,,,,,,,,,,,,,,,560.0,,,895.0,,,335.0,ok,single,,,4.0,,,,,,,,,,,2400.0,,,,,,,,,,,4.0,,Manual,,,,,102.0,,,,,5.4,,,,,,,,,1.6716,,kaggle-spec,,https://doi.org/10.34740/kaggle/ds/2938279,,"Imported in bulk from the Kaggle Car Specification Dataset 1945-2020. Per-value provenance is the dataset as a whole, not a fetched page for this vehicle."
vp-b8ea41,Aston Martin,Vantage,5.3 V8 MT,1 generation,1977,unspecified (Kaggle spec dataset),car,M1,,Coupe,,,,2,,,,,,,510.0,,,,,,,,,,1650.0,,,1990.0,,,340.0,ok,single,,,4.0,,,,,,,,,,,2610.0,,,,,,,,,,,5.0,,Manual,,,,,248.0,5.4,,,,17.5,,,,,,,,,4.8529,,kaggle-spec,,https://doi.org/10.34740/kaggle/ds/2938279,,"Imported in bulk from the Kaggle Car Specification Dataset 1945-2020. Per-value provenance is the dataset as a whole, not a fetched page for this vehicle."
vp-b5a237,Chevrolet,Suburban,4.1 3MT Fully Synchronized,7 generation [redesign],1971,unspecified (Kaggle spec dataset),car,M1,,Crossover,,,,2,,ICE,,Gasoline,,,312.0,,,,,,,,,,1811.0,,,2177.0,,,366.0,ok,single,,,8.0,,,,,,,,,,,3226.0,,,,,,,,,,,3.0,,Manual,,,,,,,,,,,,,,,,,,,4.9481,,kaggle-spec,,https://doi.org/10.34740/kaggle/ds/2938279,2026-09-22T13:55:59+00:00,"Imported in bulk from the Kaggle Car Specification Dataset 1945-2020. Per-value provenance is the dataset as a whole, not a fetched page for this vehicle.; Powertrain cleanup 2026-09-22T13:55:59+00:00: classified as ICE; energy carrier Gasoline. Basis: spark-ignition vehicle variant; no diesel/electric marker. The source dataset defines fuel_type, but the earlier canonical import did not carry the powertrain classification for this row."
vp-6351b0,Nissan,Bluebird,1.6 AT,610,1971,unspecified (Kaggle spec dataset),car,M1,,hardtop,,,,2,,,,,,,135.0,,,,,,,,,,985.0,,,1260.0,,,275.0,ok,single,,,5.0,,,,,,,,,,,2500.0,,,,,,,,,,,3.0,,Automatic,,,,,167.0,13.3,,12.0,9.0,10.4,,,,,,,,,3.5818,,kaggle-spec,,https://doi.org/10.34740/kaggle/ds/2938279,,"Imported in bulk from the Kaggle Car Specification Dataset 1945-2020. Per-value provenance is the dataset as a whole, not a fetched page for this vehicle. Kaggle held 3 records for this make/model/year/trim; the first was taken."
vp-e9c526,Fiat,126,0.6 MT,1 generation,1972,unspecified (Kaggle spec dataset),car,M1,,Hatchback,,,,2,,ICE,,Gasoline,,,39.0,,,,,,,,,,580.0,,,920.0,,,340.0,ok,single,,,5.0,,,,,,,,,,,1840.0,,,,,,,,,,,4.0,,Manual,,,,,109.0,48.1,,,,,,,,,,,,,1.7059,,kaggle-spec,,https://doi.org/10.34740/kaggle/ds/2938279,2026-09-22T13:55:59+00:00,"Imported in bulk from the Kaggle Car Specification Dataset 1945-2020. Per-value provenance is the dataset as a whole, not a fetched page for this vehicle.; Powertrain cleanup 2026-09-22T13:55:59+00:00: classified as ICE; energy carrier Gasoline. Basis: spark-ignition vehicle variant; no diesel/electric marker. The source dataset defines fuel_type, but the earlier canonical import did not carry the powertrain classification for this row."
vp-b5164c,Nissan,Cherry,1.2 MT,E10,1970,unspecified (Kaggle spec dataset),car,M1,,Liftback,,,,2,,,,,,,95.0,,,,,,,,,,670.0,,,930.0,,,260.0,ok,single,,,5.0,,,,,,,,,,,2335.0,,,,,,,,,,,4.0,,Manual,,,,,160.0,11.1,,9.6,7.4,7.9,,,,,,,,,2.5769,,kaggle-spec,,https://doi.org/10.34740/kaggle/ds/2938279,,"Imported in bulk from the Kaggle Car Specification Dataset 1945-2020. Per-value provenance is the dataset as a whole, not a fetched page for this vehicle. Kaggle held 2 records for this make/model/year/trim; the first was taken."
vp-5f2df9,GAZ,14 Chaika,5.5 AT,1 generation,1977,unspecified (Kaggle spec dataset),car,M1,,Limousine,,,,2,,,,,,,451.0,,,,,,,,,,2615.0,,,3175.0,,,560.0,ok,single,,,7.0,,,,,,,,,,,3450.0,,,,,,,,,,,3.0,,Automatic,,,,,175.0,15.0,,29.0,20.0,24.0,,,,,,,,,4.6696,,kaggle-spec,,https://doi.org/10.34740/kaggle/ds/2938279,,"Imported in bulk from the Kaggle Car Specification Dataset 1945-2020. Per-value provenance is the dataset as a whole, not a fetched page for this vehicle."
vp-65ba73,Chevrolet,Van,4.1 AT G10,3 generation [2th redesign],1978,unspecified (Kaggle spec dataset),car,M1,,Minivan,,,,2,,ICE,,Gasoline,,,264.0,,,,,,,,,,1801.0,,,2540.0,,,739.0,ok,single,,,5.0,,,,,,,,,,,2794.0,,,,,,,,,,,3.0,,Automatic,,,,,,,,,,,,,,,,,,,2.4371,,kaggle-spec,,https://doi.org/10.34740/kaggle/ds/2938279,2026-09-22T13:55:59+00:00,"Imported in bulk from the Kaggle Car Specification Dataset 1945-2020. Per-value provenance is the dataset as a whole, not a fetched page for this vehicle.; Powertrain cleanup 2026-09-22T13:55:59+00:00: classified as ICE; energy carrier Gasoline. Basis: spark-ignition vehicle variant; no diesel/electric marker. The source dataset defines fuel_type, but the earlier canonical import did not carry the powertrain classification for this row."
vp-b36248,IZH,2715,1.5 MT,1 generation,1972,unspecified (Kaggle spec dataset),car,M1,,Pickup,,,,2,,ICE,,Gasoline,,,100.0,,,,,,,,,,1050.0,,,1590.0,,,540.0,ok,single,,,2.0,,,,,,,,,,,2400.0,,,,,,,,,,,4.0,,Manual,,,,,,,,,,,,,,,,,,,1.9444,,kaggle-spec,,https://doi.org/10.34740/kaggle/ds/2938279,2026-09-22T13:55:59+00:00,"Imported in bulk from the Kaggle Car Specification Dataset 1945-2020. Per-value provenance is the dataset as a whole, not a fetched page for this vehicle. Kaggle held 2 records for this make/model/year/trim; the first was taken.; Powertrain cleanup 2026-09-22T13:55:59+00:00: classified as ICE; energy carrier Gasoline. Basis: spark-ignition vehicle variant; no diesel/electric marker. The source dataset defines fuel_type, but the earlier canonical import did not carry the powertrain classification for this row."
vp-0987d7,Audi,100,1.6 AT,S2,1976,unspecified (Kaggle spec dataset),car,M1,,Sedan,,,,2,,ICE,,Gasoline,,,124.0,,,,,,,,,,1110.0,,,1570.0,,,460.0,ok,single,,,5.0,,,,,,,,,,,2677.0,,,,,,,,,,,3.0,,Automatic,,,,,156.0,16.3,,9.5,,,,,,,,,,,2.413,,kaggle-spec,,https://doi.org/10.34740/kaggle/ds/2938279,2026-09-22T13:55:59+00:00,"Imported in bulk from the Kaggle Car Specification Dataset 1945-2020. Per-value provenance is the dataset as a whole, not a fetched page for this vehicle.; Powertrain cleanup 2026-09-22T13:55:59+00:00: classified as ICE; energy carrier Gasoline. Basis: spark-ignition vehicle variant; no diesel/electric marker. The source dataset defines fuel_type, but the earlier canonical import did not carry the powertrain classification for this row."
vp-df282e,Opel,Kadett,1.2 AT,C,1973,unspecified (Kaggle spec dataset),car,M1,,Targa,,,,2,,ICE,,Gasoline,,,88.0,,,,,,,,,,845.0,,,1220.0,,,375.0,ok,single,,,4.0,,,,,,,,,,,2395.0,,,,,,,,,,,3.0,,Automatic,,,,,137.0,21.0,,,,,,,,,,,,,2.2533,,kaggle-spec,,https://doi.org/10.34740/kaggle/ds/2938279,2026-09-22T13:55:59+00:00,"Imported in bulk from the Kaggle Car Specification Dataset 1945-2020. Per-value provenance is the dataset as a whole, not a fetched page for this vehicle. Kaggle held 4 records for this make/model/year/trim; the first was taken.; Powertrain cleanup 2026-09-22T13:55:59+00:00: classified as ICE; energy carrier Gasoline. Basis: spark-ignition vehicle variant; no diesel/electric marker. The source dataset defines fuel_type, but the earlier canonical import did not carry the powertrain classification for this row."
vp-d1785e,Audi,80,1.3 MT,B2,1978,unspecified (Kaggle spec dataset),car,M1,,,,,,2,,,,,,,100.0,,,,,,,,,,890.0,,,1370.0,,,480.0,ok,single,,,5.0,,,,,,,,,,,2540.0,,,,,,,,,,,4.0,,Manual,,,,,145.0,17.5,,10.3,6.9,8.9,,,,,,,,,1.8542,,kaggle-spec,,https://doi.org/10.34740/kaggle/ds/2938279,,"Imported in bulk from the Kaggle Car Specification Dataset 1945-2020. Per-value provenance is the dataset as a whole, not a fetched page for this vehicle. Kaggle held 5 records for this make/model/year/trim; the first was taken."
vp-c92379,Opel,Kadett,1.0 MT,C,1973,unspecified (Kaggle spec dataset),car,M1,,Wagon,,,,2,,ICE,,Gasoline,,,69.0,,,,,,,,,,800.0,,,1250.0,,,450.0,ok,single,,,5.0,,,,,,,,,,,2395.0,,,,,,,,,,,4.0,,Manual,,,,,122.0,28.5,,,,,,,,,,,,,1.7778,,kaggle-spec,,https://doi.org/10.34740/kaggle/ds/2938279,2026-09-22T13:55:59+00:00,"Imported in bulk from the Kaggle Car Specification Dataset 1945-2020. Per-value provenance is the dataset as a whole, not a fetched page for this vehicle. Kaggle held 4 records for this make/model/year/trim; the first was taken.; Powertrain cleanup 2026-09-22T13:55:59+00:00: classified as ICE; energy carrier Gasoline. Basis: spark-ignition vehicle variant; no diesel/electric marker. The source dataset defines fuel_type, but the earlier canonical import did not carry the powertrain classification for this row."
vp-ccb235,Alfa Romeo,S.Z./R.Z.,3.0 MT,1 generation,1988,unspecified (Kaggle spec dataset),car,M1,,Cabriolet,,,,2,,,,,,,245.0,,,,,,,,,,1380.0,,,1550.0,,,,implausible-payload,single,,,2.0,,,,,,,,,,,2510.0,,,,,,,,,,,5.0,,Manual,,,,,230.0,7.0,,13.0,7.0,9.0,,,,,,,,,,,kaggle-spec,,https://doi.org/10.34740/kaggle/ds/2938279,,"Imported in bulk from the Kaggle Car Specification Dataset 1945-2020. Per-value provenance is the dataset as a whole, not a fetched page for this vehicle. Kaggle held 2 records for this make/model/year/trim; the first was taken."
vp-51d210,Audi,Coupe,1.8 MT,81/85,1980,unspecified (Kaggle spec dataset),car,M1,,Coupe,,,,2,,,,,,,145.0,,,,,,,,,,980.0,,,1440.0,,,460.0,ok,single,,,5.0,,,,,,,,,,,2535.0,,,,,,,,,,,5.0,,Manual,,,,,174.0,11.0,,,,8.3,,,,,,,,,2.1304,,kaggle-spec,,https://doi.org/10.34740/kaggle/ds/2938279,,"Imported in bulk from the Kaggle Car Specification Dataset 1945-2020. Per-value provenance is the dataset as a whole, not a fetched page for this vehicle."
vp-28542f,Aro,10,1.4 MT 4WD,1 generation,1984,unspecified (Kaggle spec dataset),car,M1,,Crossover,,,,2,,ICE,,Gasoline,,,100.0,,,,,,,,,,1300.0,,,1825.0,,,525.0,ok,single,,,5.0,,,,,,,,,,,2400.0,,,,,,,,,,,5.0,,Manual,,,,,114.0,,,,,,,,,,,,,,2.4762,,kaggle-spec,,https://doi.org/10.34740/kaggle/ds/2938279,2026-09-22T13:55:59+00:00,"Imported in bulk from the Kaggle Car Specification Dataset 1945-2020. Per-value provenance is the dataset as a whole, not a fetched page for this vehicle. Kaggle held 2 records for this make/model/year/trim; the first was taken.; Powertrain cleanup 2026-09-22T13:55:59+00:00: classified as ICE; energy carrier Gasoline. Basis: spark-ignition vehicle variant; no diesel/electric marker. The source dataset defines fuel_type, but the earlier canonical import did not carry the powertrain classification for this row."
vp-3d2533,Lancia,Gamma,2.0 AT,2 generation,1980,unspecified (Kaggle spec dataset),car,M1,,Fastback,,,,2,,ICE,,Gasoline,,,172.0,,,,,,,,,,1320.0,,,1820.0,,,500.0,ok,single,,,5.0,,,,,,,,,,,2670.0,,,,,,,,,,,4.0,,Automatic,,,,,180.0,13.7,,,,,,,,,,,,,2.64,,kaggle-spec,,https://doi.org/10.34740/kaggle/ds/2938279,2026-09-22T13:55:59+00:00,"Imported in bulk from the Kaggle Car Specification Dataset 1945-2020. Per-value provenance is the dataset as a whole, not a fetched page for this vehicle. Kaggle held 2 records for this make/model/year/trim; the first was taken.; Powertrain cleanup 2026-09-22T13:55:59+00:00: classified as ICE; energy carrier Gasoline. Basis: spark-ignition vehicle variant; no diesel/electric marker. The source dataset defines fuel_type, but the earlier canonical import did not carry the powertrain classification for this row."
vp-cb2a8f,Nissan,Bluebird,1.8i AT,U11,1983,unspecified (Kaggle spec dataset),car,M1,,hardtop,,,,2,,,,,,,149.0,,,,,,,,,,1140.0,,,1695.0,,,555.0,ok,single,,,5.0,,,,,,,,,,,2550.0,,,,,,,,,,,4.0,,Automatic,,,,,162.0,11.6,,,,9.6,,,,,,,,,2.0541,,kaggle-spec,,https://doi.org/10.34740/kaggle/ds/2938279,,"Imported in bulk from the Kaggle Car Specification Dataset 1945-2020. Per-value provenance is the dataset as a whole, not a fetched page for this vehicle. Kaggle held 3 records for this make/model/year/trim; the first was taken."
vp-0b2a7c,Chevrolet,Kadett,1.8 AT,1 generation,1989,unspecified (Kaggle spec dataset),car,M1,,Hatchback,,,,2,,,,,,,140.0,,,,,,,,,,995.0,,,1495.0,,,500.0,ok,single,,,5.0,,,,,,,,,,,2520.0,,,,,,,,,,,3.0,,Automatic,,,,,,,,,,10.5,,,,,,,,,1.99,,kaggle-spec,,https://doi.org/10.34740/kaggle/ds/2938279,,"Imported in bulk from the Kaggle Car Specification Dataset 1945-2020. Per-value provenance is the dataset as a whole, not a fetched page for this vehicle. Kaggle held 2 records for this make/model/year/trim; the first was taken."
vp-1f56c9,Peugeot,205 GTi,1.6 MT,1 generation,1983,unspecified (Kaggle spec dataset),car,M1,,Hatchback 3 doors,,,,2,,,,,,,134.0,,,,,,,,,,900.0,,,1350.0,,,450.0,ok,single,,,5.0,,,,,,,,,,,2420.0,,,,,,,,,,,5.0,,Manual,,,,,,8.9,,9.2,5.9,7.5,,,,,,,,,2.0,,kaggle-spec,,https://doi.org/10.34740/kaggle/ds/2938279,,"Imported in bulk from the Kaggle Car Specification Dataset 1945-2020. Per-value provenance is the dataset as a whole, not a fetched page for this vehicle."
vp-311f68,Daihatsu,Applause,1.6 AT,1 generation,1989,unspecified (Kaggle spec dataset),car,M1,,Liftback,,,,2,,ICE,,Gasoline,,,134.0,,,,,,,,,,930.0,,,1420.0,,,490.0,ok,single,,,5.0,,,,,,,,,,,2470.0,,,,,,,,,,,3.0,,Automatic,,,,,185.0,9.8,,7.6,,,,,,,,,,,1.898,,kaggle-spec,,https://doi.org/10.34740/kaggle/ds/2938279,2026-09-22T13:55:59+00:00,"Imported in bulk from the Kaggle Car Specification Dataset 1945-2020. Per-value provenance is the dataset as a whole, not a fetched page for this vehicle.; Powertrain cleanup 2026-09-22T13:55:59+00:00: classified as ICE; energy carrier Gasoline. Basis: spark-ignition vehicle variant; no diesel/electric marker. The source dataset defines fuel_type, but the earlier canonical import did not carry the powertrain classification for this row."
vp-c93fd4,ZIL,4104,7.7 AT,1 generation,1985,unspecified (Kaggle spec dataset),car,M1,,Limousine,,,,2,,,,,,,608.0,,,,,,,,,,3335.0,,,4110.0,,,775.0,ok,single,,,7.0,,,,,,,,,,,3880.0,,,,,,,,,,,3.0,,Automatic,,,,,190.0,12.0,,22.0,15.0,17.0,,,,,,,,,4.3032,,kaggle-spec,,https://doi.org/10.34740/kaggle/ds/2938279,,"Imported in bulk from the Kaggle Car Specification Dataset 1945-2020. Per-value provenance is the dataset as a whole, not a fetched page for this vehicle."
vp-7701e0,Chevrolet,Astro,4.3 AT,1 generation,1985,unspecified (Kaggle spec dataset),car,M1,,Minivan,,,,2,,ICE,,Gasoline,,,311.0,,,,,,,,,,1727.0,,,2585.0,,,858.0,ok,single,,,5.0,,,,,,,,,,,2819.0,,,,,,,,,,,4.0,,Automatic,,,,,,,,,,,,,,,,,,,2.0128,,kaggle-spec,,https://doi.org/10.34740/kaggle/ds/2938279,2026-09-22T13:55:59+00:00,"Imported in bulk from the Kaggle Car Specification Dataset 1945-2020. Per-value provenance is the dataset as a whole, not a fetched page for this vehicle. Kaggle held 2 records for this make/model/year/trim; the first was taken.; Powertrain cleanup 2026-09-22T13:55:59+00:00: classified as ICE; energy carrier Gasoline. Basis: spark-ignition vehicle variant; no diesel/electric marker. The source dataset defines fuel_type, but the earlier canonical import did not carry the powertrain classification for this row."
vp-30f115,Chevrolet,S-10,2.0 4AT,1 generation,1982,unspecified (Kaggle spec dataset),car,M1,,Pickup,,,,2,,,,,,,146.0,,,,,,,,,,1219.0,,,1602.0,,,454.0,inconsistent-triple,single,,,5.0,,,,,,,,,,,3122.0,,,,,,,,,,,4.0,,Automatic,,,,,,,,13.0,9.8,11.8,,,,,,,,,2.685,,kaggle-spec,,https://doi.org/10.34740/kaggle/ds/2938279,,"Imported in bulk from the Kaggle Car Specification Dataset 1945-2020. Per-value provenance is the dataset as a whole, not a fetched page for this vehicle. Kaggle held 2 records for this make/model/year/trim; the first was taken."
vp-8bee85,BMW,Z1,2.5 MT,E30/Z,1988,unspecified (Kaggle spec dataset),car,M1,,Roadster,,,,2,,,,,,,222.0,,,,,,,,,,1250.0,,,1460.0,,,210.0,ok,single,,,2.0,,,,,,,,,,,2447.0,,,,,,,,,,,5.0,,Manual,,,,,225.0,7.9,,12.9,6.8,9.4,,,,,,,,,5.9524,,kaggle-spec,,https://doi.org/10.34740/kaggle/ds/2938279,,"Imported in bulk from the Kaggle Car Specification Dataset 1945-2020. Per-value provenance is the dataset as a whole, not a fetched page for this vehicle."
vp-ae02bc,Alfa Romeo,164,2.0 MT,1 generation,1987,unspecified (Kaggle spec dataset),car,M1,,Sedan,,,,2,,,,,,,188.0,,,,,,,,,,1200.0,,,1625.0,,,425.0,ok,single,,,5.0,,,,,,,,,,,2760.0,,,,,,,,,,,5.0,,Manual,,,,,210.0,9.0,,10.0,6.0,8.0,,,,,,,,,2.8235,,kaggle-spec,,https://doi.org/10.34740/kaggle/ds/2938279,,"Imported in bulk from the Kaggle Car Specification Dataset 1945-2020. Per-value provenance is the dataset as a whole, not a fetched page for this vehicle. Kaggle held 7 records for this make/model/year/trim; the first was taken."
vp-422231,Nissan,Fairlady Z,3.0 T AT,Z32 [redesign],1989,unspecified (Kaggle spec dataset),car,M1,,Targa,,,,2,,ICE,,Gasoline,,,315.0,,,,,,,,,,1664.0,,,2015.0,,,351.0,ok,single,,,4.0,,,,,,,,,,,2451.0,,,,,,,,,,,4.0,,Automatic,,,,,250.0,7.9,,,,,,,,,,,,,4.7407,,kaggle-spec,,https://doi.org/10.34740/kaggle/ds/2938279,2026-09-22T13:55:59+00:00,"Imported in bulk from the Kaggle Car Specification Dataset 1945-2020. Per-value provenance is the dataset as a whole, not a fetched page for this vehicle.; Powertrain cleanup 2026-09-22T13:55:59+00:00: classified as ICE; energy carrier Gasoline. Basis: spark-ignition vehicle variant; no diesel/electric marker. The source dataset defines fuel_type, but the earlier canonical import did not carry the powertrain classification for this row."
vp-64cb5d,Audi,200,2.1 AT,2 generation (C3),1983,unspecified (Kaggle spec dataset),car,M1,,,,,,2,,,,,,,180.0,,,,,,,,,,1260.0,,,1760.0,,,500.0,ok,single,,,5.0,,,,,,,,,,,2687.0,,,,,,,,,,,3.0,,Automatic,,,,,195.0,15.1,,13.8,7.4,9.9,,,,,,,,,2.52,,kaggle-spec,,https://doi.org/10.34740/kaggle/ds/2938279,,"Imported in bulk from the Kaggle Car Specification Dataset 1945-2020. Per-value provenance is the dataset as a whole, not a fetched page for this vehicle. Kaggle held 2 records for this make/model/year/trim; the first was taken."
vp-1b1d7b,Audi,100,1.8 AT,S3,1982,unspecified (Kaggle spec dataset),car,M1,,Wagon,,,,2,,ICE,,Gasoline,,,145.0,,,,,,,,,,1117.0,,,1680.0,,,563.0,ok,single,,,5.0,,,,,,,,,,,2687.0,,,,,,,,,,,4.0,,Automatic,,,,,,,,,,,,,,,,,,,1.984,,kaggle-spec,,https://doi.org/10.34740/kaggle/ds/2938279,2026-09-22T13:55:59+00:00,"Imported in bulk from the Kaggle Car Specification Dataset 1945-2020. Per-value provenance is the dataset as a whole, not a fetched page for this vehicle. Kaggle held 2 records for this make/model/year/trim; the first was taken.; Powertrain cleanup 2026-09-22T13:55:59+00:00: classified as ICE; energy carrier Gasoline. Basis: spark-ignition vehicle variant; no diesel/electric marker. The source dataset defines fuel_type, but the earlier canonical import did not carry the powertrain classification for this row."
vp-bd7d75,Acura,NSX,3.0 MT,1 generation,1990,unspecified (Kaggle spec dataset),car,M1,,Cabriolet,,,,2,,,,,,,284.0,,,,,,,,,,1425.0,,,1610.0,,,,implausible-payload,single,,,2.0,,,,,,,,,,,2530.0,,,,,,,,,,,5.0,,Manual,,,,,270.0,5.0,,,,10.0,,,,,,,,,,,kaggle-spec,,https://doi.org/10.34740/kaggle/ds/2938279,,"Imported in bulk from the Kaggle Car Specification Dataset 1945-2020. Per-value provenance is the dataset as a whole, not a fetched page for this vehicle."
vp-86624d,Acura,Integra,1.8 MT,1 generation,1991,unspecified (Kaggle spec dataset),car,M1,,Coupe,,,,2,,,,,,,178.0,,,,,,,,,,1220.0,,,1550.0,,,330.0,ok,single,,,5.0,,,,,,,,,,,2570.0,,,,,,,,,,,5.0,,Manual,,,,,234.0,6.7,,9.7,7.8,8.8,,,,,,,,,3.697,,kaggle-spec,,https://doi.org/10.34740/kaggle/ds/2938279,,"Imported in bulk from the Kaggle Car Specification Dataset 1945-2020. Per-value provenance is the dataset as a whole, not a fetched page for this vehicle. Kaggle held 3 records for this make/model/year/trim; the first was taken."
vp-c5c91d,Acura,SLX,3.2 AT,1 generation,1996,unspecified (Kaggle spec dataset),car,M1,,Crossover,,,,2,,,,,,,260.0,,,,,,,,,,1880.0,,,2800.0,,,920.0,ok,single,,,5.0,,,,,,,,,,,2760.0,,,,,,,,,,,5.0,,Automatic,,,,,165.0,10.0,,,,16.0,,,,,,,,,2.0435,,kaggle-spec,,https://doi.org/10.34740/kaggle/ds/2938279,,"Imported in bulk from the Kaggle Car Specification Dataset 1945-2020. Per-value provenance is the dataset as a whole, not a fetched page for this vehicle."
vp-4328bf,Nissan,Cedric,3.0 Turbo AT,Y32,1991,unspecified (Kaggle spec dataset),car,M1,,hardtop,,,,2,,,,,,,343.0,,,,,,,,,,1660.0,,,1905.0,,,,implausible-payload,single,,,5.0,,,,,,,,,,,2760.0,,,,,,,,,,,4.0,,Automatic,,,,,240.0,,,13.2,6.2,9.7,,,,,,,,,,,kaggle-spec,,https://doi.org/10.34740/kaggle/ds/2938279,,"Imported in bulk from the Kaggle Car Specification Dataset 1945-2020. Per-value provenance is the dataset as a whole, not a fetched page for this vehicle. Kaggle held 2 records for this make/model/year/trim; the first was taken."
vp-1d33d6,Alfa Romeo,145,1.4 MT,930,1994,unspecified (Kaggle spec dataset),car,M1,,Hatchback,,,,2,,,,,,,124.0,,,,,,,,,,1135.0,,,1655.0,,,520.0,ok,single,,,5.0,,,,,,,,,,,2540.0,,,,,,,,,,,5.0,,Manual,,,,,185.0,11.2,,10.7,6.3,7.9,,,,,,,,,2.1827,,kaggle-spec,,https://doi.org/10.34740/kaggle/ds/2938279,,"Imported in bulk from the Kaggle Car Specification Dataset 1945-2020. Per-value provenance is the dataset as a whole, not a fetched page for this vehicle. Kaggle held 2 records for this make/model/year/trim; the first was taken."
vp-74f034,Alfa Romeo,146,1.4 MT,930,1994,unspecified (Kaggle spec dataset),car,M1,,Liftback,,,,2,,,,,,,124.0,,,,,,,,,,1160.0,,,1680.0,,,520.0,ok,single,,,5.0,,,,,,,,,,,2540.0,,,,,,,,,,,5.0,,Manual,,,,,187.0,11.5,,10.7,6.3,8.5,,,,,,,,,2.2308,,kaggle-spec,,https://doi.org/10.34740/kaggle/ds/2938279,,"Imported in bulk from the Kaggle Car Specification Dataset 1945-2020. Per-value provenance is the dataset as a whole, not a fetched page for this vehicle. Kaggle held 2 records for this make/model/year/trim; the first was taken."
vp-add209,Chevrolet,Astro,4.3 AT,2 generation,1995,unspecified (Kaggle spec dataset),car,M1,,Minivan,,,,2,,ICE,,Gasoline,,,339.0,,,,,,,,,,1868.0,,,2698.0,,,830.0,ok,single,,,5.0,,,,,,,,,,,2819.0,,,,,,,,,,,5.0,,Automatic,,,,,,,,,,,,,,,,,,,2.2506,,kaggle-spec,,https://doi.org/10.34740/kaggle/ds/2938279,2026-09-22T13:55:59+00:00,"Imported in bulk from the Kaggle Car Specification Dataset 1945-2020. Per-value provenance is the dataset as a whole, not a fetched page for this vehicle.; Powertrain cleanup 2026-09-22T13:55:59+00:00: classified as ICE; energy carrier Gasoline. Basis: spark-ignition vehicle variant; no diesel/electric marker. The source dataset defines fuel_type, but the earlier canonical import did not carry the powertrain classification for this row."
vp-0e0d10,Chevrolet,D20,4.0 D MT,1 generation [redesign],1993,unspecified (Kaggle spec dataset),car,M1,,Pickup,,,,2,,ICE,,Diesel,,,274.0,,,,,,,,,,2250.0,,,3400.0,,,1150.0,ok,single,,,5.0,,,,,,,,,,,3230.0,,,,,,,,,,,5.0,,Manual,,,,,,,,,,,,,,,,,,,1.9565,,kaggle-spec,,https://doi.org/10.34740/kaggle/ds/2938279,2026-09-22T13:55:59+00:00,"Imported in bulk from the Kaggle Car Specification Dataset 1945-2020. Per-value provenance is the dataset as a whole, not a fetched page for this vehicle. Kaggle held 2 records for this make/model/year/trim; the first was taken.; Powertrain cleanup 2026-09-22T13:55:59+00:00: classified as ICE; energy carrier Diesel. Basis: explicit D/TD notation in source variant. The source dataset defines fuel_type, but the earlier canonical import did not carry the powertrain classification for this row."
vp-af49a8,AC,Cobra,4.9 MT,1 generation,1990,unspecified (Kaggle spec dataset),car,M1,,Roadster,,,,2,,,,,,,407.0,,,,,,,,,,1155.0,,,1340.0,,,185.0,ok,single,,,2.0,,,,,,,,,,,2285.0,,,,,,,,,,,5.0,,Manual,,,,,215.0,5.2,,17.0,10.0,14.4,,,,,,,,,6.2432,,kaggle-spec,,https://doi.org/10.34740/kaggle/ds/2938279,,"Imported in bulk from the Kaggle Car Specification Dataset 1945-2020. Per-value provenance is the dataset as a whole, not a fetched page for this vehicle. Kaggle held 4 records for this make/model/year/trim; the first was taken."
vp-7477cb,Acura,Integra,1.8 AT,1 generation,1991,unspecified (Kaggle spec dataset),car,M1,,Sedan,,,,2,,,,,,,173.0,,,,,,,,,,1190.0,,,1600.0,,,410.0,ok,single,,,5.0,,,,,,,,,,,2620.0,,,,,,,,,,,4.0,,Automatic,,,,,205.0,7.5,,9.4,7.6,8.4,,,,,,,,,2.9024,,kaggle-spec,,https://doi.org/10.34740/kaggle/ds/2938279,,"Imported in bulk from the Kaggle Car Specification Dataset 1945-2020. Per-value provenance is the dataset as a whole, not a fetched page for this vehicle."
vp-6723d9,Porsche,911,3.6 MT,993,1993,unspecified (Kaggle spec dataset),car,M1,,Targa,,,,2,,,,,,,340.0,,,,,,,,,,1400.0,,,1740.0,,,340.0,ok,single,,,4.0,,,,,,,,,,,2275.0,,,,,,,,,,,6.0,,Manual,,,,,275.0,5.4,,17.7,8.6,11.9,,,,,,,,,4.1176,,kaggle-spec,,https://doi.org/10.34740/kaggle/ds/2938279,,"Imported in bulk from the Kaggle Car Specification Dataset 1945-2020. Per-value provenance is the dataset as a whole, not a fetched page for this vehicle."
vp-2a9557,Aston Martin,V8 Vantage,5.3 MT,2 generation,1993,unspecified (Kaggle spec dataset),car,M1,,,,,,2,,ICE,,Gasoline,,,745.0,,,,,,,,,,1975.0,,,2045.0,,,,implausible-payload,single,,,4.0,,,,,,,,,,,2610.0,,,,,,,,,,,6.0,,Manual,,,,,,4.7,,30.2,18.5,,,,,,,,,,,,kaggle-spec,,https://doi.org/10.34740/kaggle/ds/2938279,2026-09-22T13:55:59+00:00,"Imported in bulk from the Kaggle Car Specification Dataset 1945-2020. Per-value provenance is the dataset as a whole, not a fetched page for this vehicle. Kaggle held 3 records for this make/model/year/trim; the first was taken.; Powertrain cleanup 2026-09-22T13:55:59+00:00: classified as ICE; energy carrier Gasoline. Basis: spark-ignition vehicle variant; no diesel/electric marker. The source dataset defines fuel_type, but the earlier canonical import did not carry the powertrain classification for this row."
vp-37081d,Alfa Romeo,156,3.2 MT,932,1997,unspecified (Kaggle spec dataset),car,M1,,Wagon,,,,2,,,,,,,300.0,,,,,,,,,,1460.0,,,1920.0,,,460.0,ok,single,,,5.0,,,,,,,,,,,2595.0,,,,,,,,,,,6.0,,Manual,,,,,250.0,6.0,,18.4,8.8,12.1,,,,,,,,,3.1739,,kaggle-spec,,https://doi.org/10.34740/kaggle/ds/2938279,,"Imported in bulk from the Kaggle Car Specification Dataset 1945-2020. Per-value provenance is the dataset as a whole, not a fetched page for this vehicle."
vp-6f334d,Alpina,B3,3.0i AT,E90/91/92/93,2006,unspecified (Kaggle spec dataset),car,M1,,Cabriolet,,,,2,,,,,,,500.0,,,,,,,,,,1845.0,,,2200.0,,,430.0,inconsistent-triple,single,,,4.0,,,,,,,,,,,2760.0,,,,,,,,,,,6.0,,Automatic,,,,,280.0,5.0,,14.2,7.4,9.9,,,,,,,,,4.2907,,kaggle-spec,,https://doi.org/10.34740/kaggle/ds/2938279,,"Imported in bulk from the Kaggle Car Specification Dataset 1945-2020. Per-value provenance is the dataset as a whole, not a fetched page for this vehicle. Kaggle held 3 records for this make/model/year/trim; the first was taken."
vp-4cfee4,Acura,NSX,3.0 MT,1 generation [redesign],2002,unspecified (Kaggle spec dataset),car,M1,,Coupe,,,,2,,,,,,,284.0,,,,,,,,,,1410.0,,,1610.0,,,,implausible-payload,single,,,2.0,,,,,,,,,,,2530.0,,,,,,,,,,,5.0,,Manual,,,,,260.0,5.0,,15.6,10.7,10.0,,,,,,308,,,,,kaggle-spec,,https://doi.org/10.34740/kaggle/ds/2938279,,"Imported in bulk from the Kaggle Car Specification Dataset 1945-2020. Per-value provenance is the dataset as a whole, not a fetched page for this vehicle. Kaggle held 2 records for this make/model/year/trim; the first was taken."
vp-f812d8,Acura,MDX,3.5 AT,1 generation,2001,unspecified (Kaggle spec dataset),car,M1,,Crossover,,,,2,,,,,,,313.0,,,,,,,,,,1980.0,,,2580.0,,,600.0,ok,single,,,5.0,,,,,,,,,,,2700.0,,,,,,,,,,,4.0,,Automatic,,,,,180.0,9.0,,13.0,10.0,13.5,,,,,,311,,,3.3,,kaggle-spec,,https://doi.org/10.34740/kaggle/ds/2938279,,"Imported in bulk from the Kaggle Car Specification Dataset 1945-2020. Per-value provenance is the dataset as a whole, not a fetched page for this vehicle."
vp-efa9c2,Citroen,C6,2.2 MT,1 generation,2004,unspecified (Kaggle spec dataset),car,M1,,Fastback,,,,2,,,,,,,370.0,,,,,,,,,,1825.0,,,2280.0,,,455.0,ok,single,,,5.0,,,,,,,,,,,2900.0,,,,,,,,,,,6.0,,Manual,,,,,217.0,9.6,,8.7,5.4,6.6,,,,,,,,,4.011,,kaggle-spec,,https://doi.org/10.34740/kaggle/ds/2938279,,"Imported in bulk from the Kaggle Car Specification Dataset 1945-2020. Per-value provenance is the dataset as a whole, not a fetched page for this vehicle. Kaggle held 2 records for this make/model/year/trim; the first was taken."
vp-e93114,Alfa Romeo,147,3.2 MT,1 generation,2000,unspecified (Kaggle spec dataset),car,M1,,Hatchback,,,,2,,,,,,,300.0,,,,,,,,,,1360.0,,,1880.0,,,520.0,ok,single,,,5.0,,,,,,,,,,,2546.0,,,,,,,,,,,6.0,,Manual,,,,,246.0,6.3,,18.1,8.6,12.1,,,,,,,,,2.6154,,kaggle-spec,,https://doi.org/10.34740/kaggle/ds/2938279,,"Imported in bulk from the Kaggle Car Specification Dataset 1945-2020. Per-value provenance is the dataset as a whole, not a fetched page for this vehicle."
vp-0440ae,Audi,A5,2.0 TDI multitronic,8T,2007,unspecified (Kaggle spec dataset),car,M1,,Liftback,,,,2,,,,,,,320.0,,,,,,,,,,1630.0,,,2085.0,,,455.0,ok,single,,,4.0,,,,,,,,,,,2810.0,,,,,,,,,,,,,Continuously variable transmission (CVT),,,,,205.0,9.7,,7.5,4.8,5.8,,,,,,,,,3.5824,,kaggle-spec,,https://doi.org/10.34740/kaggle/ds/2938279,,"Imported in bulk from the Kaggle Car Specification Dataset 1945-2020. Per-value provenance is the dataset as a whole, not a fetched page for this vehicle."
vp-a0bc40,Chevrolet,Express,4.3 AT 1500,1 generation [redesign],2003,unspecified (Kaggle spec dataset),car,M1,,Minivan,,,,2,,,,,,,260.0,,,,,,,,,,2385.0,,,3266.0,,,881.0,ok,single,,,8.0,,,,,,,,,,,3429.0,,,,,,,,,,,4.0,,Automatic,,,,,161.0,13.3,,16.8,13.1,14.7,,,,,,,,,2.7072,,kaggle-spec,,https://doi.org/10.34740/kaggle/ds/2938279,,"Imported in bulk from the Kaggle Car Specification Dataset 1945-2020. Per-value provenance is the dataset as a whole, not a fetched page for this vehicle. Kaggle held 2 records for this make/model/year/trim; the first was taken."
vp-27f34e,Cadillac,Escalade,6.0 AT AWD,2 generation,2002,unspecified (Kaggle spec dataset),car,M1,,Pickup,,,,2,,,,,,,515.0,,,,,,,,,,2680.0,,,3175.0,,,495.0,ok,single,,,5.0,,,,,,,,,,,3302.0,,,,,,,,,,,4.0,,Automatic,,,,,170.0,8.4,,18.1,14.7,16.8,,,,,,,,,5.4141,,kaggle-spec,,https://doi.org/10.34740/kaggle/ds/2938279,,"Imported in bulk from the Kaggle Car Specification Dataset 1945-2020. Per-value provenance is the dataset as a whole, not a fetched page for this vehicle."
vp-d9efe8,Alpina,Roadster S,3.3 MT,E85,2003,unspecified (Kaggle spec dataset),car,M1,,Roadster,,,,2,,ICE,,Gasoline,,,362.0,,,,,,,,,,1320.0,,,1620.0,,,300.0,ok,single,,,2.0,,,,,,,,,,,2500.0,,,,,,,,,,,5.0,,Manual,,,,,265.0,5.0,,15.0,7.0,,,,,,,,,,4.4,,kaggle-spec,,https://doi.org/10.34740/kaggle/ds/2938279,2026-09-22T13:55:59+00:00,"Imported in bulk from the Kaggle Car Specification Dataset 1945-2020. Per-value provenance is the dataset as a whole, not a fetched page for this vehicle.; Powertrain cleanup 2026-09-22T13:55:59+00:00: classified as ICE; energy carrier Gasoline. Basis: spark-ignition vehicle variant; no diesel/electric marker. The source dataset defines fuel_type, but the earlier canonical import did not carry the powertrain classification for this row."
vp-b13fea,Acura,EL,1.7 AT,2 generation,2001,unspecified (Kaggle spec dataset),car,M1,,Sedan,,,,2,,ICE,,Gasoline,,,114.0,,,,,,,,,,1182.0,,,1560.0,,,378.0,ok,single,,,5.0,,,,,,,,,,,2620.0,,,,,,,,,,,4.0,,Automatic,,,,,,,,7.8,6.1,,,,,,,,,,3.127,,kaggle-spec,,https://doi.org/10.34740/kaggle/ds/2938279,2026-09-22T13:55:59+00:00,"Imported in bulk from the Kaggle Car Specification Dataset 1945-2020. Per-value provenance is the dataset as a whole, not a fetched page for this vehicle.; Powertrain cleanup 2026-09-22T13:55:59+00:00: classified as ICE; energy carrier Gasoline. Basis: spark-ignition vehicle variant; no diesel/electric marker. The source dataset defines fuel_type, but the earlier canonical import did not carry the powertrain classification for this row."
vp-ac0646,Opel,Speedster,2.2 MT,1 generation,2000,unspecified (Kaggle spec dataset),car,M1,,Targa,,,,2,,,,,,,203.0,,,,,,,,,,945.0,,,1150.0,,,205.0,ok,single,,,2.0,,,,,,,,,,,2330.0,,,,,,,,,,,5.0,,Manual,,,,,217.0,5.9,,12.3,6.4,8.5,,,,,,,,,4.6098,,kaggle-spec,,https://doi.org/10.34740/kaggle/ds/2938279,,"Imported in bulk from the Kaggle Car Specification Dataset 1945-2020. Per-value provenance is the dataset as a whole, not a fetched page for this vehicle."
vp-8fe183,Aston Martin,V8 Vantage,4.3 AMT,3 generation,2005,unspecified (Kaggle spec dataset),car,M1,,,,,,2,,,,,,,410.0,,,,,,,,,,1630.0,,,1830.0,,,,implausible-payload,single,,,2.0,,,,,,,,,,,2600.0,,,,,,,,,,,6.0,,Electronic with 1 clutch,,,,,,5.0,,25.2,12.5,17.2,,,,,,,,,,,kaggle-spec,,https://doi.org/10.34740/kaggle/ds/2938279,,"Imported in bulk from the Kaggle Car Specification Dataset 1945-2020. Per-value provenance is the dataset as a whole, not a fetched page for this vehicle. Kaggle held 2 records for this make/model/year/trim; the first was taken."
vp-c2deba,Alfa Romeo,156,1.9 JTD MT,932 [redesign],2002,unspecified (Kaggle spec dataset),car,M1,,Wagon,,,,2,,,,,,,305.0,,,,,,,,,,1510.0,,,2025.0,,,515.0,ok,single,,,5.0,,,,,,,,,,,2595.0,,,,,,,,,,,6.0,,Manual,,,,,200.0,10.5,,9.3,5.8,7.1,,,,,,,,,2.932,,kaggle-spec,,https://doi.org/10.34740/kaggle/ds/2938279,,"Imported in bulk from the Kaggle Car Specification Dataset 1945-2020. Per-value provenance is the dataset as a whole, not a fetched page for this vehicle. Kaggle held 3 records for this make/model/year/trim; the first was taken."
vp-933b12,Alpina,B6,4.4 BITURBO SWITCH-TRONIC,F06/F12/F13,2011,unspecified (Kaggle spec dataset),car,M1,,Cabriolet,,,,2,,,,,,,730.0,,,,,,,,,,2020.0,,,2430.0,,,410.0,ok,single,,,4.0,,,,,,,,,,,2855.0,,,,,,,,,,,8.0,,Automatic,,,,,317.0,4.4,,13.2,7.5,9.6,,,,,,,,,4.9268,,kaggle-spec,,https://doi.org/10.34740/kaggle/ds/2938279,,"Imported in bulk from the Kaggle Car Specification Dataset 1945-2020. Per-value provenance is the dataset as a whole, not a fetched page for this vehicle. Kaggle held 2 records for this make/model/year/trim; the first was taken."
vp-93fcd0,Alfa Romeo,4C,1.7 TCT,1 generation,2013,unspecified (Kaggle spec dataset),car,M1,,Coupe,,,,2,,,,,,,350.0,,,,,,,,,,895.0,,,1175.0,,,280.0,ok,single,,,2.0,,,,,,,,,,,2380.0,,,,,,,,,,,6.0,,robot,,,,,250.0,4.5,,9.8,5.0,6.8,,,,,,,,,3.1964,,kaggle-spec,,https://doi.org/10.34740/kaggle/ds/2938279,,"Imported in bulk from the Kaggle Car Specification Dataset 1945-2020. Per-value provenance is the dataset as a whole, not a fetched page for this vehicle."
vp-7c5f6d,Acura,MDX,3.5 AT 4WD,3 generation,2013,unspecified (Kaggle spec dataset),car,M1,,Crossover,,,,2,,,,,,,355.0,,,,,,,,,,2039.0,,,2575.0,,,536.0,ok,single,,,7.0,,,,,,,,,,,2825.0,,,,,,,,,,,6.0,,Automatic,,,,,220.0,7.6,,15.1,7.7,10.4,,,,,,,,,3.8041,,kaggle-spec,,https://doi.org/10.34740/kaggle/ds/2938279,,"Imported in bulk from the Kaggle Car Specification Dataset 1945-2020. Per-value provenance is the dataset as a whole, not a fetched page for this vehicle."
vp-b8a255,TagAZ,Aquila,1.6 MT,1 generation,2012,unspecified (Kaggle spec dataset),car,M1,,Fastback,,,,2,,ICE,,Gasoline,,,138.0,,,,,,,,,,1410.0,,,1800.0,,,390.0,ok,single,,,5.0,,,,,,,,,,,2750.0,,,,,,,,,,,5.0,,Manual,,,,,,,,,,,,,,,,,,,3.6154,,kaggle-spec,,https://doi.org/10.34740/kaggle/ds/2938279,2026-09-22T13:55:59+00:00,"Imported in bulk from the Kaggle Car Specification Dataset 1945-2020. Per-value provenance is the dataset as a whole, not a fetched page for this vehicle.; Powertrain cleanup 2026-09-22T13:55:59+00:00: classified as ICE; energy carrier Gasoline. Basis: spark-ignition vehicle variant; no diesel/electric marker. The source dataset defines fuel_type, but the earlier canonical import did not carry the powertrain classification for this row."
vp-c2f479,Alfa Romeo,Giulietta,1.4 TB MT,940,2010,unspecified (Kaggle spec dataset),car,M1,,Hatchback,,,,2,,,,,,,206.0,,,,,,,,,,1280.0,,,1785.0,,,505.0,ok,single,,,5.0,,,,,,,,,,,2634.0,,,,,,,,,,,6.0,,Manual,,,,,195.0,9.4,,8.4,5.3,6.4,,,,,,,,,2.5347,,kaggle-spec,,https://doi.org/10.34740/kaggle/ds/2938279,,"Imported in bulk from the Kaggle Car Specification Dataset 1945-2020. Per-value provenance is the dataset as a whole, not a fetched page for this vehicle."
vp-08c869,Audi,A7,2.8 FSI multitronic quattro,4G,2010,unspecified (Kaggle spec dataset),car,M1,,Liftback,,,,2,,,,,,,280.0,,,,,,,,,,1805.0,,,2270.0,,,465.0,ok,single,,,5.0,,,,,,,,,,,2914.0,,,,,,,,,,,,,Continuously variable transmission (CVT),,,,,235.0,7.9,,9.6,6.1,7.4,,,,,,,,,3.8817,,kaggle-spec,,https://doi.org/10.34740/kaggle/ds/2938279,,"Imported in bulk from the Kaggle Car Specification Dataset 1945-2020. Per-value provenance is the dataset as a whole, not a fetched page for this vehicle."
vp-e06e83,Hyundai,Equus,5.0 GDi AT,2 generation [redesign],2013,unspecified (Kaggle spec dataset),car,M1,,Limousine,,,,2,,,,,,,510.0,,,,,,,,,,2240.0,,,2570.0,,,,implausible-payload,single,,,5.0,,,,,,,,,,,3345.0,,,,,,,,,,,8.0,,Automatic,,,,,240.0,6.0,,19.1,9.1,12.8,,,,,,299,,,,,kaggle-spec,,https://doi.org/10.34740/kaggle/ds/2938279,,"Imported in bulk from the Kaggle Car Specification Dataset 1945-2020. Per-value provenance is the dataset as a whole, not a fetched page for this vehicle. Kaggle held 2 records for this make/model/year/trim; the first was taken."
vp-65e0cb,BMW,2 Series Active Tourer,214d MT Gran,F45,2014,unspecified (Kaggle spec dataset),car,M1,,Minivan,,,,2,,,,,,,220.0,,,,,,,,,,1420.0,,,2060.0,,,600.0,inconsistent-triple,single,,,5.0,,,,,,,,,,,2780.0,,,,,,,,,,,6.0,,Manual,,,,,180.0,13.5,,4.5,3.6,3.9,,,,,,,,,2.3667,,kaggle-spec,,https://doi.org/10.34740/kaggle/ds/2938279,,"Imported in bulk from the Kaggle Car Specification Dataset 1945-2020. Per-value provenance is the dataset as a whole, not a fetched page for this vehicle."
vp-231b08,Chevrolet,Montana,1.4 Flex MT,2 generation,2010,unspecified (Kaggle spec dataset),car,M1,,Pickup,,,,2,,ICE,,Gasoline/Ethanol,,,132.0,,,,,,,,,,1092.0,,,1850.0,,,758.0,ok,single,,,2.0,,,,,,,,,,,2669.0,,,,,,,,,,,5.0,,Manual,,,,,178.0,,,,,,,,,,,,,,1.4406,,kaggle-spec,,https://doi.org/10.34740/kaggle/ds/2938279,2026-09-22T13:55:59+00:00,"Imported in bulk from the Kaggle Car Specification Dataset 1945-2020. Per-value provenance is the dataset as a whole, not a fetched page for this vehicle.; Powertrain cleanup 2026-09-22T13:55:59+00:00: classified as ICE; energy carrier Gasoline/Ethanol. Basis: explicit Flex notation in source variant. The source dataset defines fuel_type, but the earlier canonical import did not carry the powertrain classification for this row."
vp-3c6873,Audi,R8,5.2 FSI quattro plus S tronic,2 generation,2015,unspecified (Kaggle spec dataset),car,M1,,Roadster,,,,2,,,,,,,560.0,,,,,,,,,,1695.0,,,2035.0,,,340.0,ok,single,,,2.0,,,,,,,,,,,2650.0,,,,,,,,,,,7.0,,robot,,,,,328.0,3.3,,17.8,9.5,12.5,,,,,,377,,,4.9853,,kaggle-spec,,https://doi.org/10.34740/kaggle/ds/2938279,,"Imported in bulk from the Kaggle Car Specification Dataset 1945-2020. Per-value provenance is the dataset as a whole, not a fetched page for this vehicle."
vp-907466,Alfa Romeo,Giulia,2.0 AT,952,2016,unspecified (Kaggle spec dataset),car,M1,,Sedan,,,,2,,,,,,,330.0,,,,,,,,,,1504.0,,,2005.0,,,501.0,ok,single,,,,,,,,,,,,,,2820.0,,,,,,,,,,,8.0,,Automatic,,,,,235.0,6.6,,8.4,4.6,6.0,,,,,,,,,3.002,,kaggle-spec,,https://doi.org/10.34740/kaggle/ds/2938279,,"Imported in bulk from the Kaggle Car Specification Dataset 1945-2020. Per-value provenance is the dataset as a whole, not a fetched page for this vehicle."
vp-8eea6c,Alfa Romeo,MiTo,0.9 MT,955 [2th redesign],2016,unspecified (Kaggle spec dataset),car,M1,,,,,,2,,,,,,,120.0,,,,,,,,,,1130.0,,,1630.0,,,500.0,ok,single,,,,,,,,,,,,,,2511.0,,,,,,,,,,,6.0,,Manual,,,,,184.0,11.4,,5.0,3.8,4.2,,,,,,,,,2.26,,kaggle-spec,,https://doi.org/10.34740/kaggle/ds/2938279,,"Imported in bulk from the Kaggle Car Specification Dataset 1945-2020. Per-value provenance is the dataset as a whole, not a fetched page for this vehicle."
vp-3db960,Alpina,D3,3.0 BITURBO SWITCH-TRONIC AWD,F30/F31,2013,unspecified (Kaggle spec dataset),car,M1,,Wagon,,,,2,,,,,,,700.0,,,,,,,,,,1720.0,,,2270.0,,,550.0,ok,single,,,5.0,,,,,,,,,,,2810.0,,,,,,,,,,,8.0,,Automatic,,,,,274.0,4.5,,6.3,5.2,5.6,,,,,,,,,3.1273,,kaggle-spec,,https://doi.org/10.34740/kaggle/ds/2938279,,"Imported in bulk from the Kaggle Car Specification Dataset 1945-2020. Per-value provenance is the dataset as a whole, not a fetched page for this vehicle."
vp-5c21b7,Audi,A3,1.5 AMT,4 generation (8Y),2020,unspecified (Kaggle spec dataset),car,M1,,,,,,2,,,,,,,250.0,,,,,,,,,,1320.0,,,1870.0,,,550.0,ok,single,,,5.0,,,,,,,,,,,2636.0,,,,,,,,,,,7.0,,robot,,,,,224.0,8.4,,6.2,4.3,5.0,,,,,,182,,,2.4,,kaggle-spec,,https://doi.org/10.34740/kaggle/ds/2938279,,"Imported in bulk from the Kaggle Car Specification Dataset 1945-2020. Per-value provenance is the dataset as a whole, not a fetched page for this vehicle. Kaggle held 2 records for this make/model/year/trim; the first was taken."
vp-915fbf,GAZ,M-20 Pobeda,2.1 MT,Second series,1948,unspecified (Kaggle spec dataset),car,M1,,Cabriolet,,,,2,,,,,,,127.0,,,,,,,,,,1460.0,,,1835.0,,,375.0,ok,single,,,5.0,,,,,,,,,,,2700.0,,,,,,,,,,,3.0,,Manual,,,,,105.0,46.0,,,,13.5,,,,,,,,,3.8933,,kaggle-spec,,https://doi.org/10.34740/kaggle/ds/2938279,,"Imported in bulk from the Kaggle Car Specification Dataset 1945-2020. Per-value provenance is the dataset as a whole, not a fetched page for this vehicle. Kaggle held 2 records for this make/model/year/trim; the first was taken."
vp-4c07e7,Volkswagen,Beetle,1.6 AT,1 generation,,unspecified (Kaggle spec dataset),car,M1,,,,,,2,,,,,,,148.0,,,,,,,,,,1290.0,,,1620.0,,,330.0,ok,single,,,4.0,,,,,,,,,,,2508.0,,,,,,,,,,,4.0,,Automatic,,,,,175.0,13.2,,11.5,6.5,8.3,,,,,,,,,3.9091,,kaggle-spec,,https://doi.org/10.34740/kaggle/ds/2938279,,"Imported in bulk from the Kaggle Car Specification Dataset 1945-2020. Per-value provenance is the dataset as a whole, not a fetched page for this vehicle."
vp-419398,Chevrolet,Suburban,3.9 3MT Synchro-mesh Heavy Duty,5 generation,1955,unspecified (Kaggle spec dataset),car,M1,,Crossover,,,,2,,ICE,,Gasoline,,,294.0,,,,,,,,,,1781.0,,,2268.0,,,431.0,inconsistent-triple,single,,,8.0,,,,,,,,,,,2896.0,,,,,,,,,,,3.0,,Manual,,,,,,,,,,,,,,,,,,,4.1323,,kaggle-spec,,https://doi.org/10.34740/kaggle/ds/2938279,2026-09-22T13:55:59+00:00,"Imported in bulk from the Kaggle Car Specification Dataset 1945-2020. Per-value provenance is the dataset as a whole, not a fetched page for this vehicle. Kaggle held 3 records for this make/model/year/trim; the first was taken.; Powertrain cleanup 2026-09-22T13:55:59+00:00: classified as ICE; energy carrier Gasoline. Basis: spark-ignition vehicle variant; no diesel/electric marker. The source dataset defines fuel_type, but the earlier canonical import did not carry the powertrain classification for this row."
vp-1b4622,Volkswagen,Transporter,1.2 MT,T1,1950,unspecified (Kaggle spec dataset),car,M1,,Minivan,,,,2,,,,,,,76.0,,,,,,,,,,1090.0,,,1800.0,,,710.0,ok,single,,,8.0,,,,,,,,,,,2400.0,,,,,,,,,,,4.0,,Manual,,,,,90.0,29.0,,12.0,8.5,9.5,,,,,,,,,1.5352,,kaggle-spec,,https://doi.org/10.34740/kaggle/ds/2938279,,"Imported in bulk from the Kaggle Car Specification Dataset 1945-2020. Per-value provenance is the dataset as a whole, not a fetched page for this vehicle. Kaggle held 4 records for this make/model/year/trim; the first was taken."
vp-7fa6c6,Chevrolet,El Camino,3.9 Powerglide 4900,1 generation,1959,unspecified (Kaggle spec dataset),car,M1,,Pickup,,,,2,,ICE,,Gasoline,,,294.0,,,,,,,,,,1740.0,,,2223.0,,,522.0,inconsistent-triple,single,,,3.0,,,,,,,,,,,3023.0,,,,,,,,,,,2.0,,Automatic,,,,,,,,,,,,,,,,,,,3.3333,,kaggle-spec,,https://doi.org/10.34740/kaggle/ds/2938279,2026-09-22T13:55:59+00:00,"Imported in bulk from the Kaggle Car Specification Dataset 1945-2020. Per-value provenance is the dataset as a whole, not a fetched page for this vehicle.; Powertrain cleanup 2026-09-22T13:55:59+00:00: classified as ICE; energy carrier Gasoline. Basis: spark-ignition vehicle variant; no diesel/electric marker. The source dataset defines fuel_type, but the earlier canonical import did not carry the powertrain classification for this row."
vp-dd509a,GAZ,21 Volga,2.4 MT,Second series,1958,unspecified (Kaggle spec dataset),car,M1,,Sedan,,,,2,,,,,,,170.0,,,,,,,,,,1460.0,,,1885.0,,,425.0,ok,single,,,5.0,,,,,,,,,,,2700.0,,,,,,,,,,,3.0,,Manual,,,,,130.0,,,,,9.0,,,,,,,,,3.4353,,kaggle-spec,,https://doi.org/10.34740/kaggle/ds/2938279,,"Imported in bulk from the Kaggle Car Specification Dataset 1945-2020. Per-value provenance is the dataset as a whole, not a fetched page for this vehicle. Kaggle held 2 records for this make/model/year/trim; the first was taken."
vp-e89e64,GAZ,21 Volga,2.5 MT,1 generation,1956,unspecified (Kaggle spec dataset),car,M1,,,,,,2,,,,,,,170.0,,,,,,,,,,1460.0,,,1885.0,,,425.0,ok,single,,,5.0,,,,,,,,,,,2700.0,,,,,,,,,,,3.0,,Manual,,,,,130.0,25.0,,14.4,8.8,9.0,,,,,,,,,3.4353,,kaggle-spec,,https://doi.org/10.34740/kaggle/ds/2938279,,"Imported in bulk from the Kaggle Car Specification Dataset 1945-2020. Per-value provenance is the dataset as a whole, not a fetched page for this vehicle."
vp-37a345,Alfa Romeo,Giulia,1600 Veloce MT,105,1962,unspecified (Kaggle spec dataset),car,M1,,Cabriolet,,,,2,,,,,,,132.0,,,,,,,,,,960.0,,,1120.0,,,160.0,ok,single,,,2.0,,,,,,,,,,,2250.0,,,,,,,,,,,5.0,,Manual,,,,,180.0,,,,,11.5,,,,,,,,,6.0,,kaggle-spec,,https://doi.org/10.34740/kaggle/ds/2938279,,"Imported in bulk from the Kaggle Car Specification Dataset 1945-2020. Per-value provenance is the dataset as a whole, not a fetched page for this vehicle."
vp-1ad335,Alfa Romeo,Giulia,1300 GTA Junior Autodelta MT,105,1962,unspecified (Kaggle spec dataset),car,M1,,Coupe,,,,2,,ICE,,Gasoline,,,148.0,,,,,,,,,,850.0,,,1140.0,,,290.0,ok,single,,,4.0,,,,,,,,,,,2350.0,,,,,,,,,,,5.0,,Manual,,,,,,,,,,,,,,,,,,,2.931,,kaggle-spec,,https://doi.org/10.34740/kaggle/ds/2938279,2026-09-22T13:55:59+00:00,"Imported in bulk from the Kaggle Car Specification Dataset 1945-2020. Per-value provenance is the dataset as a whole, not a fetched page for this vehicle.; Powertrain cleanup 2026-09-22T13:55:59+00:00: classified as ICE; energy carrier Gasoline. Basis: spark-ignition vehicle variant; no diesel/electric marker. The source dataset defines fuel_type, but the earlier canonical import did not carry the powertrain classification for this row."
vp-af87f3,Chevrolet,Suburban,3.9 3MT Synchro-mesh Heavy Duty,6 generation,1960,unspecified (Kaggle spec dataset),car,M1,,Crossover,,,,2,,ICE,,Gasoline,,,294.0,,,,,,,,,,1715.0,,,2359.0,,,590.0,inconsistent-triple,single,,,8.0,,,,,,,,,,,2921.0,,,,,,,,,,,3.0,,Manual,,,,,,,,,,,,,,,,,,,2.9068,,kaggle-spec,,https://doi.org/10.34740/kaggle/ds/2938279,2026-09-22T13:55:59+00:00,"Imported in bulk from the Kaggle Car Specification Dataset 1945-2020. Per-value provenance is the dataset as a whole, not a fetched page for this vehicle.; Powertrain cleanup 2026-09-22T13:55:59+00:00: classified as ICE; energy carrier Gasoline. Basis: spark-ignition vehicle variant; no diesel/electric marker. The source dataset defines fuel_type, but the earlier canonical import did not carry the powertrain classification for this row."
vp-682816,Chevrolet,Van,3.2 Powerglide,1 generation,1965,unspecified (Kaggle spec dataset),car,M1,,Minivan,,,,2,,ICE,,Gasoline,,,210.0,,,,,,,,,,1400.0,,,1769.0,,,369.0,ok,single,,,5.0,,,,,,,,,,,2286.0,,,,,,,,,,,2.0,,Automatic,,,,,,,,,,,,,,,,,,,3.794,,kaggle-spec,,https://doi.org/10.34740/kaggle/ds/2938279,2026-09-22T13:55:59+00:00,"Imported in bulk from the Kaggle Car Specification Dataset 1945-2020. Per-value provenance is the dataset as a whole, not a fetched page for this vehicle.; Powertrain cleanup 2026-09-22T13:55:59+00:00: classified as ICE; energy carrier Gasoline. Basis: spark-ignition vehicle variant; no diesel/electric marker. The source dataset defines fuel_type, but the earlier canonical import did not carry the powertrain classification for this row."
vp-d244d2,Chevrolet,El Camino,3.9 Powerglide 4900,1 generation [redesign],1960,unspecified (Kaggle spec dataset),car,M1,,Pickup,,,,2,,ICE,,Gasoline,,,294.0,,,,,,,,,,1719.0,,,2223.0,,,567.0,inconsistent-triple,single,,,3.0,,,,,,,,,,,3023.0,,,,,,,,,,,2.0,,Automatic,,,,,,,,,,,,,,,,,,,3.0317,,kaggle-spec,,https://doi.org/10.34740/kaggle/ds/2938279,2026-09-22T13:55:59+00:00,"Imported in bulk from the Kaggle Car Specification Dataset 1945-2020. Per-value provenance is the dataset as a whole, not a fetched page for this vehicle.; Powertrain cleanup 2026-09-22T13:55:59+00:00: classified as ICE; energy carrier Gasoline. Basis: spark-ignition vehicle variant; no diesel/electric marker. The source dataset defines fuel_type, but the earlier canonical import did not carry the powertrain classification for this row."
vp-c4afd9,Alfa Romeo,Giulia,1300 MT,105,1962,unspecified (Kaggle spec dataset),car,M1,,Sedan,,,,2,,,,,,,103.0,,,,,,,,,,1000.0,,,1400.0,,,400.0,ok,single,,,5.0,,,,,,,,,,,2510.0,,,,,,,,,,,4.0,,Manual,,,,,158.0,,,,,9.7,,,,,,,,,2.5,,kaggle-spec,,https://doi.org/10.34740/kaggle/ds/2938279,,"Imported in bulk from the Kaggle Car Specification Dataset 1945-2020. Per-value provenance is the dataset as a whole, not a fetched page for this vehicle."
vp-6cb8e2,Porsche,914,1.8 MT,1 generation,1969,unspecified (Kaggle spec dataset),car,M1,,,,,,2,,ICE,,Gasoline,,,138.0,,,,,,,,,,950.0,,,1250.0,,,300.0,ok,single,,,2.0,,,,,,,,,,,2450.0,,,,,,,,,,,5.0,,Manual,,,,,,12.0,,,,,,,,,,,,,3.1667,,kaggle-spec,,https://doi.org/10.34740/kaggle/ds/2938279,2026-09-22T13:55:59+00:00,"Imported in bulk from the Kaggle Car Specification Dataset 1945-2020. Per-value provenance is the dataset as a whole, not a fetched page for this vehicle.; Powertrain cleanup 2026-09-22T13:55:59+00:00: classified as ICE; energy carrier Gasoline. Basis: spark-ignition vehicle variant; no diesel/electric marker. The source dataset defines fuel_type, but the earlier canonical import did not carry the powertrain classification for this row."
vp-f6459c,Nissan,Bluebird,1.2 4MT,411 [redesign],1964,unspecified (Kaggle spec dataset),car,M1,,Wagon,,,,2,,,,,,,,,,,,,,,,,958.0,,,1020.0,,,,implausible-payload,single,,,5.0,,,,,,,,,,,2380.0,,,,,,,,,,,4.0,,Manual,,,,,135.0,21.9,,,,8.0,,,,,,,,,,,kaggle-spec,,https://doi.org/10.34740/kaggle/ds/2938279,,"Imported in bulk from the Kaggle Car Specification Dataset 1945-2020. Per-value provenance is the dataset as a whole, not a fetched page for this vehicle."
vp-76c662,Citroen,2 CV,0.6 MT,4 generation,1975,unspecified (Kaggle spec dataset),car,M1,,Cabriolet,,,,2,,,,,,,39.0,,,,,,,,,,560.0,,,895.0,,,335.0,ok,single,,,4.0,,,,,,,,,,,2400.0,,,,,,,,,,,4.0,,Manual,,,,,110.0,,,,,6.1,,,,,,,,,1.6716,,kaggle-spec,,https://doi.org/10.34740/kaggle/ds/2938279,,"Imported in bulk from the Kaggle Car Specification Dataset 1945-2020. Per-value provenance is the dataset as a whole, not a fetched page for this vehicle."
vp-93b2e0,BMW,6 Series,628CSi 4MT,E24,1976,unspecified (Kaggle spec dataset),car,M1,,Coupe,,,,2,,,,,,,240.0,,,,,,,,,,1450.0,,,1830.0,,,380.0,ok,single,,,4.0,,,,,,,,,,,2626.0,,,,,,,,,,,4.0,,Manual,,,,,208.0,9.3,,17.7,8.2,12.0,,,,,,,,,3.8158,,kaggle-spec,,https://doi.org/10.34740/kaggle/ds/2938279,,"Imported in bulk from the Kaggle Car Specification Dataset 1945-2020. Per-value provenance is the dataset as a whole, not a fetched page for this vehicle."
vp-41a69c,Chevrolet,Suburban,4.1 3MT Heavy Duty 4WD,7 generation [redesign],1971,unspecified (Kaggle spec dataset),car,M1,,Crossover,,,,2,,ICE,,Gasoline,,,312.0,,,,,,,,,,1982.0,,,2359.0,,,377.0,ok,single,,,8.0,,,,,,,,,,,3226.0,,,,,,,,,,,3.0,,Manual,,,,,,,,,,,,,,,,,,,5.2573,,kaggle-spec,,https://doi.org/10.34740/kaggle/ds/2938279,2026-09-22T13:55:59+00:00,"Imported in bulk from the Kaggle Car Specification Dataset 1945-2020. Per-value provenance is the dataset as a whole, not a fetched page for this vehicle.; Powertrain cleanup 2026-09-22T13:55:59+00:00: classified as ICE; energy carrier Gasoline. Basis: spark-ignition vehicle variant; no diesel/electric marker. The source dataset defines fuel_type, but the earlier canonical import did not carry the powertrain classification for this row."
vp-ad922c,Nissan,Bluebird,1.6 MT,610,1971,unspecified (Kaggle spec dataset),car,M1,,hardtop,,,,2,,,,,,,,,,,,,,,,,975.0,,,1250.0,,,275.0,ok,single,,,5.0,,,,,,,,,,,2500.0,,,,,,,,,,,4.0,,Manual,,,,,169.0,11.5,,,,9.7,,,,,,,,,3.5455,,kaggle-spec,,https://doi.org/10.34740/kaggle/ds/2938279,,"Imported in bulk from the Kaggle Car Specification Dataset 1945-2020. Per-value provenance is the dataset as a whole, not a fetched page for this vehicle. Kaggle held 2 records for this make/model/year/trim; the first was taken."
vp-2a763b,Ford,Fiesta,1.0 MT,1 generation,1976,unspecified (Kaggle spec dataset),car,M1,,Hatchback,,,,2,,,,,,,64.0,,,,,,,,,,715.0,,,1160.0,,,445.0,ok,single,,,4.0,,,,,,,,,,,2286.0,,,,,,,,,,,4.0,,Manual,,,,,131.0,19.7,,8.2,5.6,7.9,,,,,,,,,1.6067,,kaggle-spec,,https://doi.org/10.34740/kaggle/ds/2938279,,"Imported in bulk from the Kaggle Car Specification Dataset 1945-2020. Per-value provenance is the dataset as a whole, not a fetched page for this vehicle. Kaggle held 2 records for this make/model/year/trim; the first was taken."
vp-c4cfc6,Chevrolet,Van,4.1 AT G10 LWB,3 generation [2th redesign],1978,unspecified (Kaggle spec dataset),car,M1,,Minivan,,,,2,,ICE,,Gasoline,,,271.0,,,,,,,,,,1901.0,,,2722.0,,,821.0,ok,single,,,5.0,,,,,,,,,,,3175.0,,,,,,,,,,,3.0,,Automatic,,,,,,,,,,,,,,,,,,,2.3155,,kaggle-spec,,https://doi.org/10.34740/kaggle/ds/2938279,2026-09-22T13:55:59+00:00,"Imported in bulk from the Kaggle Car Specification Dataset 1945-2020. Per-value provenance is the dataset as a whole, not a fetched page for this vehicle.; Powertrain cleanup 2026-09-22T13:55:59+00:00: classified as ICE; energy carrier Gasoline. Basis: spark-ignition vehicle variant; no diesel/electric marker. The source dataset defines fuel_type, but the earlier canonical import did not carry the powertrain classification for this row."
vp-63c736,Audi,100,1.6 MT,S2,1976,unspecified (Kaggle spec dataset),car,M1,,Sedan,,,,2,,ICE,,Gasoline,,,124.0,,,,,,,,,,1110.0,,,1570.0,,,460.0,ok,single,,,5.0,,,,,,,,,,,2677.0,,,,,,,,,,,5.0,,Manual,,,,,160.0,13.4,,8.9,,,,,,,,,,,2.413,,kaggle-spec,,https://doi.org/10.34740/kaggle/ds/2938279,2026-09-22T13:55:59+00:00,"Imported in bulk from the Kaggle Car Specification Dataset 1945-2020. Per-value provenance is the dataset as a whole, not a fetched page for this vehicle.; Powertrain cleanup 2026-09-22T13:55:59+00:00: classified as ICE; energy carrier Gasoline. Basis: spark-ignition vehicle variant; no diesel/electric marker. The source dataset defines fuel_type, but the earlier canonical import did not carry the powertrain classification for this row."
vp-66712f,Opel,Kadett,1.2 MT,C,1973,unspecified (Kaggle spec dataset),car,M1,,Targa,,,,2,,ICE,,Gasoline,,,88.0,,,,,,,,,,798.0,,,1210.0,,,412.0,ok,single,,,4.0,,,,,,,,,,,2395.0,,,,,,,,,,,4.0,,Manual,,,,,142.0,17.5,,,,,,,,,,,,,1.9369,,kaggle-spec,,https://doi.org/10.34740/kaggle/ds/2938279,2026-09-22T13:55:59+00:00,"Imported in bulk from the Kaggle Car Specification Dataset 1945-2020. Per-value provenance is the dataset as a whole, not a fetched page for this vehicle. Kaggle held 10 records for this make/model/year/trim; the first was taken.; Powertrain cleanup 2026-09-22T13:55:59+00:00: classified as ICE; energy carrier Gasoline. Basis: spark-ignition vehicle variant; no diesel/electric marker. The source dataset defines fuel_type, but the earlier canonical import did not carry the powertrain classification for this row."
vp-6b5f6f,Audi,80,1.6 AT,B2,1978,unspecified (Kaggle spec dataset),car,M1,,,,,,2,,,,,,,100.0,,,,,,,,,,1000.0,,,1440.0,,,440.0,ok,single,,,5.0,,,,,,,,,,,2540.0,,,,,,,,,,,3.0,,Automatic,,,,,140.0,23.3,,8.0,5.5,7.2,,,,,,,,,2.2727,,kaggle-spec,,https://doi.org/10.34740/kaggle/ds/2938279,,"Imported in bulk from the Kaggle Car Specification Dataset 1945-2020. Per-value provenance is the dataset as a whole, not a fetched page for this vehicle. Kaggle held 8 records for this make/model/year/trim; the first was taken."
vp-6700de,Opel,Kadett,1.0 MT,C [redesign],1977,unspecified (Kaggle spec dataset),car,M1,,Wagon,,,,2,,ICE,,Gasoline,,,69.0,,,,,,,,,,800.0,,,1250.0,,,450.0,ok,single,,,5.0,,,,,,,,,,,2395.0,,,,,,,,,,,4.0,,Manual,,,,,122.0,28.5,,,,,,,,,,,,,1.7778,,kaggle-spec,,https://doi.org/10.34740/kaggle/ds/2938279,2026-09-22T13:55:59+00:00,"Imported in bulk from the Kaggle Car Specification Dataset 1945-2020. Per-value provenance is the dataset as a whole, not a fetched page for this vehicle. Kaggle held 3 records for this make/model/year/trim; the first was taken.; Powertrain cleanup 2026-09-22T13:55:59+00:00: classified as ICE; energy carrier Gasoline. Basis: spark-ignition vehicle variant; no diesel/electric marker. The source dataset defines fuel_type, but the earlier canonical import did not carry the powertrain classification for this row."
vp-c8e98c,Bentley,Continental,6.75 AT,1 generation,1984,unspecified (Kaggle spec dataset),car,M1,,Cabriolet,,,,2,,,,,,,450.0,,,,,,,,,,2430.0,,,2760.0,,,,implausible-payload,single,,,4.0,,,,,,,,,,,3061.0,,,,,,,,,,,4.0,,Automatic,,,,,205.0,11.8,,25.4,15.6,20.5,,,,,,,,,,,kaggle-spec,,https://doi.org/10.34740/kaggle/ds/2938279,,"Imported in bulk from the Kaggle Car Specification Dataset 1945-2020. Per-value provenance is the dataset as a whole, not a fetched page for this vehicle."
vp-5de17c,Audi,Coupe,2.0 AT,81/85,1980,unspecified (Kaggle spec dataset),car,M1,,Coupe,,,,2,,,,,,,165.0,,,,,,,,,,1050.0,,,1510.0,,,460.0,ok,single,,,5.0,,,,,,,,,,,2535.0,,,,,,,,,,,3.0,,Automatic,,,,,186.0,9.9,,,,8.5,,,,,,,,,2.2826,,kaggle-spec,,https://doi.org/10.34740/kaggle/ds/2938279,,"Imported in bulk from the Kaggle Car Specification Dataset 1945-2020. Per-value provenance is the dataset as a whole, not a fetched page for this vehicle."
vp-05412b,Aro,10,1.6 MT 4WD,1 generation,1984,unspecified (Kaggle spec dataset),car,M1,,Crossover,,,,2,,ICE,,Gasoline,,,145.0,,,,,,,,,,1300.0,,,1720.0,,,420.0,ok,single,,,5.0,,,,,,,,,,,2400.0,,,,,,,,,,,5.0,,Manual,,,,,130.0,,,12.0,8.0,,,,,,,,,,3.0952,,kaggle-spec,,https://doi.org/10.34740/kaggle/ds/2938279,2026-09-22T13:55:59+00:00,"Imported in bulk from the Kaggle Car Specification Dataset 1945-2020. Per-value provenance is the dataset as a whole, not a fetched page for this vehicle. Kaggle held 2 records for this make/model/year/trim; the first was taken.; Powertrain cleanup 2026-09-22T13:55:59+00:00: classified as ICE; energy carrier Gasoline. Basis: spark-ignition vehicle variant; no diesel/electric marker. The source dataset defines fuel_type, but the earlier canonical import did not carry the powertrain classification for this row."
vp-59a2fc,Lancia,Gamma,2.0 MT,2 generation,1980,unspecified (Kaggle spec dataset),car,M1,,Fastback,,,,2,,ICE,,Gasoline,,,172.0,,,,,,,,,,1320.0,,,1820.0,,,500.0,ok,single,,,5.0,,,,,,,,,,,2670.0,,,,,,,,,,,5.0,,Manual,,,,,180.0,12.0,,,,,,,,,,,,,2.64,,kaggle-spec,,https://doi.org/10.34740/kaggle/ds/2938279,2026-09-22T13:55:59+00:00,"Imported in bulk from the Kaggle Car Specification Dataset 1945-2020. Per-value provenance is the dataset as a whole, not a fetched page for this vehicle. Kaggle held 2 records for this make/model/year/trim; the first was taken.; Powertrain cleanup 2026-09-22T13:55:59+00:00: classified as ICE; energy carrier Gasoline. Basis: spark-ignition vehicle variant; no diesel/electric marker. The source dataset defines fuel_type, but the earlier canonical import did not carry the powertrain classification for this row."
vp-abaaf8,Nissan,Bluebird,1.8i MT,U11,1983,unspecified (Kaggle spec dataset),car,M1,,hardtop,,,,2,,,,,,,149.0,,,,,,,,,,1120.0,,,1675.0,,,555.0,ok,single,,,5.0,,,,,,,,,,,2550.0,,,,,,,,,,,5.0,,Manual,,,,,168.0,11.1,,,,8.5,,,,,,,,,2.018,,kaggle-spec,,https://doi.org/10.34740/kaggle/ds/2938279,,"Imported in bulk from the Kaggle Car Specification Dataset 1945-2020. Per-value provenance is the dataset as a whole, not a fetched page for this vehicle. Kaggle held 2 records for this make/model/year/trim; the first was taken."
vp-1128aa,Chevrolet,Kadett,1.8 Flexfuel AT,1 generation,1989,unspecified (Kaggle spec dataset),car,M1,,Hatchback,,,,2,,,,,,,148.0,,,,,,,,,,980.0,,,1495.0,,,515.0,ok,single,,,5.0,,,,,,,,,,,2520.0,,,,,,,,,,,3.0,,Automatic,,,,,,,,,,14.6,,,,,,,,,1.9029,,kaggle-spec,,https://doi.org/10.34740/kaggle/ds/2938279,,"Imported in bulk from the Kaggle Car Specification Dataset 1945-2020. Per-value provenance is the dataset as a whole, not a fetched page for this vehicle. Kaggle held 2 records for this make/model/year/trim; the first was taken."
vp-761b89,Peugeot,205 GTi,1.9 MT,1 generation,1983,unspecified (Kaggle spec dataset),car,M1,,Hatchback 3 doors,,,,2,,,,,,,150.0,,,,,,,,,,880.0,,,1300.0,,,420.0,ok,single,,,5.0,,,,,,,,,,,2420.0,,,,,,,,,,,5.0,,Manual,,,,,,8.5,,9.9,6.3,8.2,,,,,,,,,2.0952,,kaggle-spec,,https://doi.org/10.34740/kaggle/ds/2938279,,"Imported in bulk from the Kaggle Car Specification Dataset 1945-2020. Per-value provenance is the dataset as a whole, not a fetched page for this vehicle. Kaggle held 2 records for this make/model/year/trim; the first was taken."
vp-4ea0e9,Daihatsu,Applause,1.6 MT,1 generation,1989,unspecified (Kaggle spec dataset),car,M1,,Liftback,,,,2,,ICE,,Gasoline,,,134.0,,,,,,,,,,930.0,,,1420.0,,,490.0,ok,single,,,5.0,,,,,,,,,,,2470.0,,,,,,,,,,,5.0,,Manual,,,,,185.0,9.8,,7.0,,,,,,,,,,,1.898,,kaggle-spec,,https://doi.org/10.34740/kaggle/ds/2938279,2026-09-22T13:55:59+00:00,"Imported in bulk from the Kaggle Car Specification Dataset 1945-2020. Per-value provenance is the dataset as a whole, not a fetched page for this vehicle. Kaggle held 2 records for this make/model/year/trim; the first was taken.; Powertrain cleanup 2026-09-22T13:55:59+00:00: classified as ICE; energy carrier Gasoline. Basis: spark-ignition vehicle variant; no diesel/electric marker. The source dataset defines fuel_type, but the earlier canonical import did not carry the powertrain classification for this row."
vp-351119,ZIL,4104,7.7 AT Pullman,1 generation,1985,unspecified (Kaggle spec dataset),car,M1,,Limousine,,,,2,,,,,,,608.0,,,,,,,,,,3335.0,,,3800.0,,,,implausible-payload,single,,,7.0,,,,,,,,,,,3880.0,,,,,,,,,,,3.0,,Automatic,,,,,190.0,12.0,,,,22.0,,,,,,,,,,,kaggle-spec,,https://doi.org/10.34740/kaggle/ds/2938279,,"Imported in bulk from the Kaggle Car Specification Dataset 1945-2020. Per-value provenance is the dataset as a whole, not a fetched page for this vehicle."
vp-42b428,Chevrolet,Astro,4.3 AT 7 seat,1 generation,1985,unspecified (Kaggle spec dataset),car,M1,,Minivan,,,,2,,ICE,,Gasoline,,,311.0,,,,,,,,,,1727.0,,,2585.0,,,858.0,ok,single,,,5.0,,,,,,,,,,,2819.0,,,,,,,,,,,4.0,,Automatic,,,,,,,,,,,,,,,,,,,2.0128,,kaggle-spec,,https://doi.org/10.34740/kaggle/ds/2938279,2026-09-22T13:55:59+00:00,"Imported in bulk from the Kaggle Car Specification Dataset 1945-2020. Per-value provenance is the dataset as a whole, not a fetched page for this vehicle. Kaggle held 2 records for this make/model/year/trim; the first was taken.; Powertrain cleanup 2026-09-22T13:55:59+00:00: classified as ICE; energy carrier Gasoline. Basis: spark-ignition vehicle variant; no diesel/electric marker. The source dataset defines fuel_type, but the earlier canonical import did not carry the powertrain classification for this row."
vp-7c6691,Chevrolet,S-10,2.0 4MT,1 generation,1982,unspecified (Kaggle spec dataset),car,M1,,Pickup,,,,2,,,,,,,146.0,,,,,,,,,,1219.0,,,1602.0,,,454.0,inconsistent-triple,single,,,5.0,,,,,,,,,,,3122.0,,,,,,,,,,,4.0,,Manual,,,,,,,,12.4,9.4,11.2,,,,,,,,,2.685,,kaggle-spec,,https://doi.org/10.34740/kaggle/ds/2938279,,"Imported in bulk from the Kaggle Car Specification Dataset 1945-2020. Per-value provenance is the dataset as a whole, not a fetched page for this vehicle. Kaggle held 2 records for this make/model/year/trim; the first was taken."
vp-c0e12d,Mercedes-Benz,SL-Class,SL 500 AT,R129,1989,unspecified (Kaggle spec dataset),car,M1,,Roadster,,,,2,,,,,,,470.0,,,,,,,,,,1910.0,,,2230.0,,,320.0,ok,single,,,4.0,,,,,,,,,,,2515.0,,,,,,,,,,,5.0,,Automatic,,,,,250.0,6.5,,16.0,9.6,11.5,,,,,,,,,5.9688,,kaggle-spec,,https://doi.org/10.34740/kaggle/ds/2938279,,"Imported in bulk from the Kaggle Car Specification Dataset 1945-2020. Per-value provenance is the dataset as a whole, not a fetched page for this vehicle."
vp-d59892,Alfa Romeo,164,2.5 TD MT,1 generation,1987,unspecified (Kaggle spec dataset),car,M1,,Sedan,,,,2,,,,,,,258.0,,,,,,,,,,1320.0,,,1745.0,,,425.0,ok,single,,,5.0,,,,,,,,,,,2660.0,,,,,,,,,,,5.0,,Manual,,,,,200.0,10.0,,8.0,5.0,6.0,,,,,,,,,3.1059,,kaggle-spec,,https://doi.org/10.34740/kaggle/ds/2938279,,"Imported in bulk from the Kaggle Car Specification Dataset 1945-2020. Per-value provenance is the dataset as a whole, not a fetched page for this vehicle. Kaggle held 2 records for this make/model/year/trim; the first was taken."
vp-5ab833,Porsche,911,3.6 MT,964,1989,unspecified (Kaggle spec dataset),car,M1,,Targa,,,,2,,ICE,,Gasoline,,,310.0,,,,,,,,,,1350.0,,,1690.0,,,340.0,ok,single,,,2.0,,,,,,,,,,,2270.0,,,,,,,,,,,5.0,,Manual,,,,,260.0,5.7,,,,,,,,,,,,,3.9706,,kaggle-spec,,https://doi.org/10.34740/kaggle/ds/2938279,2026-09-22T13:55:59+00:00,"Imported in bulk from the Kaggle Car Specification Dataset 1945-2020. Per-value provenance is the dataset as a whole, not a fetched page for this vehicle.; Powertrain cleanup 2026-09-22T13:55:59+00:00: classified as ICE; energy carrier Gasoline. Basis: spark-ignition vehicle variant; no diesel/electric marker. The source dataset defines fuel_type, but the earlier canonical import did not carry the powertrain classification for this row."
vp-e03abb,Audi,200,2.1 AT 4WD,2 generation (C3),1983,unspecified (Kaggle spec dataset),car,M1,,,,,,2,,ICE,,Gasoline,,,252.0,,,,,,,,,,1410.0,,,1960.0,,,550.0,ok,single,,,5.0,,,,,,,,,,,2687.0,,,,,,,,,,,4.0,,Automatic,,,,,230.0,8.1,,14.2,7.1,,,,,,,,,,2.5636,,kaggle-spec,,https://doi.org/10.34740/kaggle/ds/2938279,2026-09-22T13:55:59+00:00,"Imported in bulk from the Kaggle Car Specification Dataset 1945-2020. Per-value provenance is the dataset as a whole, not a fetched page for this vehicle.; Powertrain cleanup 2026-09-22T13:55:59+00:00: classified as ICE; energy carrier Gasoline. Basis: spark-ignition vehicle variant; no diesel/electric marker. The source dataset defines fuel_type, but the earlier canonical import did not carry the powertrain classification for this row."
vp-5a8791,Audi,100,1.8 MT,S3,1982,unspecified (Kaggle spec dataset),car,M1,,Wagon,,,,2,,,,,,,138.0,,,,,,,,,,1130.0,,,1630.0,,,500.0,ok,single,,,5.0,,,,,,,,,,,2687.0,,,,,,,,,,,4.0,,Manual,,,,,163.0,15.7,,,,7.3,,,,,,,,,2.26,,kaggle-spec,,https://doi.org/10.34740/kaggle/ds/2938279,,"Imported in bulk from the Kaggle Car Specification Dataset 1945-2020. Per-value provenance is the dataset as a whole, not a fetched page for this vehicle. Kaggle held 4 records for this make/model/year/trim; the first was taken."
vp-1d679e,Alpina,B3,3.0 MT,E36,1993,unspecified (Kaggle spec dataset),car,M1,,Cabriolet,,,,2,,,,,,,320.0,,,,,,,,,,1450.0,,,1895.0,,,445.0,ok,single,,,4.0,,,,,,,,,,,2700.0,,,,,,,,,,,5.0,,Manual,,,,,250.0,6.0,,,,9.0,,,,,,,,,3.2584,,kaggle-spec,,https://doi.org/10.34740/kaggle/ds/2938279,,"Imported in bulk from the Kaggle Car Specification Dataset 1945-2020. Per-value provenance is the dataset as a whole, not a fetched page for this vehicle. Kaggle held 2 records for this make/model/year/trim; the first was taken."
vp-f8a6d9,Alfa Romeo,GTV,1.8 MT,916,1995,unspecified (Kaggle spec dataset),car,M1,,Coupe,,,,2,,ICE,,Gasoline,,,169.0,,,,,,,,,,1350.0,,,1600.0,,,250.0,ok,single,,,4.0,,,,,,,,,,,2540.0,,,,,,,,,,,5.0,,Manual,,,,,210.0,9.2,,12.9,6.5,,,,,,,,,,5.4,,kaggle-spec,,https://doi.org/10.34740/kaggle/ds/2938279,2026-09-22T13:55:59+00:00,"Imported in bulk from the Kaggle Car Specification Dataset 1945-2020. Per-value provenance is the dataset as a whole, not a fetched page for this vehicle.; Powertrain cleanup 2026-09-22T13:55:59+00:00: classified as ICE; energy carrier Gasoline. Basis: spark-ignition vehicle variant; no diesel/electric marker. The source dataset defines fuel_type, but the earlier canonical import did not carry the powertrain classification for this row."
vp-e5750e,Acura,SLX,3.5 AT,1 generation,1996,unspecified (Kaggle spec dataset),car,M1,,Crossover,,,,2,,,,,,,312.0,,,,,,,,,,2095.0,,,2500.0,,,405.0,ok,single,,,5.0,,,,,,,,,,,2760.0,,,,,,,,,,,4.0,,Automatic,,,,,175.0,9.0,,,,15.0,,,,,,,,,5.1728,,kaggle-spec,,https://doi.org/10.34740/kaggle/ds/2938279,,"Imported in bulk from the Kaggle Car Specification Dataset 1945-2020. Per-value provenance is the dataset as a whole, not a fetched page for this vehicle."
vp-9940da,Nissan,Cedric,3.0 AT,Y32,1991,unspecified (Kaggle spec dataset),car,M1,,hardtop,,,,2,,,,,,,260.0,,,,,,,,,,1610.0,,,1885.0,,,275.0,ok,single,,,5.0,,,,,,,,,,,2760.0,,,,,,,,,,,5.0,,Automatic,,,,,220.0,,,,,9.4,,,,,,,,,5.8545,,kaggle-spec,,https://doi.org/10.34740/kaggle/ds/2938279,,"Imported in bulk from the Kaggle Car Specification Dataset 1945-2020. Per-value provenance is the dataset as a whole, not a fetched page for this vehicle."
vp-8784b8,Alfa Romeo,145,1.6 MT,930,1994,unspecified (Kaggle spec dataset),car,M1,,Hatchback,,,,2,,,,,,,134.0,,,,,,,,,,1147.0,,,1670.0,,,523.0,ok,single,,,5.0,,,,,,,,,,,2540.0,,,,,,,,,,,5.0,,Manual,,,,,185.0,11.0,,10.7,6.3,8.1,,,,,,,,,2.1931,,kaggle-spec,,https://doi.org/10.34740/kaggle/ds/2938279,,"Imported in bulk from the Kaggle Car Specification Dataset 1945-2020. Per-value provenance is the dataset as a whole, not a fetched page for this vehicle. Kaggle held 2 records for this make/model/year/trim; the first was taken."
vp-0d8906,Alfa Romeo,146,1.6 MT,930,1994,unspecified (Kaggle spec dataset),car,M1,,Liftback,,,,2,,,,,,,134.0,,,,,,,,,,1175.0,,,1705.0,,,530.0,ok,single,,,5.0,,,,,,,,,,,2540.0,,,,,,,,,,,5.0,,Manual,,,,,187.0,11.5,,,,8.2,,,,,,,,,2.217,,kaggle-spec,,https://doi.org/10.34740/kaggle/ds/2938279,,"Imported in bulk from the Kaggle Car Specification Dataset 1945-2020. Per-value provenance is the dataset as a whole, not a fetched page for this vehicle. Kaggle held 2 records for this make/model/year/trim; the first was taken."
vp-697e1e,Chevrolet,Astro,4.3 AT 7 seat,2 generation,1995,unspecified (Kaggle spec dataset),car,M1,,Minivan,,,,2,,ICE,,Gasoline,,,339.0,,,,,,,,,,1960.0,,,2676.0,,,800.0,inconsistent-triple,single,,,5.0,,,,,,,,,,,2825.0,,,,,,,,,,,4.0,,Automatic,,,,,,,,,,,,,,,,,,,2.45,,kaggle-spec,,https://doi.org/10.34740/kaggle/ds/2938279,2026-09-22T13:55:59+00:00,"Imported in bulk from the Kaggle Car Specification Dataset 1945-2020. Per-value provenance is the dataset as a whole, not a fetched page for this vehicle.; Powertrain cleanup 2026-09-22T13:55:59+00:00: classified as ICE; energy carrier Gasoline. Basis: spark-ignition vehicle variant; no diesel/electric marker. The source dataset defines fuel_type, but the earlier canonical import did not carry the powertrain classification for this row."
vp-5bbbc4,Chevrolet,D20,4.0 TD MT,1 generation [redesign],1993,unspecified (Kaggle spec dataset),car,M1,,Pickup,,,,2,,ICE,,Diesel,,,375.0,,,,,,,,,,2285.0,,,3400.0,,,1115.0,ok,single,,,5.0,,,,,,,,,,,3230.0,,,,,,,,,,,5.0,,Manual,,,,,,,,,,,,,,,,,,,2.0493,,kaggle-spec,,https://doi.org/10.34740/kaggle/ds/2938279,2026-09-22T13:55:59+00:00,"Imported in bulk from the Kaggle Car Specification Dataset 1945-2020. Per-value provenance is the dataset as a whole, not a fetched page for this vehicle. Kaggle held 2 records for this make/model/year/trim; the first was taken.; Powertrain cleanup 2026-09-22T13:55:59+00:00: classified as ICE; energy carrier Diesel. Basis: explicit D/TD notation in source variant. The source dataset defines fuel_type, but the earlier canonical import did not carry the powertrain classification for this row."
vp-d32702,AC,Cobra,4.9 MT Lightweight,1 generation,1990,unspecified (Kaggle spec dataset),car,M1,,Roadster,,,,2,,ICE,,Gasoline,,,310.0,,,,,,,,,,1065.0,,,1153.0,,,,implausible-payload,single,,,2.0,,,,,,,,,,,2285.0,,,,,,,,,,,5.0,,Manual,,,,,225.0,5.0,,,,,,,,,,,,,,,kaggle-spec,,https://doi.org/10.34740/kaggle/ds/2938279,2026-09-22T13:55:59+00:00,"Imported in bulk from the Kaggle Car Specification Dataset 1945-2020. Per-value provenance is the dataset as a whole, not a fetched page for this vehicle.; Powertrain cleanup 2026-09-22T13:55:59+00:00: classified as ICE; energy carrier Gasoline. Basis: spark-ignition vehicle variant; no diesel/electric marker. The source dataset defines fuel_type, but the earlier canonical import did not carry the powertrain classification for this row."
vp-9da661,Acura,RL,3.5 AT,KA9,1999,unspecified (Kaggle spec dataset),car,M1,,Sedan,,,,2,,ICE,,Gasoline,,,297.0,,,,,,,,,,1625.0,,,2130.0,,,505.0,ok,single,,,5.0,,,,,,,,,,,2910.0,,,,,,,,,,,4.0,,Automatic,,,,,210.0,8.0,,12.0,9.0,,,,,,,,,,3.2178,,kaggle-spec,,https://doi.org/10.34740/kaggle/ds/2938279,2026-09-22T13:55:59+00:00,"Imported in bulk from the Kaggle Car Specification Dataset 1945-2020. Per-value provenance is the dataset as a whole, not a fetched page for this vehicle.; Powertrain cleanup 2026-09-22T13:55:59+00:00: classified as ICE; energy carrier Gasoline. Basis: spark-ignition vehicle variant; no diesel/electric marker. The source dataset defines fuel_type, but the earlier canonical import did not carry the powertrain classification for this row."
vp-fb2d68,Suzuki,Cappuccino,0.7 AT,1 generation,1991,unspecified (Kaggle spec dataset),car,M1,,Targa,,,,2,,,,,,,85.0,,,,,,,,,,725.0,,,895.0,,,170.0,ok,single,,,2.0,,,,,,,,,,,2060.0,,,,,,,,,,,3.0,,Automatic,,,,,136.0,8.0,,7.2,5.4,6.0,,,,,,,,,4.2647,,kaggle-spec,,https://doi.org/10.34740/kaggle/ds/2938279,,"Imported in bulk from the Kaggle Car Specification Dataset 1945-2020. Per-value provenance is the dataset as a whole, not a fetched page for this vehicle."
vp-23bb16,Audi,100,2.0 MT 4WD,4A/C4,1990,unspecified (Kaggle spec dataset),car,M1,,,,,,2,,,,,,,165.0,,,,,,,,,,1480.0,,,2030.0,,,550.0,ok,single,,,5.0,,,,,,,,,,,2685.0,,,,,,,,,,,5.0,,Manual,,,,,179.0,11.9,,11.9,7.3,8.5,,,,,,,,,2.6909,,kaggle-spec,,https://doi.org/10.34740/kaggle/ds/2938279,,"Imported in bulk from the Kaggle Car Specification Dataset 1945-2020. Per-value provenance is the dataset as a whole, not a fetched page for this vehicle."
vp-0f8bc5,Audi,100,2.0 AT,4A/C4,1990,unspecified (Kaggle spec dataset),car,M1,,Wagon,,,,2,,ICE,,Gasoline,,,168.0,,,,,,,,,,1349.0,,,1925.0,,,576.0,ok,single,,,5.0,,,,,,,,,,,2687.0,,,,,,,,,,,4.0,,Automatic,,,,,179.0,13.1,,12.1,,,,,,,,,,,2.342,,kaggle-spec,,https://doi.org/10.34740/kaggle/ds/2938279,2026-09-22T13:55:59+00:00,"Imported in bulk from the Kaggle Car Specification Dataset 1945-2020. Per-value provenance is the dataset as a whole, not a fetched page for this vehicle. Kaggle held 3 records for this make/model/year/trim; the first was taken.; Powertrain cleanup 2026-09-22T13:55:59+00:00: classified as ICE; energy carrier Gasoline. Basis: spark-ignition vehicle variant; no diesel/electric marker. The source dataset defines fuel_type, but the earlier canonical import did not carry the powertrain classification for this row."
vp-de9b97,Alpina,B6,4.4 AT,E63/E64,2007,unspecified (Kaggle spec dataset),car,M1,,Cabriolet,,,,2,,,,,,,725.0,,,,,,,,,,1930.0,,,2350.0,,,420.0,ok,single,,,4.0,,,,,,,,,,,2780.0,,,,,,,,,,,6.0,,Automatic,,,,,318.0,4.5,,18.9,9.3,12.8,,,,,,,,,4.5952,,kaggle-spec,,https://doi.org/10.34740/kaggle/ds/2938279,,"Imported in bulk from the Kaggle Car Specification Dataset 1945-2020. Per-value provenance is the dataset as a whole, not a fetched page for this vehicle. Kaggle held 2 records for this make/model/year/trim; the first was taken."
vp-65298b,Acura,NSX,3.2 MT,1 generation [redesign],2002,unspecified (Kaggle spec dataset),car,M1,,Coupe,,,,2,,,,,,,298.0,,,,,,,,,,1445.0,,,1610.0,,,,implausible-payload,single,,,2.0,,,,,,,,,,,2530.0,,,,,,,,,,,6.0,,Manual,,,,,270.0,5.0,,16.0,9.0,12.0,,,,,,308,,,,,kaggle-spec,,https://doi.org/10.34740/kaggle/ds/2938279,,"Imported in bulk from the Kaggle Car Specification Dataset 1945-2020. Per-value provenance is the dataset as a whole, not a fetched page for this vehicle."
vp-c1d838,Acura,MDX,3.5 AT 4WD,1 generation,2001,unspecified (Kaggle spec dataset),car,M1,,Crossover,,,,2,,,,,,,332.0,,,,,,,,,,1963.0,,,2580.0,,,617.0,ok,single,,,5.0,,,,,,,,,,,2700.0,,,,,,,,,,,5.0,,Automatic,,,,,190.0,8.7,,13.8,10.2,13.2,,,,,,311,,,3.1815,,kaggle-spec,,https://doi.org/10.34740/kaggle/ds/2938279,,"Imported in bulk from the Kaggle Car Specification Dataset 1945-2020. Per-value provenance is the dataset as a whole, not a fetched page for this vehicle. Kaggle held 2 records for this make/model/year/trim; the first was taken."
vp-5e7e3a,Citroen,C6,2.7 HDI AT,1 generation,2004,unspecified (Kaggle spec dataset),car,M1,,Fastback,,,,2,,,,,,,440.0,,,,,,,,,,1875.0,,,2335.0,,,460.0,ok,single,,,5.0,,,,,,,,,,,2900.0,,,,,,,,,,,6.0,,Automatic,,,,,230.0,8.9,,12.0,6.8,8.7,,,,,,,,,4.0761,,kaggle-spec,,https://doi.org/10.34740/kaggle/ds/2938279,,"Imported in bulk from the Kaggle Car Specification Dataset 1945-2020. Per-value provenance is the dataset as a whole, not a fetched page for this vehicle."
vp-8b6203,Alfa Romeo,147,1.6 MT,1 generation,2000,unspecified (Kaggle spec dataset),car,M1,,Hatchback,,,,2,,,,,,,140.0,,,,,,,,,,1190.0,,,1710.0,,,520.0,ok,single,,,5.0,,,,,,,,,,,2546.0,,,,,,,,,,,5.0,,Manual,,,,,185.0,11.3,,11.1,6.3,8.1,,,,,,,,,2.2885,,kaggle-spec,,https://doi.org/10.34740/kaggle/ds/2938279,,"Imported in bulk from the Kaggle Car Specification Dataset 1945-2020. Per-value provenance is the dataset as a whole, not a fetched page for this vehicle. Kaggle held 2 records for this make/model/year/trim; the first was taken."
vp-e82370,BMW,5 Series,530d Steptronic,F07/F10/F11,2009,unspecified (Kaggle spec dataset),car,M1,,Liftback,,,,2,,,,,,,540.0,,,,,,,,,,1960.0,,,2590.0,,,630.0,ok,single,,,5.0,,,,,,,,,,,3070.0,,,,,,,,,,,8.0,,Automatic,,,,,240.0,6.9,,8.1,5.6,6.5,,,,,,,,,3.1111,,kaggle-spec,,https://doi.org/10.34740/kaggle/ds/2938279,,"Imported in bulk from the Kaggle Car Specification Dataset 1945-2020. Per-value provenance is the dataset as a whole, not a fetched page for this vehicle. Kaggle held 6 records for this make/model/year/trim; the first was taken."
vp-741f2b,Chevrolet,Express,4.8 AT 2500,1 generation [redesign],2003,unspecified (Kaggle spec dataset),car,M1,,Minivan,,,,2,,,,,,,393.0,,,,,,,,,,2561.0,,,3901.0,,,1340.0,ok,single,,,,,,,,,,,,,,3429.0,,,,,,,,,,,4.0,,Automatic,,,,,182.0,11.8,,16.8,13.1,14.7,,,,,,,,,1.9112,,kaggle-spec,,https://doi.org/10.34740/kaggle/ds/2938279,,"Imported in bulk from the Kaggle Car Specification Dataset 1945-2020. Per-value provenance is the dataset as a whole, not a fetched page for this vehicle."
vp-584626,ChangFeng,Flying,2.2 MT,1 generation,2005,unspecified (Kaggle spec dataset),car,M1,,Pickup,,,,2,,ICE,,Gasoline,,,193.0,,,,,,,,,,1480.0,,,2305.0,,,500.0,inconsistent-triple,single,,,5.0,,,,,,,,,,,3025.0,,,,,,,,,,,5.0,,Manual,,,,,130.0,,,,7.5,,,,,,,,,,2.96,,kaggle-spec,,https://doi.org/10.34740/kaggle/ds/2938279,2026-09-22T13:55:59+00:00,"Imported in bulk from the Kaggle Car Specification Dataset 1945-2020. Per-value provenance is the dataset as a whole, not a fetched page for this vehicle.; Powertrain cleanup 2026-09-22T13:55:59+00:00: classified as ICE; energy carrier Gasoline. Basis: spark-ignition vehicle variant; no diesel/electric marker. The source dataset defines fuel_type, but the earlier canonical import did not carry the powertrain classification for this row."
vp-8a0f67,Alpina,Roadster V8,4.8 MT,E52,2002,unspecified (Kaggle spec dataset),car,M1,,Roadster,,,,2,,,,,,,520.0,,,,,,,,,,1615.0,,,1950.0,,,335.0,ok,single,,,2.0,,,,,,,,,,,2505.0,,,,,,,,,,,5.0,,Manual,,,,,260.0,5.3,,15.0,7.5,9.0,,,,,,,,,4.8209,,kaggle-spec,,https://doi.org/10.34740/kaggle/ds/2938279,,"Imported in bulk from the Kaggle Car Specification Dataset 1945-2020. Per-value provenance is the dataset as a whole, not a fetched page for this vehicle."
vp-061dc3,Acura,EL,1.7 MT,2 generation,2001,unspecified (Kaggle spec dataset),car,M1,,Sedan,,,,2,,ICE,,Gasoline,,,114.0,,,,,,,,,,1182.0,,,1560.0,,,378.0,ok,single,,,5.0,,,,,,,,,,,2620.0,,,,,,,,,,,5.0,,Manual,,,,,,,,7.8,6.1,,,,,,,,,,3.127,,kaggle-spec,,https://doi.org/10.34740/kaggle/ds/2938279,2026-09-22T13:55:59+00:00,"Imported in bulk from the Kaggle Car Specification Dataset 1945-2020. Per-value provenance is the dataset as a whole, not a fetched page for this vehicle.; Powertrain cleanup 2026-09-22T13:55:59+00:00: classified as ICE; energy carrier Gasoline. Basis: spark-ignition vehicle variant; no diesel/electric marker. The source dataset defines fuel_type, but the earlier canonical import did not carry the powertrain classification for this row."
vp-f55fe3,Opel,Speedster,2.0 Turbo MT,1 generation,2000,unspecified (Kaggle spec dataset),car,M1,,Targa,,,,2,,,,,,,250.0,,,,,,,,,,930.0,,,1150.0,,,220.0,ok,single,,,2.0,,,,,,,,,,,2330.0,,,,,,,,,,,5.0,,Manual,,,,,243.0,4.9,,11.9,6.5,8.5,,,,,,,,,4.2273,,kaggle-spec,,https://doi.org/10.34740/kaggle/ds/2938279,,"Imported in bulk from the Kaggle Car Specification Dataset 1945-2020. Per-value provenance is the dataset as a whole, not a fetched page for this vehicle."
vp-d1b8a7,Aston Martin,V8 Vantage,4.3 MT,3 generation,2005,unspecified (Kaggle spec dataset),car,M1,,,,,,2,,,,,,,410.0,,,,,,,,,,1630.0,,,1830.0,,,,implausible-payload,single,,,2.0,,,,,,,,,,,2600.0,,,,,,,,,,,6.0,,Manual,,,,,,5.0,,22.5,10.6,15.0,,,,,,,,,,,kaggle-spec,,https://doi.org/10.34740/kaggle/ds/2938279,,"Imported in bulk from the Kaggle Car Specification Dataset 1945-2020. Per-value provenance is the dataset as a whole, not a fetched page for this vehicle. Kaggle held 2 records for this make/model/year/trim; the first was taken."
vp-037c6f,Alpina,B3,3.0 Allrad AT,E90/91/92/93,2006,unspecified (Kaggle spec dataset),car,M1,,Wagon,,,,2,,,,,,,500.0,,,,,,,,,,1750.0,,,2200.0,,,540.0,inconsistent-triple,single,,,5.0,,,,,,,,,,,2760.0,,,,,,,,,,,6.0,,Automatic,,,,,278.0,5.0,,14.7,7.6,10.2,,,,,,,,,3.2407,,kaggle-spec,,https://doi.org/10.34740/kaggle/ds/2938279,,"Imported in bulk from the Kaggle Car Specification Dataset 1945-2020. Per-value provenance is the dataset as a whole, not a fetched page for this vehicle."
vp-a6917e,Audi,A3,1.4 TFSI MT,8V,2012,unspecified (Kaggle spec dataset),car,M1,,Cabriolet,,,,2,,,,,,,200.0,,,,,,,,,,1400.0,,,1845.0,,,425.0,ok,single,,,4.0,,,,,,,,,,,2595.0,,,,,,,,,,,6.0,,Manual,,,,,211.0,10.2,,6.7,4.5,5.3,,,,,,232,,,3.2941,,kaggle-spec,,https://doi.org/10.34740/kaggle/ds/2938279,,"Imported in bulk from the Kaggle Car Specification Dataset 1945-2020. Per-value provenance is the dataset as a whole, not a fetched page for this vehicle. Kaggle held 7 records for this make/model/year/trim; the first was taken."
vp-c37180,Alpina,B4,3.0 BITURBO SWITCH-TRONIC,F32/F33,2013,unspecified (Kaggle spec dataset),car,M1,,Coupe,,,,2,,,,,,,600.0,,,,,,,,,,1615.0,,,2135.0,,,520.0,ok,single,,,4.0,,,,,,,,,,,2810.0,,,,,,,,,,,8.0,,Automatic,,,,,303.0,4.2,,10.2,6.1,7.6,,,,,,,,,3.1058,,kaggle-spec,,https://doi.org/10.34740/kaggle/ds/2938279,,"Imported in bulk from the Kaggle Car Specification Dataset 1945-2020. Per-value provenance is the dataset as a whole, not a fetched page for this vehicle."
vp-04ab13,Acura,RDX,3.5 AT AWD,2 generation,2012,unspecified (Kaggle spec dataset),car,M1,,Crossover,,,,2,,,,,,,340.0,,,,,,,,,,1761.0,,,2260.0,,,499.0,ok,single,,,5.0,,,,,,,,,,,2885.0,,,,,,,,,,,6.0,,Automatic,,,,,210.0,7.9,,14.0,7.6,10.0,,,,,,,,,3.5291,,kaggle-spec,,https://doi.org/10.34740/kaggle/ds/2938279,,"Imported in bulk from the Kaggle Car Specification Dataset 1945-2020. Per-value provenance is the dataset as a whole, not a fetched page for this vehicle."
vp-6e77b1,Alfa Romeo,Giulietta,1.4 TB MultiAir MT,940,2010,unspecified (Kaggle spec dataset),car,M1,,Hatchback,,,,2,,,,,,,215.0,,,,,,,,,,1355.0,,,1795.0,,,430.0,ok,single,,,5.0,,,,,,,,,,,2634.0,,,,,,,,,,,6.0,,Manual,,,,,195.0,9.4,,,,6.4,,,,,,,,,3.1512,,kaggle-spec,,https://doi.org/10.34740/kaggle/ds/2938279,,"Imported in bulk from the Kaggle Car Specification Dataset 1945-2020. Per-value provenance is the dataset as a whole, not a fetched page for this vehicle. Kaggle held 2 records for this make/model/year/trim; the first was taken."
vp-0bcd11,Audi,A7,2.8 FSI S tronic quattro,4G,2010,unspecified (Kaggle spec dataset),car,M1,,Liftback,,,,2,,,,,,,280.0,,,,,,,,,,1805.0,,,2270.0,,,465.0,ok,single,,,5.0,,,,,,,,,,,2914.0,,,,,,,,,,,7.0,,robot,,,,,235.0,8.3,,10.7,6.5,8.0,,,,,,,,,3.8817,,kaggle-spec,,https://doi.org/10.34740/kaggle/ds/2938279,,"Imported in bulk from the Kaggle Car Specification Dataset 1945-2020. Per-value provenance is the dataset as a whole, not a fetched page for this vehicle."
vp-90734d,BMW,2 Series Active Tourer,216d MT,F45,2014,unspecified (Kaggle spec dataset),car,M1,,Minivan,,,,2,,,,,,,270.0,,,,,,,,,,1365.0,,,1905.0,,,515.0,ok,single,,,5.0,,,,,,,,,,,2670.0,,,,,,,,,,,6.0,,Manual,,,,,195.0,10.6,,4.4,3.4,3.8,,,,,,,,,2.6505,,kaggle-spec,,https://doi.org/10.34740/kaggle/ds/2938279,,"Imported in bulk from the Kaggle Car Specification Dataset 1945-2020. Per-value provenance is the dataset as a whole, not a fetched page for this vehicle."
vp-d6edc8,Chevrolet,Montana,1.4 MT,2 generation,2010,unspecified (Kaggle spec dataset),car,M1,,Pickup,,,,2,,ICE,,Gasoline,,,129.0,,,,,,,,,,1092.0,,,1850.0,,,758.0,ok,single,,,2.0,,,,,,,,,,,2669.0,,,,,,,,,,,5.0,,Manual,,,,,178.0,,,,,,,,,,,,,,1.4406,,kaggle-spec,,https://doi.org/10.34740/kaggle/ds/2938279,2026-09-22T13:55:59+00:00,"Imported in bulk from the Kaggle Car Specification Dataset 1945-2020. Per-value provenance is the dataset as a whole, not a fetched page for this vehicle.; Powertrain cleanup 2026-09-22T13:55:59+00:00: classified as ICE; energy carrier Gasoline. Basis: 1.4 gasoline calibration represented by this source row. The source dataset defines fuel_type, but the earlier canonical import did not carry the powertrain classification for this row."
vp-d5a80f,Audi,R8,5.2 FSI quattro S tronic,2 generation,2015,unspecified (Kaggle spec dataset),car,M1,,Roadster,,,,2,,,,,,,541.0,,,,,,,,,,1720.0,,,2020.0,,,300.0,ok,single,,,2.0,,,,,,,,,,,2650.0,,,,,,,,,,,7.0,,robot,,,,,318.0,3.6,,16.6,8.7,11.7,,,,,,377,,,5.7333,,kaggle-spec,,https://doi.org/10.34740/kaggle/ds/2938279,,"Imported in bulk from the Kaggle Car Specification Dataset 1945-2020. Per-value provenance is the dataset as a whole, not a fetched page for this vehicle."
vp-93e24e,Alfa Romeo,Giulia,2.0 AT Q4,952,2016,unspecified (Kaggle spec dataset),car,M1,,Sedan,,,,2,,,,,,,400.0,,,,,,,,,,1605.0,,,2105.0,,,500.0,ok,single,,,,,,,,,,,,,,2820.0,,,,,,,,,,,8.0,,Automatic,,,,,240.0,5.2,,8.9,4.9,6.4,,,,,,,,,3.21,,kaggle-spec,,https://doi.org/10.34740/kaggle/ds/2938279,,"Imported in bulk from the Kaggle Car Specification Dataset 1945-2020. Per-value provenance is the dataset as a whole, not a fetched page for this vehicle."
vp-1596d3,Alfa Romeo,MiTo,1.4 AMT,955 [2th redesign],2016,unspecified (Kaggle spec dataset),car,M1,,,,,,2,,,,,,,206.0,,,,,,,,,,1170.0,,,1600.0,,,430.0,ok,single,,,,,,,,,,,,,,2511.0,,,,,,,,,,,6.0,,robot,,,,,207.0,8.2,,7.3,4.5,5.5,,,,,,,,,2.7209,,kaggle-spec,,https://doi.org/10.34740/kaggle/ds/2938279,,"Imported in bulk from the Kaggle Car Specification Dataset 1945-2020. Per-value provenance is the dataset as a whole, not a fetched page for this vehicle. Kaggle held 3 records for this make/model/year/trim; the first was taken."
vp-d9cf9d,Audi,A4,2.0 TDI MT quattro,B8/8K [redesign],2011,unspecified (Kaggle spec dataset),car,M1,,Wagon,,,,2,,,,,,,320.0,,,,,,,,,,1705.0,,,2200.0,,,495.0,ok,single,,,5.0,,,,,,,,,,,2805.0,,,,,,,,,,,6.0,,Manual,,,,,200.0,9.7,,6.9,5.2,5.8,,,,,,209,,,3.4444,,kaggle-spec,,https://doi.org/10.34740/kaggle/ds/2938279,,"Imported in bulk from the Kaggle Car Specification Dataset 1945-2020. Per-value provenance is the dataset as a whole, not a fetched page for this vehicle. Kaggle held 9 records for this make/model/year/trim; the first was taken."
vp-deab07,Audi,A3,1.5 MT,4 generation (8Y),2020,unspecified (Kaggle spec dataset),car,M1,,,,,,2,,,,,,,250.0,,,,,,,,,,1280.0,,,1830.0,,,550.0,ok,single,,,5.0,,,,,,,,,,,2636.0,,,,,,,,,,,6.0,,Manual,,,,,224.0,8.4,,6.3,4.3,5.1,,,,,,182,,,2.3273,,kaggle-spec,,https://doi.org/10.34740/kaggle/ds/2938279,,"Imported in bulk from the Kaggle Car Specification Dataset 1945-2020. Per-value provenance is the dataset as a whole, not a fetched page for this vehicle. Kaggle held 2 records for this make/model/year/trim; the first was taken."
vp-e348be,Volkswagen,Beetle,1.6 MT,1 generation,,unspecified (Kaggle spec dataset),car,M1,,,,,,2,,,,,,,145.0,,,,,,,,,,1205.0,,,1630.0,,,425.0,ok,single,,,4.0,,,,,,,,,,,2508.0,,,,,,,,,,,5.0,,Manual,,,,,178.0,11.0,,11.1,6.3,7.5,,,,,,,,,2.8353,,kaggle-spec,,https://doi.org/10.34740/kaggle/ds/2938279,,"Imported in bulk from the Kaggle Car Specification Dataset 1945-2020. Per-value provenance is the dataset as a whole, not a fetched page for this vehicle. Kaggle held 2 records for this make/model/year/trim; the first was taken."
vp-f3093f,Chevrolet,Suburban,3.9 4MT Synchro-mesh,5 generation,1955,unspecified (Kaggle spec dataset),car,M1,,Crossover,,,,2,,ICE,,Gasoline,,,294.0,,,,,,,,,,1810.0,,,2268.0,,,431.0,inconsistent-triple,single,,,8.0,,,,,,,,,,,2896.0,,,,,,,,,,,4.0,,Manual,,,,,,,,,,,,,,,,,,,4.1995,,kaggle-spec,,https://doi.org/10.34740/kaggle/ds/2938279,2026-09-22T13:55:59+00:00,"Imported in bulk from the Kaggle Car Specification Dataset 1945-2020. Per-value provenance is the dataset as a whole, not a fetched page for this vehicle. Kaggle held 3 records for this make/model/year/trim; the first was taken.; Powertrain cleanup 2026-09-22T13:55:59+00:00: classified as ICE; energy carrier Gasoline. Basis: spark-ignition vehicle variant; no diesel/electric marker. The source dataset defines fuel_type, but the earlier canonical import did not carry the powertrain classification for this row."
vp-2a9ccc,Volkswagen,Transporter,1.5 MT,T1,1950,unspecified (Kaggle spec dataset),car,M1,,Minivan,,,,2,,,,,,,95.0,,,,,,,,,,1150.0,,,1900.0,,,750.0,ok,single,,,8.0,,,,,,,,,,,2400.0,,,,,,,,,,,4.0,,Manual,,,,,105.0,,,,,9.7,,,,,,,,,1.5333,,kaggle-spec,,https://doi.org/10.34740/kaggle/ds/2938279,,"Imported in bulk from the Kaggle Car Specification Dataset 1945-2020. Per-value provenance is the dataset as a whole, not a fetched page for this vehicle. Kaggle held 4 records for this make/model/year/trim; the first was taken."
vp-0ad162,Chevrolet,El Camino,3.9 Synchromesh 4400,1 generation,1959,unspecified (Kaggle spec dataset),car,M1,,Pickup,,,,2,,ICE,,Gasoline,,,294.0,,,,,,,,,,1692.0,,,1996.0,,,295.0,ok,single,,,3.0,,,,,,,,,,,3023.0,,,,,,,,,,,3.0,,Manual,,,,,,,,,,,,,,,,,,,5.7356,,kaggle-spec,,https://doi.org/10.34740/kaggle/ds/2938279,2026-09-22T13:55:59+00:00,"Imported in bulk from the Kaggle Car Specification Dataset 1945-2020. Per-value provenance is the dataset as a whole, not a fetched page for this vehicle.; Powertrain cleanup 2026-09-22T13:55:59+00:00: classified as ICE; energy carrier Gasoline. Basis: spark-ignition vehicle variant; no diesel/electric marker. The source dataset defines fuel_type, but the earlier canonical import did not carry the powertrain classification for this row."
vp-afdb14,Moskvich,401,1.1 MT,1 generation,1954,unspecified (Kaggle spec dataset),car,M1,,Sedan,,,,2,,,,,,,58.0,,,,,,,,,,780.0,,,1155.0,,,375.0,ok,single,,,4.0,,,,,,,,,,,2340.0,,,,,,,,,,,3.0,,Manual,,,,,90.0,,,,,9.0,,,,,,,,,2.08,,kaggle-spec,,https://doi.org/10.34740/kaggle/ds/2938279,,"Imported in bulk from the Kaggle Car Specification Dataset 1945-2020. Per-value provenance is the dataset as a whole, not a fetched page for this vehicle."
vp-4e9dfc,GAZ,21 Volga,21L 2.5 MT,1 generation,1956,unspecified (Kaggle spec dataset),car,M1,,,,,,2,,,,,,,170.0,,,,,,,,,,1460.0,,,1885.0,,,425.0,ok,single,,,5.0,,,,,,,,,,,2700.0,,,,,,,,,,,3.0,,Manual,,,,,120.0,,,,,9.0,,,,,,,,,3.4353,,kaggle-spec,,https://doi.org/10.34740/kaggle/ds/2938279,,"Imported in bulk from the Kaggle Car Specification Dataset 1945-2020. Per-value provenance is the dataset as a whole, not a fetched page for this vehicle."
vp-f36dfe,Chevrolet,Chevelle,3.2 MT,1 generation,1964,unspecified (Kaggle spec dataset),car,M1,,Cabriolet,,,,2,,,,,,,240.0,,,,,,,,,,1420.0,,,1767.0,,,347.0,ok,single,,,5.0,,,,,,,,,,,2921.0,,,,,,,,,,,3.0,,Manual,,,,,151.0,15.8,,16.0,11.0,14.3,,,,,,,,,4.0922,,kaggle-spec,,https://doi.org/10.34740/kaggle/ds/2938279,,"Imported in bulk from the Kaggle Car Specification Dataset 1945-2020. Per-value provenance is the dataset as a whole, not a fetched page for this vehicle. Kaggle held 2 records for this make/model/year/trim; the first was taken."
vp-8bb6b5,Alfa Romeo,Giulia,1300 GTA Junior MT,105,1962,unspecified (Kaggle spec dataset),car,M1,,Coupe,,,,2,,,,,,,110.0,,,,,,,,,,850.0,,,1140.0,,,290.0,ok,single,,,4.0,,,,,,,,,,,2350.0,,,,,,,,,,,5.0,,Manual,,,,,175.0,,,,,9.8,,,,,,,,,2.931,,kaggle-spec,,https://doi.org/10.34740/kaggle/ds/2938279,,"Imported in bulk from the Kaggle Car Specification Dataset 1945-2020. Per-value provenance is the dataset as a whole, not a fetched page for this vehicle."
vp-d31c20,Chevrolet,Suburban,3.9 4MT Synchro-mesh,6 generation,1960,unspecified (Kaggle spec dataset),car,M1,,Crossover,,,,2,,ICE,,Gasoline,,,294.0,,,,,,,,,,1745.0,,,2359.0,,,590.0,ok,single,,,8.0,,,,,,,,,,,2921.0,,,,,,,,,,,4.0,,Manual,,,,,,,,,,,,,,,,,,,2.9576,,kaggle-spec,,https://doi.org/10.34740/kaggle/ds/2938279,2026-09-22T13:55:59+00:00,"Imported in bulk from the Kaggle Car Specification Dataset 1945-2020. Per-value provenance is the dataset as a whole, not a fetched page for this vehicle.; Powertrain cleanup 2026-09-22T13:55:59+00:00: classified as ICE; energy carrier Gasoline. Basis: spark-ignition vehicle variant; no diesel/electric marker. The source dataset defines fuel_type, but the earlier canonical import did not carry the powertrain classification for this row."
vp-d2b760,Chevrolet,Van,3.8 MT,1 generation,1965,unspecified (Kaggle spec dataset),car,M1,,Minivan,,,,2,,ICE,,Gasoline,,,271.0,,,,,,,,,,1400.0,,,1769.0,,,369.0,ok,single,,,5.0,,,,,,,,,,,2286.0,,,,,,,,,,,3.0,,Manual,,,,,,,,,,,,,,,,,,,3.794,,kaggle-spec,,https://doi.org/10.34740/kaggle/ds/2938279,2026-09-22T13:55:59+00:00,"Imported in bulk from the Kaggle Car Specification Dataset 1945-2020. Per-value provenance is the dataset as a whole, not a fetched page for this vehicle.; Powertrain cleanup 2026-09-22T13:55:59+00:00: classified as ICE; energy carrier Gasoline. Basis: spark-ignition vehicle variant; no diesel/electric marker. The source dataset defines fuel_type, but the earlier canonical import did not carry the powertrain classification for this row."
vp-da6e96,Chevrolet,El Camino,3.9 Synchromesh 4400,1 generation [redesign],1960,unspecified (Kaggle spec dataset),car,M1,,Pickup,,,,2,,ICE,,Gasoline,,,294.0,,,,,,,,,,1671.0,,,1996.0,,,320.0,ok,single,,,3.0,,,,,,,,,,,3023.0,,,,,,,,,,,3.0,,Manual,,,,,,,,,,,,,,,,,,,5.2219,,kaggle-spec,,https://doi.org/10.34740/kaggle/ds/2938279,2026-09-22T13:55:59+00:00,"Imported in bulk from the Kaggle Car Specification Dataset 1945-2020. Per-value provenance is the dataset as a whole, not a fetched page for this vehicle.; Powertrain cleanup 2026-09-22T13:55:59+00:00: classified as ICE; energy carrier Gasoline. Basis: spark-ignition vehicle variant; no diesel/electric marker. The source dataset defines fuel_type, but the earlier canonical import did not carry the powertrain classification for this row."
vp-a31a9b,Alfa Romeo,Giulia,1300 Nuova Super MT,105,1962,unspecified (Kaggle spec dataset),car,M1,,Sedan,,,,2,,ICE,,Gasoline,,,118.0,,,,,,,,,,1010.0,,,1410.0,,,400.0,ok,single,,,5.0,,,,,,,,,,,2510.0,,,,,,,,,,,5.0,,Manual,,,,,165.0,13.2,,,,,,,,,,,,,2.525,,kaggle-spec,,https://doi.org/10.34740/kaggle/ds/2938279,2026-09-22T13:55:59+00:00,"Imported in bulk from the Kaggle Car Specification Dataset 1945-2020. Per-value provenance is the dataset as a whole, not a fetched page for this vehicle.; Powertrain cleanup 2026-09-22T13:55:59+00:00: classified as ICE; energy carrier Gasoline. Basis: spark-ignition vehicle variant; no diesel/electric marker. The source dataset defines fuel_type, but the earlier canonical import did not carry the powertrain classification for this row."
vp-15fe85,Renault,4,1.0 MT,1 generation,1962,unspecified (Kaggle spec dataset),car,M1,,,,,,2,,ICE,,Gasoline,,,64.0,,,,,,,,,,695.0,,,1030.0,,,335.0,ok,single,,,5.0,,,,,,,,,,,2440.0,,,,,,,,,,,4.0,,Manual,,,,,118.0,,,7.1,6.0,,,,,,,,,,2.0746,,kaggle-spec,,https://doi.org/10.34740/kaggle/ds/2938279,2026-09-22T13:55:59+00:00,"Imported in bulk from the Kaggle Car Specification Dataset 1945-2020. Per-value provenance is the dataset as a whole, not a fetched page for this vehicle.; Powertrain cleanup 2026-09-22T13:55:59+00:00: classified as ICE; energy carrier Gasoline. Basis: spark-ignition vehicle variant; no diesel/electric marker. The source dataset defines fuel_type, but the earlier canonical import did not carry the powertrain classification for this row."
vp-08f29b,Volvo,XC60,B5 (P) AWD Automatic Core,2027,2027.0,UK,car,M1,SUV,SUV,4x4,AWD,AWD,2.0,2.0,Hybrid,B5 petrol mild hybrid AWD,Gasoline,1969.0,184.0,360.0,,,,,,,,,,1900.0,1835.0,,2450.0,,,550.0,ok,single,,,5.0,2400.0,4708.0,,,,,,1660.0,,,2865.0,,,,,235/60R18,,,4.0,,,,,automatic,,,,,180.2,6.9,,,,,,,,,,,,,3.4545,96.84,brochure,Volvo_XC60_MY27_Edition_2_Price_List.pdf,,2026-09-22T11:41:30+00:00,"MY27 Edition 2, Core trim. Page 4 specifies 18-inch wheels with 235/60 summer tyres; page 15 gives power, masses, towing, dimensions and performance. Width in the brochure is stated only with extended/folded exterior mirrors, so width_mm is left blank. The q pair uses the manufacturer's 'running order' mass, which closes exactly with max payload and max total weight; minimum kerb mass is preserved separately in curb_mass_kg_min."
vp-0d9082,Ford,Transit Passenger Van,"T-350 PFDI V6, 15-seat, high roof, Long, RWD",2025 Transit,2025.0,US,bus,M2,Passenger Van,passenger van,4x2,RWD,RWD,2.0,1.0,ICE,3.5L PFDI naturally aspirated V6,Gasoline,3500.0,205.1,352.5,,,,,,,,,,2905.3,,,4309.1,,,1403.9,ok,single,,,15.0,,5981.7,,,2065.0,,,2758.4,,,3749.0,,,,,235/65R16C 121/119R,,,4.0,,4.696;2.985;2.146;1.769;1.520;1.275;1.100;0.854;0.689;0.636,10.0,,10-speed automatic,,,,,,,,,,,,,,,,,,,2.0694,70.6,brochure,2025 Ford Transit Technical Specifications.pdf,,2026-09-22T14:17:09+00:00,"Official Ford 2025 Transit technical specification. Passenger-van payload table: 9,500 lb GVWR and 3,095 lb max payload; curb/running mass is derived as GVWR - payload (6,405 lb), consistent with Ford's base-curb table to rounding. Pages 1-2 provide engine and 10-speed gearbox data; page 4 dimensions; pages 8-9 passenger-van payloads. Ford specifies 16-inch wheels in this document but not a tyre size/service description, so tyre_code is intentionally blank. 2025 Ford order guide states 235/65R16C 121/119 R for SRW Passenger Van configurations. The separate T-350HD DRW row is deliberately left unresolved because Ford lists configuration-dependent DRW sizes. Tyre evidence: manufacturer-model-year-configuration; https://www.fromtheroad.ford.com/content/dam/fordmediasite/us/en/library/2025/order-guides/2025_Ford_Transit_Order_Guide.pdf; locator: Tires – Single Rear Wheel (SRW), Passenger Van; secondary: https://www.ford.com/trucks/transit-passenger-van-wagon/gallery/"
vp-36ba82,Ford,Transit Passenger Van,"T-350 EcoBoost V6, 12-seat, high roof, Long, RWD",2025 Transit,2025.0,US,bus,M2,Passenger Van,passenger van,4x2,RWD,RWD,2.0,1.0,ICE,3.5L EcoBoost twin-turbo V6,Gasoline,3500.0,231.2,542.3,,,,,,,,,,2895.7,,,4195.7,,,1300.0,ok,single,,,12.0,,5981.7,,,2065.0,,,2758.4,,,3749.0,,,,,235/65R16C 121/119R,,,4.0,,4.696;2.985;2.146;1.769;1.520;1.275;1.100;0.854;0.689;0.636,10.0,,10-speed automatic,,,,,,,,,,,,,,,,,,,2.2275,79.84,brochure,2025 Ford Transit Technical Specifications.pdf,,2026-09-22T14:17:09+00:00,"Official Ford 2025 Transit technical specification. Passenger-van payload table: 9,250 lb GVWR and 2,866 lb max payload; curb/running mass is derived as GVWR - payload (6,384 lb), consistent with Ford's base-curb table to rounding. Pages 1-2 provide engine and 10-speed gearbox data; page 4 dimensions; pages 8-9 passenger-van payloads. Ford specifies 16-inch wheels in this document but not a tyre size/service description, so tyre_code is intentionally blank. 2025 Ford order guide states 235/65R16C 121/119 R for SRW Passenger Van configurations. The separate T-350HD DRW row is deliberately left unresolved because Ford lists configuration-dependent DRW sizes. Tyre evidence: manufacturer-model-year-configuration; https://www.fromtheroad.ford.com/content/dam/fordmediasite/us/en/library/2025/order-guides/2025_Ford_Transit_Order_Guide.pdf; locator: Tires – Single Rear Wheel (SRW), Passenger Van; secondary: https://www.ford.com/trucks/transit-passenger-van-wagon/gallery/"
vp-540d01,Ford,Transit Passenger Van,"T-350 EcoBoost V6, 12-seat, low roof, Long, RWD",2025 Transit,2025.0,US,bus,M2,Passenger Van,passenger van,4x2,RWD,RWD,2.0,1.0,ICE,3.5L EcoBoost twin-turbo V6,Gasoline,3500.0,231.2,542.3,,,,,,,,,,2771.0,,,4195.7,,,1424.7,ok,single,,,12.0,,6035.0,,,2065.0,,,2093.0,,,3749.0,,,,,235/65R16C 121/119R,,,4.0,,4.696;2.985;2.146;1.769;1.520;1.275;1.100;0.854;0.689;0.636,10.0,,10-speed automatic,,,,,,,,,,,,,,,,,,,1.945,83.44,brochure,2025 Ford Transit Technical Specifications.pdf,,2026-09-22T14:17:09+00:00,"Official Ford 2025 Transit technical specification. Passenger-van payload table: 9,250 lb GVWR and 3,141 lb max payload; curb/running mass is derived as GVWR - payload (6,109 lb), consistent with Ford's base-curb table to rounding. Pages 1-2 provide engine and 10-speed gearbox data; page 4 dimensions; pages 8-9 passenger-van payloads. Ford specifies 16-inch wheels in this document but not a tyre size/service description, so tyre_code is intentionally blank. 2025 Ford order guide states 235/65R16C 121/119 R for SRW Passenger Van configurations. The separate T-350HD DRW row is deliberately left unresolved because Ford lists configuration-dependent DRW sizes. Tyre evidence: manufacturer-model-year-configuration; https://www.fromtheroad.ford.com/content/dam/fordmediasite/us/en/library/2025/order-guides/2025_Ford_Transit_Order_Guide.pdf; locator: Tires – Single Rear Wheel (SRW), Passenger Van; secondary: https://www.ford.com/trucks/transit-passenger-van-wagon/gallery/"
vp-78ca54,Ford,Transit Passenger Van,"T-350 EcoBoost V6, 12-seat, low roof, Long, AWD",2025 Transit,2025.0,US,bus,M2,Passenger Van,passenger van,4x4,AWD,AWD,2.0,2.0,ICE,3.5L EcoBoost twin-turbo V6,Gasoline,3500.0,231.2,542.3,,,,,,,,,,2863.5,,,4195.7,,,1332.2,ok,single,,,12.0,,6035.0,,,2065.0,,,2093.0,,,3749.0,,,,,235/65R16C 121/119R,,,4.0,,4.696;2.985;2.146;1.769;1.520;1.275;1.100;0.854;0.689;0.636,10.0,,10-speed automatic,,,,,,,,,,,,,,,,,,,2.1495,80.74,brochure,2025 Ford Transit Technical Specifications.pdf,,2026-09-22T14:17:09+00:00,"Official Ford 2025 Transit technical specification. Passenger-van payload table: 9,250 lb GVWR and 2,937 lb max payload; curb/running mass is derived as GVWR - payload (6,313 lb), consistent with Ford's base-curb table to rounding. Pages 1-2 provide engine and 10-speed gearbox data; page 4 dimensions; pages 8-9 passenger-van payloads. Ford specifies 16-inch wheels in this document but not a tyre size/service description, so tyre_code is intentionally blank. 2025 Ford order guide states 235/65R16C 121/119 R for SRW Passenger Van configurations. The separate T-350HD DRW row is deliberately left unresolved because Ford lists configuration-dependent DRW sizes. Tyre evidence: manufacturer-model-year-configuration; https://www.fromtheroad.ford.com/content/dam/fordmediasite/us/en/library/2025/order-guides/2025_Ford_Transit_Order_Guide.pdf; locator: Tires – Single Rear Wheel (SRW), Passenger Van; secondary: https://www.ford.com/trucks/transit-passenger-van-wagon/gallery/"
vp-ac398a,Ford,Transit Passenger Van,"T-350 PFDI V6, 15-seat, low roof, Long, RWD",2025 Transit,2025.0,US,bus,M2,Passenger Van,passenger van,4x2,RWD,RWD,2.0,1.0,ICE,3.5L PFDI naturally aspirated V6,Gasoline,3500.0,205.1,352.5,,,,,,,,,,2768.7,,,4263.8,,,1495.0,ok,single,,,15.0,,6035.0,,,2065.0,,,2093.0,,,3749.0,,,,,235/65R16C 121/119R,,,4.0,,4.696;2.985;2.146;1.769;1.520;1.275;1.100;0.854;0.689;0.636,10.0,,10-speed automatic,,,,,,,,,,,,,,,,,,,1.852,74.08,brochure,2025 Ford Transit Technical Specifications.pdf,,2026-09-22T14:17:09+00:00,"Official Ford 2025 Transit technical specification. Passenger-van payload table: 9,400 lb GVWR and 3,296 lb max payload; curb/running mass is derived as GVWR - payload (6,104 lb), consistent with Ford's base-curb table to rounding. Pages 1-2 provide engine and 10-speed gearbox data; page 4 dimensions; pages 8-9 passenger-van payloads. Ford specifies 16-inch wheels in this document but not a tyre size/service description, so tyre_code is intentionally blank. 2025 Ford order guide states 235/65R16C 121/119 R for SRW Passenger Van configurations. The separate T-350HD DRW row is deliberately left unresolved because Ford lists configuration-dependent DRW sizes. Tyre evidence: manufacturer-model-year-configuration; https://www.fromtheroad.ford.com/content/dam/fordmediasite/us/en/library/2025/order-guides/2025_Ford_Transit_Order_Guide.pdf; locator: Tires – Single Rear Wheel (SRW), Passenger Van; secondary: https://www.ford.com/trucks/transit-passenger-van-wagon/gallery/"
vp-c628f3,Ford,Transit Passenger Van,"T-350HD DRW PFDI V6, 15-seat, high roof, Long-EL, RWD",2025 Transit,2025.0,US,bus,M2,Passenger Van,passenger van,4x2,RWD,RWD,2.0,1.0,ICE,3.5L PFDI naturally aspirated V6,Gasoline,3500.0,205.1,352.5,,,,,,,,,,3154.3,,,4581.3,,,1427.0,ok,single,,,15.0,,6703.1,,,2065.0,,,2735.6,,,3759.2,,,,,195/75R16C 107/105R,,,6.0,,4.696;2.985;2.146;1.769;1.520;1.275;1.100;0.854;0.689;0.636,10.0,,10-speed automatic,,,,,,,,,,,,,,,,,,,2.2104,65.02,brochure,2025 Ford Transit Technical Specifications.pdf,,2026-09-22T14:44:07+00:00,"Official Ford 2025 Transit technical specification. Passenger-van payload table: 10,100 lb GVWR and 3,146 lb max payload; curb/running mass is derived as GVWR - payload (6,954 lb), consistent with Ford's base-curb table to rounding. Pages 1-2 provide engine and 10-speed gearbox data; page 4 dimensions; pages 8-9 passenger-van payloads. Ford specifies 16-inch wheels in this document but not a tyre size/service description, so tyre_code is intentionally blank. T-350HD DRW Passenger Van U4X with the 3.5L PFDI V6 is RWD with the Standard Front Axle in the 2025 order guide. Ford specifies 195/75R16C 107/105R for RWD DRW with the Standard Front Axle. This resolves the configuration ambiguity that caused the previous patch to leave this row blank. Tyre evidence: manufacturer-model-year-exact-configuration; https://www.fromtheroad.ford.com/content/dam/fordmediasite/us/en/library/2025/order-guides/2025_Ford_Transit_Order_Guide.pdf; locator: 2025 Transit order guide: DRW tyres + Passenger Van U4X front-axle availability"
vp-cdf3c7,Ford,Transit Passenger Van,"T-350 EcoBoost V6, 15-seat, medium roof, Long, RWD",2025 Transit,2025.0,US,bus,M2,Passenger Van,passenger van,4x2,RWD,RWD,2.0,1.0,ICE,3.5L EcoBoost twin-turbo V6,Gasoline,3500.0,231.2,542.3,,,,,,,,,,2859.4,,,4263.8,,,1404.3,ok,single,,,15.0,,5981.7,,,2065.0,,,2519.7,,,3749.0,,,,,235/65R16C 121/119R,,,4.0,,4.696;2.985;2.146;1.769;1.520;1.275;1.100;0.854;0.689;0.636,10.0,,10-speed automatic,,,,,,,,,,,,,,,,,,,2.0362,80.86,brochure,2025 Ford Transit Technical Specifications.pdf,,2026-09-22T14:17:09+00:00,"Official Ford 2025 Transit technical specification. Passenger-van payload table: 9,400 lb GVWR and 3,096 lb max payload; curb/running mass is derived as GVWR - payload (6,304 lb), consistent with Ford's base-curb table to rounding. Pages 1-2 provide engine and 10-speed gearbox data; page 4 dimensions; pages 8-9 passenger-van payloads. Ford specifies 16-inch wheels in this document but not a tyre size/service description, so tyre_code is intentionally blank. 2025 Ford order guide states 235/65R16C 121/119 R for SRW Passenger Van configurations. The separate T-350HD DRW row is deliberately left unresolved because Ford lists configuration-dependent DRW sizes. Tyre evidence: manufacturer-model-year-configuration; https://www.fromtheroad.ford.com/content/dam/fordmediasite/us/en/library/2025/order-guides/2025_Ford_Transit_Order_Guide.pdf; locator: Tires – Single Rear Wheel (SRW), Passenger Van; secondary: https://www.ford.com/trucks/transit-passenger-van-wagon/gallery/"
vp-d9f681,Volvo,XC90,B5 (P) AWD Automatic Core,2025,2025.0,UK,car,M1,SUV,SUV,4x4,AWD,AWD,2.0,2.0,Hybrid,B5 petrol mild hybrid AWD,Gasoline,1969.0,184.0,360.0,,,,,,,,,,2080.0,2015.0,,2790.0,,,710.0,ok,single,,,7.0,2400.0,4953.0,,,,,,1776.0,,,2984.0,,,,,235/55R19,,,4.0,,,,,automatic,,,,,180.2,7.7,,,,,,,,,,,,,2.9296,88.46,brochure,XC90_2025_v3.pdf,,2026-09-22T11:41:30+00:00,"MY25 Edition 3, Core trim. Page 4 specifies 19-inch wheels with 235/55 summer tyres for B5; page 15 gives power, masses, towing, dimensions and performance. Width in the brochure is stated only with extended/folded exterior mirrors, so width_mm is left blank. The q pair uses the manufacturer's 'running order' mass, which closes exactly with max payload and max total weight; minimum kerb mass is preserved separately in curb_mass_kg_min."
vp-f26977,Ford,Transit Passenger Van,"T-350 PFDI V6, 15-seat, medium roof, Long, RWD",2025 Transit,2025.0,US,bus,M2,Passenger Van,passenger van,4x2,RWD,RWD,2.0,1.0,ICE,3.5L PFDI naturally aspirated V6,Gasoline,3500.0,205.1,352.5,,,,,,,,,,2864.4,,,4309.1,,,1444.7,ok,single,,,15.0,,5981.7,,,2065.0,,,2519.7,,,3749.0,,,,,235/65R16C 121/119R,,,4.0,,4.696;2.985;2.146;1.769;1.520;1.275;1.100;0.854;0.689;0.636,10.0,,10-speed automatic,,,,,,,,,,,,,,,,,,,1.9827,71.6,brochure,2025 Ford Transit Technical Specifications.pdf,,2026-09-22T14:17:09+00:00,"Official Ford 2025 Transit technical specification. Passenger-van payload table: 9,500 lb GVWR and 3,185 lb max payload; curb/running mass is derived as GVWR - payload (6,315 lb), consistent with Ford's base-curb table to rounding. Pages 1-2 provide engine and 10-speed gearbox data; page 4 dimensions; pages 8-9 passenger-van payloads. Ford specifies 16-inch wheels in this document but not a tyre size/service description, so tyre_code is intentionally blank. 2025 Ford order guide states 235/65R16C 121/119 R for SRW Passenger Van configurations. The separate T-350HD DRW row is deliberately left unresolved because Ford lists configuration-dependent DRW sizes. Tyre evidence: manufacturer-model-year-configuration; https://www.fromtheroad.ford.com/content/dam/fordmediasite/us/en/library/2025/order-guides/2025_Ford_Transit_Order_Guide.pdf; locator: Tires – Single Rear Wheel (SRW), Passenger Van; secondary: https://www.ford.com/trucks/transit-passenger-van-wagon/gallery/"
vp-f7e7fd,Ford,Transit Passenger Van,"T-350 PFDI V6, 12-seat, low roof, Long, RWD",2025 Transit,2025.0,US,bus,M2,Passenger Van,passenger van,4x2,RWD,RWD,2.0,1.0,ICE,3.5L PFDI naturally aspirated V6,Gasoline,3500.0,205.1,352.5,,,,,,,,,,2741.1,,,4195.7,,,1454.7,ok,single,,,12.0,,6035.0,,,2065.0,,,2093.0,,,3749.0,,,,,235/65R16C 121/119R,,,4.0,,4.696;2.985;2.146;1.769;1.520;1.275;1.100;0.854;0.689;0.636,10.0,,10-speed automatic,,,,,,,,,,,,,,,,,,,1.8843,74.82,brochure,2025 Ford Transit Technical Specifications.pdf,,2026-09-22T14:17:09+00:00,"Official Ford 2025 Transit technical specification. Passenger-van payload table: 9,250 lb GVWR and 3,207 lb max payload; curb/running mass is derived as GVWR - payload (6,043 lb), consistent with Ford's base-curb table to rounding. Pages 1-2 provide engine and 10-speed gearbox data; page 4 dimensions; pages 8-9 passenger-van payloads. Ford specifies 16-inch wheels in this document but not a tyre size/service description, so tyre_code is intentionally blank. 2025 Ford order guide states 235/65R16C 121/119 R for SRW Passenger Van configurations. The separate T-350HD DRW row is deliberately left unresolved because Ford lists configuration-dependent DRW sizes. Tyre evidence: manufacturer-model-year-configuration; https://www.fromtheroad.ford.com/content/dam/fordmediasite/us/en/library/2025/order-guides/2025_Ford_Transit_Order_Guide.pdf; locator: Tires – Single Rear Wheel (SRW), Passenger Van; secondary: https://www.ford.com/trucks/transit-passenger-van-wagon/gallery/"
vp-c7ea35,Fiat,500,"500e 42 kWh High Range, 87 kW (118 hp)",New 500 / 500e,2022.0,UK/EU,car,M1,A-segment,hatchback,4x2,FWD,FWD,2.0,1.0,BEV,42 kWh battery electric,Electricity,,87.0,,42.0,87.0,1.0,front,87.0,,9.56,,9.56,1290.0,,,1690.0,,,400.0,ok,single,,,,,3631.0,,,1683.0,,,1529.0,,,2322.0,,,,,195/55R16 91V,,,4.0,,,1.0,,single-speed reduction,,,,,149.7,9.0,,,,,,,13.7,320.0,4.25,0.0,,,3.225,67.44,brochure,FIAT New 500 Owner Handbook 2020 + FIAT UK 500e MY22 price/specification guide,https://aftersales.fiat.com/eLumData/EN/00/332_NUOVA500/00_332_NUOVA500_603.85.160_EN_02_10.20_L_LG/00_332_NUOVA500_603.85.160_EN_02_10.20_L_LG.pdf,2026-09-22T12:39:36+00:00,"Official FIAT handbook gives 87 kW/220 Nm motor, 9.56:1 one-speed reduction, 1290 kg unladen mass, 1690 kg maximum permitted total mass, 400 kg payload including driver, 3631 x 1683 x 1529 mm dimensions and 195/55 R16 91V as one factory tyre size. FIAT UK MY22 data gives 42 kWh battery, 93 mph top speed, 9.0 s 0-62 mph, 13.7 kWh/100 km and up to 320 km WLTP range."
vp-7bb5ad,Toyota,Aygo X,1.0 VVT-i 5-speed manual,Aygo X,2022.0,UK/EU,car,M1,A-segment,crossover hatchback,4x2,FWD,FWD,2.0,1.0,ICE,1.0 VVT-i petrol,Gasoline,998.0,53.0,93.0,,,,,,,,,,978,940.0,1015.0,1360.0,,,382.0,ok,single,,,,,3700.0,,,1740.0,,,1525.0,,,2430.0,,,,,175/65R17,,,4.0,4.294,3.545;2.047;1.310;1.027;0.850,5.0,,5-speed manual,,0.319,,,157.7,15.6,,,,,,,,,,109.0,,,2.5602,54.19,web-cited,"Toyota Aygo X technical specifications, Toyota Media Site",https://media.toyota.co.uk/the-all-new-toyota-aygo-x-a-new-generation-of-accessible-style-and-fun/,2026-09-22T12:39:36+00:00,"Official launch technical table. Kerb mass is published as a 940-1015 kg range, so no single payload or q is manufactured from it. Factory tyre sizes are 175/65R17 or 175/60R18; 175/65R17 is stored as the representative tyre_code."
vp-5beedd,BMW,3 Series,"320i M Sport Saloon, 8-speed automatic",G20/G20 LCI,2026.0,UK/EU,car,M1,D-segment,sedan,4x2,RWD,RWD,2.0,1.0,ICE,320i 2.0 TwinPower Turbo petrol,Gasoline,1998.0,135.0,300.0,,,,,,,,,,1590.0,,,2070.0,,,480.0,ok,single,,,,1600.0,4713.0,,,1827.0,,,1440.0,,,2851.0,,,,,,,,4.0,,,8.0,,8-speed automatic,,,,,235.0,7.4,,,,,,,,,,,,,3.3125,84.91,web-cited,BMW UK 3 Series Saloon technical data,https://www.bmw.co.uk/en/all-models/3-series/3-series-saloon/bmw-3-series-saloon-technical-data.html,2026-09-22T12:39:36+00:00,"Current 320i representative for the long-running 3 Series model line. BMW lists 1590 kg curb, 2070 kg permissible gross and a separate 555 kg payload figure. Because that payload uses a different mass convention and does not close with the quoted curb/GVW pair, this project stores 480 kg = GVW-curb for the internally consistent q calculation and records the published 555 kg here."
vp-da7737,Volkswagen,T-Roc,"1.5 eTSI 150 PS, 7-speed DSG",2nd generation,2026.0,UK/EU,car,M1,B-SUV,SUV,4x2,FWD,FWD,2.0,1.0,Hybrid,1.5 eTSI mild-hybrid petrol,Gasoline,1498.0,110.0,250.0,,,,,,,,,,1465.0,,,1980.0,,,515.0,ok,single,,,,1500.0,4372.0,,,1828.0,,,1573.0,,,2629.0,,,,,,,,4.0,,,7.0,,7-speed DSG,,,,,212.4,8.9,,,,,,,,,,,,,2.8447,75.09,web-cited,Volkswagen UK new T-Roc technical data,https://www.volkswagen.co.uk/en/new/t-roc.html,2026-09-22T12:39:36+00:00,"Current 150 PS representative. Volkswagen publishes 1465 kg unladen and 1980 kg GVW; project payload is derived as 515 kg for a closed mass pair. The current technical page does not state a tyre size for the exact 150 PS configuration, so tyre_code is intentionally left blank."
vp-dfac45,Peugeot,2008,"Active Premium 1.2 PureTech 100 S&S, 6-speed manual",2nd generation,2022.0,UK/EU,car,M1,B-SUV,SUV,4x2,FWD,FWD,2.0,1.0,ICE,1.2 PureTech 100 petrol,Gasoline,1199.0,74.0,205.0,,,,,,,,,,1188.0,,,1710.0,,,522.0,ok,single,,,5.0,1200.0,4300.0,,,1770.0,,,1550.0,,,2605.0,,,,,215/65R16 H,,,4.0,,,6.0,,6-speed manual,,,,,,,,,,,,,,,,,,,2.2759,62.29,brochure,"Peugeot 2008 UK Price & Specification Guide, MY2022 v10.2",https://www.peugeot.co.uk/content/dam/peugeot/uk/b2c/buy/price-and-spec-guides/pdfs/2008-price-spec-guide.pdf,2026-09-22T12:39:36+00:00,"Official MY2022 brochure. For the first petrol/manual column the brochure gives 1199 cc, 74 kW, 205 Nm, 1188 kg kerb, 1710 kg GVW, 1200 kg braked towing and 215/65 R16 H tyres. Project payload is derived as 522 kg = GVW-curb."
vp-a59e0f,Renault,Captur,"techno TCe 90 MY26, 6-speed manual",2nd generation facelift,2026.0,UK/EU,car,M1,B-SUV,SUV,4x2,FWD,FWD,2.0,1.0,ICE,TCe 90 petrol,Gasoline,999.0,67.0,160.0,,,,,,,,,,1251.0,,,1730.0,,,479.0,ok,single,,,5.0,1200.0,4239.0,,,,,,1575.0,,,2639.0,,,,,215/55R18 95H,,,4.0,,,6.0,,6-speed manual,,,,,167.4,14.3,,,,,,,,,,,,,2.6117,53.56,web-cited,"Renault UK Captur configurator, techno TCe 90 MY26",https://www.renault.co.uk/hybrid-cars/captur/configurator.html,2026-09-22T12:39:36+00:00,Official configurator gives 1251 kg kerb excluding driver and 1730 kg GVW. It separately prints maximum payload including driver as 404 kg; the 75 kg difference is a mass-definition convention. Project payload is 479 kg = GVW-curb so q uses a closed pair. Width is not stored because the page reports width with mirrors folded/extended rather than a body width.
vp-f5d8f1,Dacia,Duster,"Expression mild hybrid 140 MY26, 6-speed manual",3rd generation,2026.0,UK/EU,car,M1,B-SUV,SUV,4x2,FWD,FWD,2.0,1.0,Hybrid,1.2 mild hybrid 140,Gasoline,1199.0,103.0,230.0,,,,,,,,,,1370.0,,,1830.0,,,460.0,ok,single,,,5.0,1500.0,4343.0,,,,,,1616.0,,,2657.0,,,,,215/65R17,,,4.0,,,6.0,,6-speed manual,,,,,180.2,9.4,,,,,,,,,,125.0,,,2.9783,75.18,web-cited,"Dacia UK Duster technical data, mild hybrid 140 MY26",https://www.dacia.co.uk/hybrid-and-electric-range/duster-suv/compare-specifications.html,2026-09-22T12:39:36+00:00,"Official page gives 1370 kg kerb excluding driver and 1830 kg GVW. It also displays a 528 kg 'maximum payload (including driver)' figure which does not reconcile with those two masses. For dataset consistency, payload_kg is the explicit derived difference 460 kg; the source discrepancy is preserved here. Width is not stored because only mirror-folded/extended widths are published."
vp-889d38,Nissan,Qashqai,"DIG-T 158 mild hybrid, 2WD manual (grade range)",J12 facelift,2025.0,UK/EU,car,M1,C-SUV,SUV,4x2,FWD,FWD,2.0,1.0,Hybrid,1.3 DIG-T 158 mild hybrid,Gasoline,1332.0,116.0,260.0,,,,,,,,,,1389,1345.0,1433.0,1905.0,,,516.0,ok,single,,,5.0,1680.0,4425.0,,,1835.0,,,1625.0,,,2665.0,,,,,215/65R17,,,4.0,,,6.0,,6-speed manual,,,,,206.0,9.5,,,,,,,,,,,,,2.6919,83.51,brochure,"Nissan Qashqai UK brochure, technical specifications",https://www.nissan.co.uk/content/dam/Nissan/gb/brochures/Vehicles/Nissan_Qashqai_UK.pdf,2026-09-22T12:39:36+00:00,"Official brochure publishes a 1345-1433 kg kerb range for the manual mild-hybrid and 1905 kg GVW, so the record remains model_scope=range and q is intentionally blank. Grade-dependent tyres include 215/65 R17, 235/55 R18, 235/50 R19 and 235/45 R20; 215/65R17 is stored as the base representative size."
